"site","date","fsc_dry","fsc_carbon","fsc_nitrogen","fsc_fraction_canopy","frond_density","plant_density","surface_irradiance","bottom_irradiance","subsurface_irradiance","plant_loss_rate","frond_loss_rate","cut_frond_loss_rate","blade_loss_rate","dissolved_loss_rate","carbon_lost_as_plants","carbon_lost_as_fronds","carbon_lost_as_cut_fronds","carbon_lost_as_blades","carbon_lost_as_dissolved","se_fsc_dry","se_fsc_carbon","se_fsc_nitrogen","se_fsc_fraction_canopy","se_frond_density","se_plant_density","se_plant_loss_rate","se_frond_loss_rate","se_cut_frond_loss_rate","se_blade_loss_rate","se_dissolved_loss_rate","se_carbon_lost_as_plants","se_carbon_lost_as_fronds","se_carbon_lost_as_cut_fronds","se_carbon_lost_as_blades","se_carbon_lost_as_dissolved","date_max_wave","Max_Hs_m"
"ABUR","2002-05-10",1.0929264617,0.2174719576,0.0227319785,0.5456466238,8.5125,0.26875,793.70811464,25.004886178,172.84701799,-99999,-99999,0,-99999,-99999,-99999,-99999,-99999,-99999,-99999,0.1012938059,0.0011040635,0.0058876411,0.002706555,0.7867630274,0.0080251217,-99999,-99999,0,-99999,-99999,-99999,-99999,-99999,-99999,-99999,-99999,-99999
"ABUR","2002-06-12",1.115681165,0.3510262613,0.0273093068,0.5564014845,7.2333333333,0.26875,844.46679888,27.468323151,175.0739601,0,0.0154740686,0.0004724036,0.0125938563,0.0041361267,0,0.0043163466,0.0001317726,0.0035129383,0.0011537338,0.1585237341,0.0291845769,0.0058932765,0.0035048983,0.7338680259,0.0346917273,0,0.0078628555,0.0002115737,1.59785e-05,0.0003283634,0,0.002332141,5.10999e-05,0.000166105,0.0001441446,"2002-05-31",0.36
"ABUR","2002-07-12",0.950074044,0.2806377414,0.0165383043,0.6202126252,5.525,0.15,813.14596156,26.323587843,167.84663772,0,0.0092633979,0,0.0129163846,0.0035006398,0,0.0029135274,0,0.0040624661,0.0011010225,0.2290647192,0.0519153294,0.0068520812,0.0009191972,0.8505882386,0.0258238463,0,0.0052482215,0,0.0009387831,0.000133427,0,0.0014961745,0,0.000460003,8.32734e-05,"2002-07-02",0.92
"ABUR","2002-08-09",1.2837070341,0.4045937697,0.0295740755,0.5562421477,8.2520833333,0.2291666667,804.20309487,37.361437805,180.20712755,0,0.0061436487,0,0.012847818,0.0034790718,0,0.0020817469,0,0.0043534236,0.0011788674,0.2720600031,0.095108169,0.0051229669,0.0079294006,0.7839202864,0.0081252441,0,0.0002599342,0,0.0024931941,0.0002356478,0,0.0001651747,0,0.0018342063,0.000311087,"2002-07-30",1.02
"ABUR","2002-09-10",1.0583005939,0.3083803424,0.021513742,0.5524195834,8.1895833333,0.21875,761.44471993,38.19112484,176.08683812,0,0.0114815309,0,0.0125327099,0.0033098145,0,0.0040680499,0,0.0044404958,0.0011727087,0.1209776011,0.0027530815,0.0012576094,0.0147894826,0.5541595541,0.0032044585,0,0.0039407842,0,0.0002555782,0.0001545958,0,0.0018456655,0,0.0006729341,0.0001964974,"2002-08-11",1.01
"ABUR","2002-10-11",1.5680620251,0.3899799372,0.0364349903,0.5719914844,10.327083333,0.2958333333,684.20293125,46.335921205,168.376722,0,0.0109211128,1.20958e-05,0.0124627232,0.0035917033,0,0.0037960176,4.2043362e-06,0.0043318586,0.001248423,0.1050541743,0.0524114851,0.0058862089,0.0025436995,0.8174692039,0.0099823752,0,0.0019445701,4.0342676e-07,0.0007241153,0.0003379115,0,0.000970157,1.3755244e-07,0.0005137664,3.94369e-05,"2002-09-17",1.14
"ABUR","2002-11-21",0.3058609151,0.0812633192,0.0067413725,0.4737244334,2.4666666667,0.0979166667,578.69072883,41.057855319,141.06939179,0.0086993889,0.0254228444,0.0002816549,0.0121700508,0.0034089184,0.0017123469,0.0050041136,5.54396e-05,0.0023954958,0.0006709955,0.07036454,0.0148476886,0.0010728786,0.0169319566,0.3125014863,0.0089316893,0.0081059208,0.0062819647,6.94461e-05,0.0005965712,0.0001347805,0.0014270306,0.0011764904,1.17292e-05,8.10569e-05,1.77644e-05,"2002-11-09",1.53
"ABUR","2002-12-09",0.4235980579,0.1103193182,0.0079310516,0.5707782281,2.7166666667,0.1,533.47905732,26.29791898,128.67313527,0,0.0144765686,0,0.0121109294,0.0030556538,0,0.0013760312,0,0.0011511718,0.0002904469,0.042463474,0.0093358721,0.0028097724,0.0052334951,0.1695568975,0.0174484659,0,0.0070069335,0,0.000434464,5.10237e-05,0,0.0008105523,0,0.0001248215,4.01639e-05,"2002-11-24",1.01
"ABUR","2003-01-16",0.0708086093,0.0174765035,0.0013614062,0.4996896163,0.4833333333,0.0104166667,511.33830594,13.876918561,108.80209707,0.0316834949,0.0223967184,0,0.0124658502,0.0030746997,0.0015964994,0.0011285481,0,0.0006281416,0.000154931,0.027614778,0.0089272679,0.0005547701,0.0408158934,0.140790949,0.0006291143,0.0204430579,0.0096414011,0,0.0019066388,3.81345e-05,0.0007334816,0.0008013273,0,0.0002716678,3.85002e-05,"2002-12-17",1.7
"ABUR","2003-02-18",0.1242298524,0.0341408583,0.0019447891,0.4918760178,0.8520833333,0.0125,563.53925397,12.887569292,113.80208468,0.0055248957,0.0152207513,0,0.0122451013,0.0029881103,0.0001374905,0.000378778,0,0.0003047271,7.4361e-05,0.0280520941,0.0060229079,0.0004120878,0.0368766037,0.2196173618,0.0011797565,0,0.0012484567,0,0.0004845339,1.26356e-05,2.10537e-05,9.59343e-05,0,0.0001073511,2.33459e-05,"2003-01-24",1.49
"ABUR","2003-03-06",0.2234072649,0.0686776707,0.0037167172,0.5449860379,1.3770833333,0.0291666667,618.97380594,18.828882697,131.63256061,0,0.0194898323,0,0.0122155833,0.0029103477,0,0.0009630684,0,0.0006036195,0.0001438116,0.0009749528,0.0075041748,0.0021236001,0.0056355357,0.0137558302,0.0006554513,0,3.96537e-05,0,0.001202297,0.0002637006,0,2.15805e-05,0,6.13547e-05,1.91467e-05,"2003-02-26",1.44
"ABUR","2003-04-10",0.1330385937,0.0361089026,0.0033187261,0.4913024473,1.01875,0.025,734.0385577,28.358078274,156.10094123,0.0101907127,0.0348157164,0,0.0123611357,0.0032398242,0.0005162652,0.0017637767,0,0.0006262196,0.0001641307,0.0403982519,0.0079160749,0.0007508464,0.0002250968,0.3384425833,0.0036517371,0.0058120556,0.0148163134,0,0.0002249385,0.000369058,0.0003245585,0.0008101248,0,4.42972e-05,3.06404e-05,"2003-03-16",1.59
"ABUR","2003-05-12",0.0745916317,0.0236747062,0.0021391496,0.465651385,0.65,0.0208333333,794.34647239,24.684930361,172.13364648,0.011146092,0.0124882301,0,0.0118398524,0.0033486056,0.0003283158,0.0003678495,0,0.000348751,9.86355e-05,0.010518569,0.0026069118,0.0006178558,0.0069463915,0.0912190934,0.0019921457,0.0112877582,0.0004579469,0,0.0009660598,0.0001138797,0.00039019,1.40448e-05,0,4.89341e-05,2.6925193e-06,"2003-04-18",1.27
"ABUR","2003-06-11",0.0955552175,0.0313900074,0.0031168264,0.2912774528,0.95,0.03125,850.38638273,27.941740763,176.33621664,0.0044510464,0.0080605421,0,0.0118056369,0.00273668,0.0001217416,0.0002204658,0,0.0003228987,7.48516e-05,0.0143420635,0.0053469058,6.13913e-05,0.0068823466,0.0917749038,0.005338577,0,0.0019250724,0,0.0003646831,0.0003072576,3.72521e-05,2.37029e-05,0,5.80025e-05,1.83608e-05,"2003-05-18",1.02
"ABUR","2003-07-08",0.1014835233,0.0344025718,0.0014272885,0.4941726471,0.8791666667,0.0541666667,809.89093528,24.255891748,165.43445209,0.0106548916,0.0144068485,0,0.0118512148,0.002653921,0.0003502613,0.0004736005,0,0.0003895884,8.72431e-05,0.0024476109,0.0021026249,0.0002396103,0.0710327987,0.113356936,0.0052005476,0,0.0054083513,0,0.0002358996,3.38985e-05,8.6139855e-06,0.0001360766,0,1.12403e-05,5.8874515e-06,"2003-07-07",1.2
"ABUR","2003-08-05",0.0848964898,0.0269170602,0.0018100711,0.3417695264,0.9354166667,0.0583333333,808.63986868,38.887681522,181.21360743,0.0037628756,0.0117042361,0,0.0113690617,0.0028173396,0.0001147937,0.0003570601,0,0.0003468349,8.59483e-05,0.0062079822,0.0011506678,2.35584e-05,0.0164341457,0.0644378775,0.0031701154,0.0026607548,0.0001306152,0,0.0012424844,0.000219036,9.17498e-05,4.1073164e-06,0,4.86914e-05,6.0003682e-06,"2003-07-09",0.89
"ABUR","2003-09-03",0.0596082313,0.0193828988,0.0016955397,0.2798616065,0.7916666667,0.0833333333,771.64137931,36.949186184,177.2650163,0,0.009278707,0,0.0108646456,0.0025158442,0,0.0002128924,0,0.0002492804,5.7724e-05,0.0106253842,0.0021345905,0.0002832596,0.0332920563,0.0509579863,0.0082850294,0,0.0046502101,0,0.0001102393,2.12302e-05,0,0.0001081425,0,2.21459e-05,5.2726048e-06,"2003-08-15",0.97
"ABUR","2003-10-01",0.1120428853,0.0406006787,0.0026050497,0.2979840012,1.3270833333,0.1145833333,696.19211738,43.984071698,170.0219745,0.0071668106,0.0076597474,0,0.0105897619,0.0021472412,0.0002056602,0.0002198056,0,0.0003038858,6.16176e-05,0.0038170281,0.0013171137,0.0003996269,0.0032981929,0.1125883001,0.0005827422,0.0050677003,0.0021433911,0,0.0006732841,7.12593e-05,0.0001449598,5.53342e-05,0,3.21191e-05,4.4590249e-06,"2003-09-24",1.08
"ABUR","2003-11-13",0.0769718208,0.0212700057,0.001227687,0.2673204892,0.90625,0.0666666667,607.69470529,44.374230708,148.4748091,0.0051893849,0.0166138143,0,0.0104527142,0.0021241676,0.0001551683,0.0004967714,0,0.0003125477,6.3515e-05,0.0203742993,0.0037488681,0.0005432255,0.0246900165,0.1579622036,0.0096982747,0.0133352152,0.0056969293,0,0.0011918854,0.0002227185,0.0004254073,0.000211567,0,6.14661e-05,1.17721e-05,"2003-10-24",1.24
"ABUR","2003-12-05",0.1012514686,0.0276738385,0.0027875438,0.286940634,1.2541666667,0.08125,543.53773273,28.866655122,131.0951218,0.0053537743,0.0150107539,0,0.0102502167,0.0023809028,0.0001302661,0.0003652361,0,0.0002494045,5.79313e-05,0.0094988873,0.0009338957,0.0001269652,0.0338843593,0.0093495153,0.0024648837,0.0042918615,0.0018923572,0,0.0004369755,0.0003204526,8.87697e-05,3.3431584e-06,0,1.21395e-05,1.38606e-05,"2003-11-17",0.95
"ABUR","2004-01-09",0.1126624425,0.0294401521,0.0029105801,0.3781307589,1.075,0.0583333333,512.06405082,15.590470919,111.887498,0.0082194878,0.014578266,0,0.0111660282,0.0024647125,0.000234649,0.0004161787,0,0.0003187665,7.03623e-05,0.004671302,0.003094681,0.0002437462,0.0090981086,0.0108451981,0.0033101665,0.0036834517,0.0016397024,0,0.0002559008,0.0001669333,8.21807e-05,1.3625e-05,0,1.55893e-05,1.00184e-05,"2003-12-11",1.4
"ABUR","2004-02-06",0.0731969431,0.0192864827,0.0017673031,0.4740092987,0.58125,0.0375,536.34949847,11.504850085,107.89329668,0.0182437723,0.0184502504,0,0.0120810222,0.0027333655,0.0004379691,0.000442926,0,0.0002900231,6.56185e-05,0.0106445282,0.0013758432,0.0002297581,0.0010742907,0.0067500276,0.0041793329,0.0141324328,0.0072752073,0,0.0012153842,0.0001101986,0.0003114276,0.0002275149,0,5.54832e-05,9.0649633e-06,"2004-01-16",1.31
"ABUR","2004-03-08",0.010554569,0.0025468272,0.0002025115,0.1658348033,0.1916666667,0.0125,612.82945067,16.975349177,127.00882637,0.0223595865,0.0093825748,0,0.0104613205,0.0030209419,0.0002318928,9.73073e-05,0,0.0001084951,3.13304e-05,0.0033485309,0.0007283922,2.15915e-05,0.0005593696,0.0488450913,0.0009850923,0.010720734,0.0007681871,0,0.0004711497,2.70821e-05,0.0001196969,1.82037e-05,0,3.0286802e-06,2.4765364e-06,"2004-02-27",1.6
"ABUR","2004-04-12",0.001993056,0.000468897,3.43533e-05,0.3570965785,0.025,0.0020833333,739.82507072,29.084645994,158.90625966,0,0.0142305588,0,0.0104509303,0.0028336205,0,2.32679e-05,0,1.70879e-05,4.6331524e-06,0.0003031471,0.0001153411,3.3044607e-06,0.0921479219,0.0050500849,0.0004090976,0,0.0068717778,0,9.35077e-05,3.76917e-05,0,1.36281e-05,0,3.3545599e-06,9.4822995e-07,"2004-03-31",1.23
"ABUR","2004-05-19",0.0015603735,0.0003952053,3.5241e-05,0,0.0354166667,0.0125,806.30533863,26.375000142,175.04996354,0.0033827876,0.0125289166,0,0.0079980274,0.0029683225,1.4579871e-06,5.399984e-06,0,3.4471632e-06,1.2793519e-06,0.0001706131,2.847928e-06,6.5711144e-06,0,0.0033616738,0.0014821989,0.0027347994,0.001372627,0,0.0003724524,0.0004766351,1.527753e-06,1.2687031e-06,0,2.5369367e-07,5.8145504e-08,"2004-04-21",1.25
"ABUR","2004-06-16",0.0021272394,0.0005638924,5.21188e-05,0.0597448946,0.05,0.01875,829.77953898,25.140772536,169.77625075,0.0024640311,0.014289274,0,0.0045526154,0.0022305577,1.169337e-06,6.7811548e-06,0,2.1605009e-06,1.0585392e-06,0.0006270593,0.0001888516,1.66767e-05,0.0685645528,0.008301761,0.0019691754,0.003613842,0.0093354264,0,0.0003725619,0.0003210152,1.109276e-06,4.6762862e-06,0,3.1114296e-07,1.1083983e-07,"2004-06-10",1.14
"ABUR","2004-07-06",0.0062848377,0.0016660633,0.0001128523,0,0.2333333333,0.0770833333,828.78415066,24.15661562,167.0439677,0,0.0118223649,0,0.0045526154,0.0021139324,0,1.20277e-05,0,4.6316846e-06,2.1506469e-06,0.0031511741,0.0007921114,7.7473e-05,0,0.0646411496,0.0129153086,0,0.0005048268,0,0.000575704,7.28666e-05,0,5.3158395e-06,0,1.4474685e-06,9.5601235e-07,"2004-06-27",0.83
"ABUR","2004-08-05",0.0191432928,0.0057541891,0.0003047696,0.0132779342,0.5125,0.1875,810.01876859,38.476535923,181.03666045,0,0.0167963753,0,0.0039637853,0.0019612853,0,5.53995e-05,0,1.30738e-05,6.468907e-06,0.0062442284,0.0014704867,0.0001368967,0.0042561522,0.1934344984,0.0445560291,0,0.0066673308,0,0.0002679268,0.000298184,0,3.23616e-05,0,5.2745943e-06,2.8962563e-06,"2004-07-21",0.87
"ABUR","2004-09-07",0.0314969248,0.0092389365,0.0003386245,0.1509108994,0.5354166667,0.1041666667,765.62046425,36.502608871,175.71510277,0.0022456961,0.0316227133,0,0.0056693151,0.0021420254,1.65274e-05,0.0002327296,0,4.17237e-05,1.57644e-05,0.0082891808,0.0035582644,1.40391e-05,0.0275240735,0.0876577961,0.0024511665,0,0.0040610701,0,0.0002838054,0.0001224054,0,0.0001072179,0,1.43981e-05,5.9111095e-06,"2004-09-03",1.11
"ABUR","2004-10-07",0.0491383963,0.0136159523,0.0007170354,0.1836346065,0.9083333333,0.1458333333,689.51547951,45.464456747,169.52752051,0.0029003792,0.0148034424,0,0.0078626938,0.002344889,3.27347e-05,0.0001670767,0,8.8741e-05,2.64652e-05,0.0002562896,0.0001264382,8.86342e-05,0.0033828994,0.0108035218,0.0009245099,0.0022464825,0.0008933774,0,0.000625336,4.40361e-05,3.35656e-05,3.1974e-05,0,2.27583e-05,3.9050182e-06,"2004-09-19",1.14
"ABUR","2004-11-10",0.128222879,0.0358816422,0.0012020849,0.1987863469,1.78125,0.2083333333,603.88176059,44.430316643,147.28421599,0.0025591581,0.0186221098,0,0.0091060775,0.002268913,5.88053e-05,0.0004279062,0,0.000209243,5.2136e-05,0.0392082279,0.0097109274,0.0002110281,0.0169176527,0.4082878959,0.03453562,0.0037917885,0.0068182304,0,1.89175e-05,0.0002288995,7.06555e-05,0.0002118565,0,3.38963e-05,1.24619e-05,"2004-11-04",1.21
"ABUR","2004-12-03",0.1025376604,0.0292994348,0.0014263811,0.2549824386,1.2833333333,0.1395833333,540.01171784,31.41567099,131.68423049,0,0.0130412326,0.0002332929,0.0100760109,0.0021882543,0,0.0004235721,7.5772264e-06,0.0003272633,7.10733e-05,0.0240861877,0.0065068203,0.0002558788,0.0176613145,0.3009364234,0.0211578694,0,0.0027383237,7.1077005e-06,0.0005791909,8.0842147e-06,0,0.0001144692,1.235666e-07,2.502221e-06,3.3324672e-06,"2004-11-20",0.89
"ABUR","2005-02-08",0.0264871395,0.0061027492,0.0003222521,0.099611493,0.38125,0.0333333333,523.1896242,14.139413297,110.5278923,0.0042937623,0.0158238446,0,0.0093045044,0.002167483,6.34875e-05,0.0002339712,0,0.0001375763,3.20484e-05,0.0084733453,0.0020899055,7.06843e-05,0.0268096489,0.1189018964,0.0041536633,0.0023550197,0.001922903,0,0.000336217,0.0001357885,3.87167e-05,2.91398e-05,0,4.3214738e-06,2.469009e-06,"2005-01-08",2.18
"ABUR","2005-03-17",0.0107886884,0.0029103566,0.0001374543,0.0617276573,0.21875,0.0166666667,645.77091437,18.679053161,132.74182346,0.0109585164,0.0156223015,0,0.0072255745,0.002299607,4.72459e-05,6.73531e-05,0,3.11519e-05,9.9143928e-06,0.0026622207,0.0011446873,3.65647e-05,0.0048099876,0.0129403035,0.0002140678,0.0060859674,0.0063120466,0,0.0006430337,0.0001370472,1.75793e-05,1.15325e-05,0,1.50312e-05,3.9783492e-06,"2005-02-22",1.49
"ABUR","2005-04-20",0.0449707786,0.0130944931,0.0009992728,0.3809576021,0.44375,0.0208333333,754.94465382,30.934784292,166.83954391,0,0.0077317814,0,0.0087469921,0.0027805232,0,5.23577e-05,0,5.92324e-05,1.8829e-05,0.0076591523,0.0024703583,0.0002303434,0.0508277047,0.0551033593,0.0001235653,0,0.0057421822,0,0.0003860488,0.0003076698,0,3.84164e-05,0,4.6163213e-06,1.5609678e-06,"2005-03-21",1.21
"ABUR","2005-05-10",0.0267430027,0.0071600834,0.0007369585,0.0907695868,0.44375,0.01875,798.59084264,22.017698665,169.98843987,0,0.015545492,0,0.0091000278,0.0027548833,0,0.0001567168,0,9.1739e-05,2.77725e-05,0.002684663,1.22389e-05,0.0003206551,0.0184694664,0.0420531615,0.0005298395,0,0.0005798795,0,2.14028e-05,0.0001077201,0,3.34952e-05,0,1.49932e-05,5.1852644e-06,"2005-05-10",1.09
"ABUR","2005-06-09",0.0606697668,0.0154480844,0.0016953444,0.4893478351,0.5708333333,0.01875,857.9805513,27.450382039,176.51002831,0.0029003792,0.0141888564,0,0.0093089537,0.0034784066,3.12607e-05,0.0001529296,0,0.0001003333,3.74908e-05,0.0130939385,0.0020643341,0.0005900672,0.0385853796,0.1034989134,0.0026414018,0.0024833712,0.0087400738,0,0.0005822758,0.0004139564,2.04942e-05,7.9761e-05,0,1.36055e-05,7.6396132e-06,"2005-05-21",1.34
"ABUR","2005-07-05",0.053394544,0.0135696103,0.0012515661,0.4531972029,0.5166666667,0.0541666667,800.03977874,23.894400956,164.00805023,0.0036657761,0.0081555576,0.0002469741,0.0117592953,0.0037549366,5.31118e-05,0.0001181623,3.5782981e-06,0.0001703752,5.44036e-05,0.0159425245,0.0037593348,0.0002340805,0.0646762432,0.0776666706,0.0062306392,0,0.0036154228,3.08663e-05,0.0009642483,0.0003042442,1.09728e-05,2.44869e-05,5.040492e-07,4.99786e-05,1.65562e-05,"2005-06-11",1.19
"ABUR","2005-08-08",0.0494827184,0.0130534376,0.0008147702,0.1487106843,1.1145833333,0.2708333333,808.04893169,37.275032791,180.22676566,0,0.0104545298,0,0.0096153657,0.0031779487,0,0.0001391483,0,0.0001279791,4.2298e-05,0.0089800866,0.0029887914,3.1115018e-07,0.0117557889,0.0355867774,0.0051625625,0,0.0013029825,0,0.0004166405,0.0002878447,0,2.08737e-05,0,8.6207328e-06,4.800748e-06,"2005-07-15",0.97
"ABUR","2005-09-13",0.0435030108,0.0120228986,0.0004420895,0.1340943655,0.99375,0.2479166667,752.25008829,37.795248194,175.14721579,0,0.0233750568,0,0.0073328622,0.0024561744,0,0.0002929153,0,9.18889e-05,3.07786e-05,0.0015044705,0.0004392905,1.92081e-05,0.0192076774,0.0200296485,0.0056284351,0,0.0026270094,0,0.0002062113,0.0001135142,0,1.8878472e-06,0,1.17184e-05,4.0892173e-06,"2005-08-30",1
"ABUR","2005-10-11",0.1000699036,0.0273676245,0.0012195426,0.1769150558,1.875,0.3895833333,687.8883618,47.43093479,168.80433696,0.0023049472,0.017489951,0.0008002408,0.0075293251,0.002406731,4.29991e-05,0.0003262771,1.49286e-05,0.0001404605,4.48979e-05,0.0249958315,0.0046495394,0.0002700391,0.0197749328,0.3771598879,0.0483502427,0.0033721769,0.002590897,0.0002562255,0.0001257343,0.0003892208,5.49483e-05,1.48921e-05,5.1825721e-06,1.14111e-05,9.8727386e-06,"2005-10-09",1.26
"ABUR","2005-11-04",0.0992907798,0.0273280862,0.0010655617,0.0938960595,1.7458333333,0.31875,593.60134642,41.216553601,144.34088782,0.002689105,0.0154213942,0.0019173025,0.0070254386,0.0021842292,7.35412e-05,0.000421742,5.24341e-05,0.0001921306,5.9734e-05,0.0238318207,0.0076844917,7.18683e-05,0.0067339049,0.3382435678,0.02287983,0,0.0001201902,0.0001220007,7.50606e-05,0.0002276481,0,1.35721e-05,4.1462967e-06,2.3693238e-06,4.2646294e-06,"2005-10-15",1.03
"ABUR","2005-12-05",0.13266018,0.0360801988,0.0017585789,0.0927367633,2.1020833333,0.29375,547.9246575,34.774739113,133.43159396,0.0020818878,0.0065648442,0.0005168317,0.0066034803,0.0020262705,6.55831e-05,0.0002068042,1.62811e-05,0.0002080213,6.38311e-05,0.0029107646,0.0025453442,0.0001950491,0.0059946475,0.0360003794,0.0298266537,0.0032641154,0.0040580805,8.5017e-05,0.0005190836,0.0002790046,0.0001021148,0.0001286678,1.2967914e-06,1.6613485e-06,1.63e-05,"2005-11-26",1.38
"ABUR","2006-01-24",0.0163270985,0.0048621428,0.000321945,0.1401137162,0.2854166667,0.0395833333,515.50716714,14.034410566,109.71569434,0.0081093022,0.0226197423,0,0.0078985998,0.0019124175,0.000126309,0.0003523209,0,0.0001230271,2.97875e-05,0.000312421,0.0002492632,2.35257e-05,0.0264251066,0.0387584033,0.0011163674,0.0011319748,0.0079346715,0,3.07803e-05,0.00016797,2.0642e-05,0.0001399055,0,2.3269785e-06,2.4132054e-06,"2005-12-21",2.54
"ABUR","2006-02-21",0.0350280962,0.0096139378,0.0004915827,0.377837241,0.4270833333,0.0395833333,573.25567295,14.090923325,116.6425031,0.0047689783,0.0151522425,0,0.0097206641,0.0023832318,3.32405e-05,0.0001056135,0,6.77545e-05,1.66115e-05,0.0062430924,0.002022905,1.7434953e-06,0.0280762123,0.0074125215,0.0006899732,0.0033721769,0.0015035291,0,0.0006553532,0.0001099737,1.87823e-05,5.1973711e-06,0,5.3672671e-06,1.6589679e-06,"2006-02-16",1.19
"ABUR","2006-03-14",0.023061158,0.0059199149,0.0006022571,0.0738483586,0.4208333333,0.03125,664.79066507,18.807526128,136.59652235,0.0063586377,0.0065330588,0,0.0083195374,0.002596422,4.84416e-05,4.97704e-05,0,6.33802e-05,1.97802e-05,0.0018089482,0.0008194376,0.0002673211,0.0163466157,0.0342474137,0.0004689067,0,0.0019990975,0,0.0002307238,4.44956e-05,2.0246758e-06,1.80894e-05,0,7.0274545e-06,1.9976902e-06,"2006-02-28",1.15
"ABUR","2006-04-10",0.0497412708,0.0125439655,0.0012050478,0.4105973657,0.4375,0.0208333333,738.23357305,31.285316126,160.89503219,0.0150172262,0.0137321577,0,0.0088364836,0.0030573681,0.0001324711,0.0001211351,0,7.7949e-05,2.69699e-05,0.0006627428,7.68056e-05,2.58706e-05,0.0432153366,0.0102994406,0.0005247407,0.0024960916,0.0001541219,0,0.0003320034,0.0004391103,1.46599e-05,6.5384155e-06,0,1.079271e-06,2.125409e-06,"2006-04-05",1.9
"ABUR","2006-05-02",0.0301747305,0.0086757937,0.0006129617,0.2889334837,0.4645833333,0.0270833333,775.51468095,26.734005008,173.1468493,0,0.0067994288,0,0.0109461901,0.0031965284,0,7.13348e-05,0,0.0001148397,3.35357e-05,0.0031830071,0.0005067732,0.0001307783,0.0001421482,0.0905484957,0.0038540499,0,0.00206924,0,0.0007439631,0.0002627248,0,1.84053e-05,0,1.09706e-05,3.6496299e-06,"2006-04-18",1.21
"ABUR","2006-06-07",0.0224790786,0.0075686031,0.0004292278,0.1972037319,0.3458333333,0.01875,860.25146299,26.522648516,176.88421695,0.0141896007,0.0141002926,0.0028230711,0.0094641806,0.0025364471,0.0001150721,0.0001143478,2.2894e-05,7.67508e-05,2.05696e-05,0.0089001408,0.0034698351,0.0002735125,0.0445363636,0.0528387415,0.0017512717,0.0115452205,0.0009156916,0.0003471447,0.0002548893,1.74097e-05,6.20597e-05,1.30878e-05,7.620217e-06,1.69487e-05,3.912111e-06,"2006-05-27",1.29
"ABUR","2006-07-01",0.0192454228,0.0062472559,0.0002251427,0.057452503,0.3875,0.0291666667,798.04434035,22.745510069,163.02772852,0.0033351128,0.0067304789,0.0021018051,0.0070077294,0.0019673418,2.29683e-05,4.63516e-05,1.44747e-05,4.82609e-05,1.35487e-05,0.0042071228,0.0018335013,7.7323666e-06,0.0070502272,0.102721699,0.0004473089,0.0025635973,0.001124087,0.0002708671,0.0005724194,5.05895e-05,5.3305437e-06,1.03604e-05,8.6734513e-06,2.41116e-05,4.6174132e-06,"2006-07-01",1.13
"ABUR","2006-08-04",0.0185732635,0.0054319708,0.0001182979,0.020528168,0.3520833333,0.0229166667,806.85867356,36.821958245,178.26042908,0.0023541973,0.0143286568,0.0031114989,0.0049905817,0.0019147278,1.37252e-05,8.35377e-05,1.81404e-05,2.90957e-05,1.11631e-05,0.0010175689,0.0006332054,2.73641e-05,0.0012540644,0.0227224449,0.0006336019,0,0.0032379236,0.000310037,0.0004938049,0.0001830763,2.8020089e-06,5.3927876e-06,5.8031049e-06,9.7076606e-06,8.4460919e-07,"2006-07-15",1.05
"ABUR","2006-09-01",0.0176454518,0.0055565584,0.0001415248,0,0.3166666667,0.025,778.4450613,37.41352801,178.51277257,0.0028586681,0.017312368,0,0.0042013788,0.0018732303,1.57056e-05,9.51147e-05,0,2.30825e-05,1.02916e-05,0.0018543916,0.0004909471,6.0934e-05,0,0.0003342684,0.0015823547,0.0042187527,0.0049665177,0,0.0006393442,0.0003996933,2.17106e-05,2.67582e-05,0,3.1145691e-06,1.9796957e-06,"2006-08-30",0.96
"ABUR","2006-10-03",0.0165537481,0.0045373247,0.000130278,0.0451438031,0.33125,0.0229166667,698.46676232,42.928713122,169.29156826,0,0.0135948851,0,0.0049107514,0.0019031992,0,6.83788e-05,0,2.46998e-05,9.5726005e-06,0.0001044036,2.40153e-05,9.71e-06,0.0080440492,0.0108017924,0.0005007835,0,0.0032966403,0,0.0002123167,7.20372e-05,0,1.27697e-05,0,2.3399528e-07,8.700117e-07,"2006-09-03",0.97
"ABUR","2006-11-01",0.0208977708,0.0067000138,0.0001411686,0.1112931121,0.4,0.0375,616.17311236,43.926927132,150.4916703,0,0.0084791433,0,0.0067576951,0.001902217,0,4.70474e-05,0,3.74957e-05,1.05546e-05,0.0078405807,0.0029688097,1.74454e-05,0.0308834057,0.1214810204,0.0065674736,0,0.0014084696,0,0.0002242066,0.0001140003,0,2.11692e-05,0,1.10897e-05,1.6942597e-06,"2006-10-17",0.87
"ABUR","2006-12-01",0.017959998,0.0046285537,0.0002273009,0.137989324,0.3145833333,0.0395833333,556.00281984,36.110144051,135.48399984,0.0122574927,0.008635805,0,0.0074956629,0.0019647624,6.86491e-05,4.83655e-05,0,4.19801e-05,1.10038e-05,0.0015049884,0.0006059528,2.38825e-05,0.0248948595,0.0134356095,0.0047932243,0.0042973603,0.0021684244,0,0.0004242998,0.0003305757,3.55839e-05,2.58898e-05,0,1.49954e-05,1.3534491e-06,"2006-11-09",1.13
"ABUR","2007-01-03",0.0023827247,0.0007106908,4.1531e-05,0.1173453742,0.0583333333,0.0145833333,510.90875321,17.354151432,114.22647662,0.0393722116,0.005937239,0,0.0076798576,0.0021014504,8.39662e-05,1.26619e-05,0,1.63783e-05,4.481608e-06,0.0004619814,0.0001663846,1.7790093e-06,0.0174281577,0.0013346522,0.0024359375,0.0086880948,0.0017581561,0,0.0004271473,0.0001130917,2.36794e-05,3.8569059e-06,0,1.5220593e-06,9.8682546e-08,"2006-12-28",1.56
"ABUR","2007-02-06",0.0064848571,0.001892001,0.0001280549,0.047035741,0.1145833333,0.0145833333,534.30097371,11.588326184,107.89064386,0,0.0071881842,0,0.00691781,0.0017303257,0,8.6722677e-06,0,8.3460716e-06,2.0875714e-06,0.0001865912,7.72542e-05,4.19016e-05,0.0035250453,0.0016985959,0.0010793788,0,0.0043672547,0,0.0003215451,0.0001518503,0,5.7860206e-06,0,9.5888617e-07,3.4103626e-07,"2007-01-05",1.33
"ABUR","2007-03-02",0.0037471481,0.0010938159,7.67262e-05,0.2645519125,0.0625,0.0104166667,606.49293041,16.661033289,125.58169911,0.009297648,0.0447101073,0,0.0080047543,0.0019660996,1.35433e-05,6.51266e-05,0,1.16601e-05,2.8639025e-06,0.0004745337,0.0001018858,2.10131e-05,0.0004097795,0.0053705111,0.0006314212,0.0084759143,0.0024984522,0,0.0004779144,0.0001396625,9.620139e-06,9.8591256e-07,0,1.366261e-06,2.9331359e-08,"2007-02-12",1.26
"ABUR","2007-04-04",0.007530334,0.0022000509,0.0001594432,0.317630748,0.1083333333,0.0166666667,709.52807464,29.093913637,152.25420127,0,0.0076575555,0,0.0102701567,0.002569913,0,1.21221e-05,0,1.6258e-05,4.0682525e-06,0.0015760087,0.000374532,2.78491e-05,0.0227391426,0.0248732661,0.0041305819,0,0.0042656594,0,0.0006242393,1.39867e-05,0,5.0493087e-06,0,1.2173628e-07,2.2542605e-07,"2007-03-28",1.34
"ABUR","2007-05-02",0.0074447173,0.001885043,0.0001489147,0.1420339864,0.1291666667,0.0208333333,781.08807468,24.86820865,170.7304736,0,0.0077605342,0,0.0088565651,0.0027024746,0,1.58198e-05,0,1.8054e-05,5.508973e-06,0.0004904277,0.0001417374,2.04603e-05,0.021438909,0.0004588607,0.0004413825,0,0.0004454394,0,0.0002951553,9.54582e-05,0,1.7885608e-06,0,2.8904709e-06,8.8807117e-07,"2007-04-13",1.36
"ABUR","2007-06-04",0.0149110463,0.0041533458,0.000253062,0.2488810844,0.2458333333,0.05,864.68690123,27.071263638,177.89074214,0,0.0058915653,0,0.0082090233,0.0027892905,0,1.69171e-05,0,2.35714e-05,8.0091734e-06,0.000741803,9.3729195e-06,4.40251e-05,0.0730817129,0.0090607088,0.0031309365,0,0.0004549555,0,0.0001065405,5.16038e-05,0,2.0535351e-06,0,4.8557912e-07,1.2423571e-07,"2007-05-05",1.32
"ABUR","2007-07-09",0.0132053385,0.0037831087,0.0002102214,0.1780489224,0.2645833333,0.0520833333,800.9593426,24.095736898,164.87943536,0.0082194878,0.03191895,0,0.008699102,0.0025673927,3.25931e-05,0.0001265697,0,3.4495e-05,1.01806e-05,0.0008218853,0.0004795556,2.99006e-05,0.0130188216,0.0132173946,0.0074373142,0.025309634,0.0034302997,0,9.99825e-05,0.0003705499,9.99523e-05,2.26288e-05,0,2.5774349e-06,7.7524546e-07,"2007-06-06",1.23
"ABUR","2007-08-02",0.0191084847,0.0049894872,0.0002929119,0.158295244,0.3833333333,0.0895833333,779.81489908,38.105544179,174.69273938,0,0.0120617379,0,0.0083441148,0.002517834,0,5.25712e-05,0,3.63679e-05,1.0974e-05,0.0010527424,0.0001991028,4.21645e-05,0.0038277107,0.0279167713,0.0091519887,0,0.002407002,0,0.0003542991,3.71293e-05,0,7.9385364e-06,0,1.9550826e-08,3.3883727e-07,"2007-07-24",1.14
"ABUR","2007-09-07",0.0288671251,0.0094289011,0.0003880094,0.0728197409,0.75,0.1916666667,768.47017053,31.054620193,195.40173962,0,0.0171289257,0,0.0073445512,0.0021807978,0,0.0001194796,0,5.12306e-05,1.52118e-05,0.0001402938,7.89124e-05,9.18841e-05,0.0008402051,0.0151577244,0.0038196224,0,0.0049454908,0,0.0003264949,0.0001996262,0,3.67129e-05,0,3.7396979e-06,1.2148483e-06,"2007-09-04",1.15
"ABUR","2007-09-29",0.0709821574,0.0202088952,0.0006886097,0.1176341269,1.275,0.20625,696.92591379,29.452874958,183.19430302,0,0.0101686955,0,0.0070504069,0.0021192407,0,0.0001437915,0,9.9697e-05,2.99673e-05,0.0093238877,0.0049815066,0.0001555643,0.0188189975,0.0091480726,0.0029584408,0,0.0049316247,0,0.0006725863,6.2842191e-06,0,9.2862e-05,0,2.40458e-05,3.6838936e-06,"2007-09-20",1
"ABUR","2007-11-05",0.1457305781,0.0367284884,0.0021491704,0.3227643471,1.7770833333,0.2020833333,648.8394322,30.836488329,169.94631589,0.0028475815,0.0123244704,0.0001335873,0.0092660094,0.002701804,7.87388e-05,0.0003407852,3.6938363e-06,0.0002562154,7.47079e-05,0.047216539,0.0105313612,0.0006789213,0.0006644011,0.2807180185,0.0093264715,0.0025519177,0.000405443,1.28808e-05,0.0002017639,0.0001072272,5.84882e-05,3.29817e-05,6.2972975e-07,2.22106e-05,8.164906e-06,"2007-10-18",1.25
"ABUR","2007-12-03",0.1735699979,0.0452721199,0.0024591797,0.3029932734,2.1958333333,0.1916666667,491.63668348,20.83472191,126.82235959,0,0.0047401689,0.0002972069,0.0105450487,0.0025304608,0,0.0001936431,1.21414e-05,0.0004307812,0.0001033731,0.0306710114,0.0067168029,0.0005301568,0.022491976,0.2455892417,0.0071285084,0,0.0002430229,1.71935e-05,0.0005889786,0.0001545452,0,4.127561e-06,4.3065822e-07,6.52274e-05,1.57517e-05,"2007-12-01",1.19
"ABUR","2008-01-02",0.0366356658,0.0090286578,0.0007466401,0.1060740386,0.66875,0.0708333333,461.32916058,13.037324934,106.44093201,0.0122574927,0.0592430484,0,0.0089409335,0.0023214389,0.0002755426,0.0013317556,0,0.0002009879,5.21848e-05,0.0026199902,1.51791e-05,3.78386e-05,0.0022367735,0.0486936782,0.0030676863,0.0027761728,0.0260011038,0,0.0001487462,7.74974e-05,0.0001036341,0.0005612415,0,1.46654e-05,2.5182714e-06,"2007-12-05",3.17
"ABUR","2008-02-07",0.0608964796,0.0160529402,0.001395082,0.29097123,0.875,0.0791666667,508.45268368,10.234746996,111.83214806,0.0020585548,0.0230621715,0.000435374,0.0088617797,0.0023120711,2.51263e-05,0.0002814917,5.3140779e-06,0.0001081649,2.82206e-05,0.0135449222,0.002225076,0.0003371958,0.0004112393,0.0532284658,0.0079311364,0.0032812521,0.0014361893,3.59057e-05,0.0006746265,8.95901e-05,3.92622e-05,4.38577e-05,9.15547e-07,7.4326174e-07,8.8849667e-07,"2008-01-05",1.46
"ABUR","2008-03-04",0.0230397377,0.0058392941,0.0005041018,0.0722621576,0.49375,0.0458333333,548.06035258,14.07379329,127.10963083,0.0241772561,0.0461456848,0,0.0081405924,0.0024026886,0.000244183,0.0004660576,0,8.22175e-05,2.42664e-05,0.009987913,0.0034201303,0.000179018,0.0009263622,0.1464396654,0.0049764579,0.0068348514,0.0007391406,0,0.0003833891,0.0004309308,3.23463e-05,6.10268e-05,0,1.79225e-05,8.921417e-07,"2008-02-25",2.65
"ABUR","2008-04-03",0.0328658226,0.0111778845,0.0009292089,0.1995365015,0.5083333333,0.03125,674.9469737,23.007411593,162.17229209,0.0074381184,0.0064079326,0,0.0075026408,0.0020911231,6.11542e-05,5.26843e-05,0,6.16846e-05,1.71926e-05,0.0040585559,0.0018814176,0.0001857071,0.0063013272,0.1092199138,0.0012056985,0,0.0001865299,0,0.0003209261,3.89865e-05,4.9450385e-06,7.1731299e-06,0,1.27774e-05,2.6341066e-06,"2008-03-29",1.35
"ABUR","2008-05-01",0.0758602369,0.022202948,0.0013172274,0.3488057931,0.95625,0.05625,714.9710657,20.545917842,173.24157757,0,0.009953873,0,0.0098331874,0.0025192221,0,0.0001599068,0,0.000157968,4.04707e-05,0.0111829736,0.0039987027,0.0001008605,0.0094485429,0.236665235,0.0010704987,0,0.0001704519,0,0.0001028381,0.0003645891,0,2.18935e-05,0,2.70818e-05,8.9281681e-07,"2008-04-08",1.28
"ABUR","2008-06-12",0.1429813164,0.0470179418,0.0030028612,0.5094998369,1.1270833333,0.0479166667,725.0797116,18.977120412,162.82493325,0,0.0058314877,0,0.0115144937,0.0028166493,0,0.0001928662,0,0.0003808217,9.31557e-05,0.0134252684,0.0012324088,0.0001478084,0.027677158,0.1274051584,0.001165815,0,0.0011761167,0,0.0001144311,4.2909e-05,0,2.14545e-05,0,2.6888e-05,4.0880332e-06,"2008-05-21",1.4
"ABUR","2008-07-10",0.1109775253,0.0262770187,0.0014140695,0.3237486237,1.2541666667,0.0458333333,743.09487911,20.914327611,166.74973215,0,0.0036425152,0,0.0118059539,0.0030516426,0,0.0001336678,0,0.0004332379,0.0001119848,0.0039805184,0.0024502989,7.37512e-05,0.0303060415,0.0172196894,0.0028482852,0,0.0003086306,0,0.0006068428,7.60091e-05,0,1.22306e-05,0,2.59652e-05,4.2719745e-06,"2008-06-23",1.18
"ABUR","2008-08-07",0.1055676895,0.0337530031,0.0012649224,0.1945483262,1.475,0.0416666667,728.05565626,29.11517691,181.92277399,0,0.0098962917,0,0.0103933398,0.0026944937,0,0.0002954953,0,0.0003103367,8.04554e-05,0.0207302541,0.0041255715,0.0002613302,0.0007820263,0.0513151288,0.0011210525,0,0.0016546398,0,0.0007144503,0.0001468638,0,5.50706e-05,0,2.56871e-05,5.3954329e-06,"2008-07-21",0.85
"ABUR","2008-09-04",0.0756200742,0.0256573246,0.0009471255,0.0381846124,1.3479166667,0.0375,675.90612947,28.027308854,173.57244228,0.0055053814,0.0091672862,0.0004306093,0.007548286,0.0019302492,0.000162521,0.0002706218,1.27118e-05,0.0002228283,5.69817e-05,0.0158635289,0.0066946811,0.000419417,0.0003418854,0.0961207834,0.0008112656,0.0046043146,9.34591e-05,0.0002500719,0.0002102809,7.01388e-05,0.0001383774,1.45842e-05,7.5683692e-06,7.8397476e-06,1.3101825e-06,"2008-08-11",0.91
"ABUR","2008-10-01",0.0518387391,0.015187285,0.0005148531,0.0316265952,0.8729166667,0.03125,611.64130405,24.831932321,159.52032426,0,0.0104660029,0,0.0055961972,0.0017275686,0,0.0002132348,0,0.0001140172,3.51976e-05,0.000876492,0.0006889622,0.0002504726,0.0121195908,0.0580425631,0.0012852062,0,0.0010718859,0,0.0001214785,0.0002136606,0,1.71983e-05,0,1.8586e-05,1.5424224e-06,"2008-09-16",1.09
"ABUR","2008-11-07",0.0950644031,0.0301400135,0.0014737023,0.2937438775,1.14375,0.04375,589.73639574,18.681113533,130.86384926,0.0021633164,0.0124087473,0.0010869358,0.00803596,0.0020197967,4.71954e-05,0.0002707119,2.37128e-05,0.0001753143,4.40643e-05,0.0060968203,0.0023732424,0.0002008189,0.0085827353,0.0338199265,0.0040620755,0,0.0039231834,0.0001099492,0.0004232831,0.0001320875,1.3581834e-06,8.25808e-05,3.1849088e-06,4.6030749e-06,1.7337639e-06,"2008-10-11",1.3
"ABUR","2008-12-05",0.1140160835,0.0379898639,0.0019957928,0.384565336,1.1625,0.0375,524.15544993,10.537841432,99.399641063,0.0031075492,0.0150052928,0.00196446,0.0108278623,0.0020308283,0.0001053884,0.0005088844,6.6622e-05,0.0003672124,6.88728e-05,0.0469197134,0.0164308234,0.0006775362,0.040503927,0.3167389519,0.0077315743,0,0.0067810945,0.0004285294,0.0005254922,0.0002256963,0,0.0001144617,5.7367861e-06,0.0001097812,2.45282e-05,"2008-11-14",0.88
"ABUR","2009-01-06",0.0884432255,0.0269161352,0.0018910874,0.3348177759,1.1333333333,0.03125,514.05058339,9.7115206133,102.27556323,0.0062709592,0.0355442846,0,0.0108719612,0.002095619,0.0002015212,0.0011422381,0,0.0003493774,6.7344e-05,0.0049405375,0.0001196462,1.40118e-05,0.0266075288,0.1797636718,0.0019867296,0.0023281605,0.0047089539,0,0.0001315405,6.68124e-05,0.0001102311,8.52263e-05,0,8.00172e-05,1.21174e-05,"2008-12-26",1.31
"ABUR","2009-02-03",0.2154978049,0.0641310208,0.0040987188,0.6400060702,1.3020833333,0.03125,400.89644484,6.5145931039,77.255632696,0.0059662173,0.030000025,0,0.0117185175,0.002315446,0.0002557378,0.0012859302,0,0.0005023061,9.925e-05,0.0008023668,0.0037360193,0.0003117496,0.017533821,0.3279134936,0.0069843212,0.0122609239,0.0084021992,0,0.0001414317,0.0002029378,0.0005102093,0.0003618946,0,9.4113143e-06,5.3313338e-06,"2009-01-26",0.92
"ABUR","2009-03-09",0.1033074762,0.0282349999,0.002304358,0.4081894621,0.8625,0.0229166667,517.74788649,9.0628991542,89.824469575,0.0182070355,0.0570839603,0,0.0124614818,0.002736108,0.0007966691,0.0024977722,0,0.000545266,0.0001197215,0.0106914362,0.0021476177,0.0001392591,0.0172840845,0.0717844084,0.0002085703,0,0.01106474,0,0.001126311,6.49154e-05,4.1974388e-06,0.0004992916,0,5.18714e-05,2.2700552e-06,"2009-02-16",1.21
"ABUR","2009-04-07",0.0605330002,0.0182877501,0.0016072721,0.342645564,0.6875,0.0145833333,633.63268285,15.281489215,121.71546064,0.0053155407,0.0214616198,0,0.0113012344,0.0026660201,0.000121739,0.0004915241,0,0.0002588262,6.10584e-05,0.0115771724,0.0029680574,0.0007073851,0.0551303186,0.0402120997,0.0008447145,0.0098864527,0.0026866011,0,0.0012677327,9.17742e-05,0.000252702,0.000130669,0,9.5560822e-07,9.3087439e-06,"2009-04-04",1.39
"ABUR","2009-05-04",0.0279602421,0.0087751034,0.0007865028,0.3652654292,0.3270833333,0.0145833333,578.50738699,13.127565132,118.73825499,0.0300344525,0.0602857071,0,0.0107903487,0.0023092474,0.0003890809,0.0007809704,0,0.0001397834,2.99151e-05,0.0021794257,0.000135792,0.0001417595,0.0275355237,0.0287058684,0.0006309582,0.0287717111,0.0025755982,0,0.0011429593,0.0001110249,0.0004547209,8.85151e-05,0,2.66775e-05,6.2303489e-07,"2009-05-04",1.36
"ABUR","2009-05-27",0.0154913267,0.0049431333,0.0003403142,0.3026690206,0.1979166667,0.0083333333,649.17446211,15.243260717,134.58192257,0,0.0082022556,0,0.0106103339,0.002360041,0,5.69802e-05,0,7.37089e-05,1.6395e-05,0.0021655428,0.0006014929,4.95066e-05,0.0079437126,0.02528511,0.0004681862,0,0.0014450529,0,0.0004301587,0.0002338101,0,7.1039831e-06,0,5.5824672e-06,9.4942646e-07,"2009-05-08",1.49
"ABUR","2009-07-01",0.0185661465,0.0058863462,0.0003662576,0.4997102351,0.1604166667,0.0104166667,695.8120172,12.325827946,130.56918861,0.0052091873,0.032036751,0,0.0111480806,0.0025756409,2.81349e-05,0.0001730311,0,6.0211e-05,1.39111e-05,0.0008004293,0.0003236952,1.57729e-05,0.0448901513,0.0053471293,0.0003224927,0,0.008845802,0,0.0012563676,0.0003855247,2.3892187e-06,3.82443e-05,0,1.21368e-05,1.0919818e-06,"2009-06-20",1.1
"ABUR","2009-08-06",0.0156422113,0.004908478,0.0002727306,0.3526073383,0.20625,0.0166666667,670.90756878,29.931992858,143.05513044,0.006198432,0.0156346525,0,0.0114277094,0.0026317972,3.33638e-05,8.41553e-05,0,6.1511e-05,1.4166e-05,0.0037470394,0.0009196402,1.26389e-05,0.0151517543,0.0403429745,0.0005111704,0.0100335628,0.0040098966,0,0.0010704124,0.0002562025,5.13154e-05,2.31358e-05,0,1.3353514e-06,2.2394684e-06,"2009-07-18",1.01
"ABUR","2009-09-01",0.0122321881,0.00399654,0.0001967279,0.2026038148,0.1604166667,0.0145833333,576.14989553,21.522166773,122.21596487,0,0.0036901683,0,0.0104196812,0.0020774,0,1.63729e-05,0,4.62311e-05,9.2172167e-06,0.0051563381,0.0014551004,5.75004e-05,0.0185372673,0.0354677093,0.0006711486,0,0.0018751976,0,0.0002263033,0.000262181,0,1.37587e-05,0,1.15193e-05,3.7119328e-06,"2009-08-08",0.99
"ABUR","2009-10-01",0.0092339891,0.0036845738,0.0001723522,0.0880861796,0.1645833333,0.0083333333,608.70435067,29.021673275,137.49205336,0,0.0070539245,0,0.0086141161,0.0016713861,0,2.70761e-05,0,3.30648e-05,6.4155223e-06,0.0001968446,0.000131625,1.22715e-05,0.0295129242,0.0127588201,5.20946e-05,0,0.0007552228,0,0.0003571677,3.34878e-05,0,8.6243456e-06,0,4.1714707e-06,1.2153388e-06,"2009-09-18",0.97
"ABUR","2009-11-03",0.0067344831,0.0019516621,7.84851e-05,0.2566562221,0.0791666667,0.0020833333,580.50815785,26.615570919,127.24595095,0.0163332273,0.0553424428,0,0.0090845858,0.0016626952,4.45401e-05,0.0001509167,0,2.47733e-05,4.5341056e-06,0.0039296304,0.0009884462,4.98179e-05,0.0476375829,0.0216696166,4.4826901e-06,0.0025237934,0.0019008316,0,0.0007101021,0.0001923311,4.7176374e-07,1.91984e-05,0,3.1173966e-06,1.4298595e-06,"2009-10-14",1.41
"ABUR","2009-12-03",0.0006826863,0.000196902,7.7088734e-06,0.0223396931,0.0104166667,0.0020833333,622.60456934,31.751002308,149.59684503,0.0029003792,0.0203045196,0,0.0090852287,0.0022894052,3.522866e-06,2.46623e-05,0,1.10351e-05,2.7807632e-06,0.0001586295,3.62202e-05,2.3971208e-08,0.0026161154,0.0004093744,7.78486e-05,0.0042973603,0.0012606594,0,0.0004861588,2.10071e-05,6.5785945e-06,1.0127e-05,0,5.8199382e-06,1.2873558e-06,"2009-11-28",1.68
"ABUR","2010-01-07",0,0,0,-99999,0,0,530.56437149,15.330704415,112.04986634,0.0022869345,0.0168107815,-99999,0.0071904822,0.0016602918,-99999,-99999,-99999,-99999,-99999,0,0,0,-99999,0,0,0.0016171069,0.0027591217,-99999,0.0007220644,0.0001230874,-99999,-99999,-99999,-99999,-99999,"2009-12-14",1.26
"ABUR","2010-02-02",0,0,0,-99999,0,0,560.23453513,9.1449271516,109.34657648,0.0085824443,0.0138988642,-99999,-99999,-99999,-99999,-99999,-99999,-99999,-99999,0,0,0,-99999,0,0,0.0021768747,0.0054984684,-99999,-99999,-99999,-99999,-99999,-99999,-99999,-99999,"2010-01-20",1.99
"ABUR","2010-03-08",0,0,0,-99999,0,0,602.15599956,16.349413875,127.89385974,0.0203866818,0.0135933103,-99999,-99999,-99999,-99999,-99999,-99999,-99999,-99999,0,0,0,-99999,0,0,0.0032059115,0.0035732387,-99999,-99999,-99999,-99999,-99999,-99999,-99999,-99999,"2010-02-28",2.44
"ABUR","2010-04-08",0,0,0,-99999,0,0,730.0897996,30.851805495,159.10979061,0.008106917,0.0089909224,-99999,-99999,-99999,-99999,-99999,-99999,-99999,-99999,0,0,0,-99999,0,0,0.003516161,0.002053801,-99999,-99999,-99999,-99999,-99999,-99999,-99999,-99999,"2010-04-02",1.41
"ABUR","2010-05-03",0,0,0,-99999,0,0,738.17015651,33.497540818,163.35771805,0,0.0056235271,-99999,-99999,-99999,-99999,-99999,-99999,-99999,-99999,0,0,0,-99999,0,0,0,0.000218443,-99999,-99999,-99999,-99999,-99999,-99999,-99999,-99999,"2010-04-21",1.57
"ABUR","2010-06-04",0.0045319536,0.0016841371,0.0001396916,0.2523912025,0.0583333333,0.0020833333,864.50278115,37.318473425,188.52206934,0,0.0082004141,-99999,0.0098496332,0.0021386918,-99999,-99999,-99999,-99999,-99999,0.0009156128,0.000640123,2.01557e-05,0.106098214,0.0067960422,0.0003560874,0,0.006727503,-99999,0.0011783416,0.0001453745,-99999,-99999,-99999,-99999,-99999,"2010-05-21",1.51
"ABUR","2010-07-01",0.0027960411,0.0008717685,4.30013e-05,0.0272724945,0.0520833333,0.0020833333,843.39667886,49.589279904,203.47992711,0,0.0073748527,0,0.0079380938,0.0020783023,0,9.9117176e-06,0,1.06687e-05,2.7932145e-06,0.0005852793,0.0001794206,1.25901e-05,0.0048548935,0.0025246917,4.56596e-05,0,0.0018952775,0,0.0003783269,8.29272e-05,0,2.2031383e-06,0,4.9516967e-06,1.1492567e-06,"2010-06-21",1.39
"ABUR","2010-08-05",0.0037922544,0.0009351697,5.2818e-05,0.0536215892,0.1166666667,0.0416666667,845.26135971,52.691728646,212.76059477,0,0.0089522222,0,0.0060648228,0.0022895571,0,8.084736e-06,0,5.4771308e-06,2.0676949e-06,0.0002112163,6.88799e-05,1.02574e-05,0.0100146491,0.0107221466,0.0035294646,0,0.0030927791,0,0.0001928167,1.54536e-05,0,3.8762119e-06,0,9.6954185e-07,3.0239499e-07,"2010-07-02",0.96
"ABUR","2010-09-01",0.0156015926,0.0047440391,0.0003155549,0.2052810051,0.25625,0.0625,823.48699539,20.03013654,159.82993606,0,0.0101043535,0,0.0066841716,0.0023788623,0,2.36996e-05,0,1.56776e-05,5.5795834e-06,0.0018963951,0.0002457514,7.94812e-05,0.0230152046,0.0465706243,0.0016105111,0,0.0033987064,0,0.0002180544,0.0001509857,0,8.2776933e-06,0,1.3712502e-06,6.4413777e-07,"2010-08-30",1.09
"ABUR","2010-10-11",0.0322275202,0.0125318166,0.0007824716,0.218535021,0.4979166667,0.0520833333,704.35955255,12.702165879,126.43881009,0,0.0094535499,0,0.0079759916,0.0018392645,0,7.57911e-05,0,6.39452e-05,1.47458e-05,0.0010512078,0.000552045,0.0001735617,0.0256859208,0.0156832627,0.0034709442,0,0.0009902145,0,4.58435e-05,0.0002243238,0,7.2310365e-06,0,2.4460287e-07,1.647306e-06,"2010-09-23",1.01
"ABUR","2010-11-01",0.0319341874,0.0087966526,0.0005977827,0.2257028076,0.4458333333,0.04375,604.20584101,12.391617557,109.78348589,0,0.0139621493,0,0.008864165,0.0018753411,0,0.0001473608,0,9.35551e-05,1.97929e-05,0.0028410479,0.0006748243,9.28553e-05,0.0013880066,0.0058569895,0.0015399382,0,0.0084005135,0,5.20072e-05,0.000128136,0,8.7513e-05,0,3.6598956e-06,7.3935292e-07,"2010-10-26",1.01
"ABUR","2010-12-02",0.0307720783,0.0088143108,0.0007552135,0.2560660605,0.425,0.025,562.72282814,14.666803438,108.33694969,0,0.0131629015,0.0008828912,0.0087285315,0.0022211785,0,0.0001159056,7.77428e-06,7.68589e-05,1.95585e-05,0.0033460272,0.0012064561,2.84019e-05,0.0099765439,0.0366055993,0.0037132274,0,0.0015830306,3.00428e-05,0.0009961322,0.0002512406,0,1.6872333e-06,1.1760848e-06,1.3787961e-06,1.1226707e-07,"2010-11-11",1.08
"ABUR","2011-01-11",0.0179788503,0.0046909435,0.0004073376,0.0749309273,0.2916666667,0.0208333333,514.58098169,9.3037195681,94.732373353,0.0020010677,0.0177475761,0,0.0076483188,0.0020467684,1.30816e-05,0.0001160216,0,4.99995e-05,1.33804e-05,0.0043351445,0.0013074951,3.44148e-05,0.0081571904,0.0447197565,0.0017052147,0.0015381584,0.0027646618,0,0.0001024629,0.0001647632,6.533426e-06,3.51025e-05,0,9.9713632e-06,1.6992306e-06,"2010-12-09",1.23
"ABUR","2011-02-10",0.0168328343,0.004115428,0.0002499892,0.1978159021,0.2270833333,0.01875,613.43610744,7.8626396815,110.00256423,0.0047700281,0.014050849,0,0.0084686877,0.0022139193,2.09734e-05,6.17803e-05,0,3.72361e-05,9.734404e-06,0.0012775808,0.0002677207,4.71352e-05,0.0197667398,0.0063444601,0.0006707577,0.0073104218,0.0028993606,0,0.0002551049,0.0002463806,3.22537e-05,5.5495107e-06,0,5.2916734e-06,4.7308138e-07,"2011-02-01",1.07
"ABUR","2011-03-04",0.0167882479,0.0039830524,0.0003147209,0.1449803663,0.2625,0.0208333333,622.1052826,9.4807290205,112.21668018,0.0033685442,0.0104873619,0,0.0089085286,0.0024512724,1.36388e-05,4.24621e-05,0,3.60696e-05,9.9249067e-06,0.0020213398,0.0006444383,9.73537e-05,0.0179062938,0.0489738011,0.001194554,0,0.002212712,0,0.0001314839,0.0002549935,6.8175605e-07,1.26561e-05,0,1.1828916e-06,1.6541578e-06,"2011-02-19",1.41
"ABUR","2011-04-01",0.0049914021,0.0015814048,0.0001084707,0.1374954597,0.0729166667,0.00625,717.8595444,15.090505157,128.14658424,0.0341254088,0.0259153087,0,0.0083951922,0.0023744946,8.87237e-05,6.7378e-05,0,2.18269e-05,6.1735238e-06,0.0010046367,0.000391477,1.46997e-05,0.0405089813,0.0145756644,0.0002874433,0,0.0126572,0,0.0006010139,0.0001491811,1.6221045e-06,3.18154e-05,0,1.1708224e-06,2.6591609e-07,"2011-03-20",1.54
"ABUR","2011-05-02",0.0073050404,0.0021248611,0.0001715667,0.0626321092,0.1270833333,0.0083333333,880.72739628,21.336060457,194.11817226,0,0.0031543963,0,0.0075933608,0.0021703261,0,5.8033783e-06,0,1.39701e-05,3.9929109e-06,0.00201557,0.0004796782,4.7277e-05,0.0057052021,0.0125688106,0.0009793468,0,0.0017280796,0,6.99136e-05,7.91343e-05,0,2.6912881e-06,0,2.5888244e-07,7.4406241e-08,"2011-04-25",1.33
"ABUR","2011-06-07",0.0096387779,0.0028404521,0.0001840228,0.1107578387,0.1604166667,0.0145833333,940.15129976,23.466231992,211.67444078,0.0042819633,0.0223931738,0,0.0066466268,0.0023223657,1.05566e-05,5.52075e-05,0,1.63864e-05,5.7254955e-06,6.71535e-05,0.0002807232,3.86269e-05,0.0029885169,0.0154478174,0.0018819337,0,0.0159007975,0,0.0004008361,0.0002071045,6.2895319e-07,3.95117e-05,0,1.8694838e-06,8.2947684e-07,"2011-06-05",1.29
"ABUR","2011-07-07",0.0117108186,0.0032470353,0.0002023289,0.3331377601,0.1375,0.0083333333,841.40037012,21.989132229,190.58520804,0.005138356,0.0069464171,0,0.0085987041,0.0027225268,1.56166e-05,2.11116e-05,0,2.61333e-05,8.274337e-06,0.0011617411,3.06721e-05,2.62605e-05,0.0507879914,0.0097563008,0.0010439148,0.0042973603,0.0008939676,0,2.6737e-05,0.0002764958,1.21599e-05,1.567471e-06,0,1.192307e-06,4.5123396e-07,"2011-07-01",1.18
"ABUR","2011-08-03",0.0126709755,0.0044170501,0.0002296284,0.0401205706,0.2583333333,0.0395833333,876.61393884,22.447461791,178.2331693,0.008264576,0.0038252352,0,0.0079415243,0.0023127128,3.14226e-05,1.45439e-05,0,3.01944e-05,8.7931326e-06,0.0019947049,0.0009672505,0.0001116706,0.0196134371,0.0451752851,0.0065220759,0.0065817088,0.0003816166,0,0.000924038,0.0001297455,2.88825e-05,2.4663452e-07,0,4.4965946e-07,1.6216063e-06,"2011-07-27",1.02
"ABUR","2011-09-06",0.0188523333,0.0050898861,0.0003083848,0.0552797287,0.3916666667,0.0541666667,737.72831365,11.740999529,137.18983347,0.0065630456,0.0043910169,0.0034702952,0.0057417624,0.0018112966,3.11451e-05,2.08377e-05,1.64684e-05,2.72477e-05,8.595546e-06,0.0068686657,0.0016165238,0.0001006064,0.0223494115,0.0497766279,0.0027108582,0.0084325626,0.0003078489,0.0009226347,0.0004152303,3.91991e-05,2.66179e-05,3.7008149e-06,8.8748809e-06,5.8882071e-06,2.160619e-06,"2011-08-28",1.12
"ABUR","2011-10-04",0.0279728797,0.0078172346,0.0003077807,0.0913221314,0.5208333333,0.0625,680.15164804,15.679600102,131.40978031,0.0031075492,0.003401988,0,0.006253007,0.002016611,1.97526e-05,2.16242e-05,0,3.97462e-05,1.28183e-05,0.0013008435,0.0012426564,0.0001185207,0.0065001579,0.0131288894,0.0093718972,0,0.0010899335,0,0.000518234,0.0001563027,4.6395004e-06,1.16853e-05,0,1.3109e-05,1.9439662e-06,"2011-09-08",1.1
"ABUR","2011-11-01",0.046923815,0.0123908294,0.0009356018,0.2352305196,0.6666666667,0.0541666667,659.31514707,13.146833473,126.77316553,0,0.0062157271,0.0006037017,0.0078068759,0.0023191261,0,6.17165e-05,5.9942089e-06,7.75152e-05,2.30268e-05,0.0003710828,0.000382168,8.30895e-05,0.0349972297,0.1427818136,0.0102430942,0,0.0025330432,0.0001755347,0.0002490157,0.0001925278,0,2.94905e-05,1.4662695e-06,2.0022686e-06,3.2130508e-06,"2011-10-07",1.03
"ABUR","2011-12-05",0.0480832034,0.016659658,0.0012243478,0.1054621598,0.7791666667,0.0645833333,599.39179772,14.265173614,121.62976264,0,0.0110378184,0,0.0081293077,0.0019526552,0,0.0001591663,0,0.0001172253,2.81575e-05,0.0095340681,0.0003114793,0.0003373526,0.0180611023,0.1554922951,0.0010573889,0,0.0012349337,0,0.0004603717,0.0004123646,0,1.9555e-05,0,7.5556546e-06,6.1156937e-06,"2011-11-25",1.17
"ABUR","2012-01-11",0.0633585804,0.0164443986,0.0009792235,0.1368031493,0.875,0.0520833333,537.2805761,10.292528929,111.73715763,0.0045149753,0.0098213184,0,0.007369795,0.0018394757,7.47309e-05,0.0001625604,0,0.0001219833,3.04466e-05,0.0049907006,0.002595611,9.80829e-05,0.0160863331,0.0071259009,0.0023774946,0.0070275861,0.0082030722,0,5.2898e-05,0.0004318652,0.0001278233,0.0001531431,0,7.6549459e-06,5.0966822e-06,"2012-01-06",1.36
"ABUR","2012-02-06",0.0663002983,0.0174480232,0.0009402828,0.1775058468,0.9041666667,0.0416666667,602.8038752,9.7735781579,114.63558626,0.0033465914,0.0056163341,0,0.0078733145,0.0022317823,5.66955e-05,9.51478e-05,0,0.0001333838,3.78092e-05,0.00260198,0.0031162075,7.12059e-05,0.0216851837,0.0388467402,0.0019564512,0,0.0013294486,0,1.77686e-05,0.0002371804,0,4.33627e-05,0,2.29283e-05,2.1403614e-06,"2012-01-24",1.4
"ABUR","2012-03-05",0.0942811155,0.0252127775,0.0020610047,0.2706423337,1.10625,0.0375,654.04155715,10.22885939,121.01319162,0.0028586681,0.0094109037,0,0.0094808608,0.0024540549,6.02971e-05,0.0001985017,0,0.0001999773,5.17627e-05,0.0001806967,0.0027133307,0.0006745832,0.0034573187,0.0239574773,5.40161e-05,0.0046043146,0.0006659223,0,0.0005324187,8.68226e-05,9.39219e-05,9.6839366e-06,0,1.50556e-05,2.9014052e-06,"2012-02-12",1.36
"ABUR","2012-04-03",0.1062400251,0.0305304012,0.0023988106,0.3998650101,1.0854166667,0.0333333333,731.44619286,15.448314131,128.88879781,0.0057604857,0.0067658144,0,0.0107943016,0.0027857874,0.0001600657,0.0001880006,0,0.0002999395,7.74082e-05,0.0238279225,0.0076715568,0.0002353341,0.0156581435,0.2683408923,0.0007413477,0.0025690047,0.0014812875,0,0.0002613206,4.58099e-05,1.87319e-05,1.33562e-05,0,4.35979e-05,1.29355e-05,"2012-04-01",1.86
"ABUR","2012-05-02",0.1195415,0.0428417447,0.0038865808,0.3422178198,1.2895833333,0.0333333333,774.35224364,11.346997807,126.36016913,0,0.0064960958,0,0.0112806651,0.0025198692,0,0.0002360626,0,0.0004099298,9.15699e-05,0.0388650908,0.0123630825,0.0006856708,0.0427022962,0.3428517924,0.0038091965,0,0.0005104865,0,0.0008417111,6.36714e-05,0,1.2428252e-06,0,7.0119808e-06,7.7589519e-06,"2012-04-14",1.62
"ABUR","2012-06-07",0.1934690307,0.0602137652,0.0038460559,0.5901641676,1.2895833333,0.0395833333,898.6899538,14.210529833,152.83619776,0.0024169827,0.0049794603,0,0.0121189687,0.0031387922,0.000123353,0.0002541314,0,0.0006185029,0.0001601912,0.0345780072,0.008733905,0.0014002659,0.0011041529,0.3199025072,0.0029128018,0.0017090649,0.0014944806,0,0.000292701,0.0001700769,6.8907e-05,7.62285e-05,0,2.37361e-05,3.1249529e-06,"2012-05-24",1.46
"ABUR","2012-07-03",0.1152196475,0.0318774354,0.0018087559,0.284734923,1.4104166667,0.0395833333,872.93435398,16.600422477,152.20554308,0,0.0059766956,0,0.0113552291,0.0033469614,0,0.0002783722,0,0.0005288842,0.000155889,0.0153700285,0.0023118847,6.69707e-05,0.0147207484,0.2197405252,0.0037005831,0,0.0009992375,0,0.0017458431,0.0003751121,0,9.0418282e-06,0,1.49263e-05,3.39199e-05,"2012-06-09",1.43
"ABUR","2012-08-03",0.2792240593,0.0800721083,0.0027183264,0.4759215728,2.3208333333,0.0875,930.87807419,12.66880858,160.44286016,0,0.0071701633,0,0.0109190844,0.0034448303,0,0.000375193,0,0.0005713627,0.0001802576,0.1132428046,0.0355598499,0.000878016,0.0331731493,0.6897145523,0.006099438,0,0.0036720521,0,0.0004502343,0.000213102,0,0.0002669447,0,0.0001528447,6.24149e-05,"2012-07-12",0.95
"ABUR","2012-09-06",0.2013203274,0.0603147414,0.0023450312,0.3671071541,2.3416666667,0.0625,984.8348442,49.805206426,223.16807023,0,0.0099732928,0,0.0114460115,0.0036236801,0,0.000695413,0,0.0007981021,0.0002526702,0.0171976232,0.0055096846,0.0001859961,0.0032632239,0.1223026556,0.0023892866,0,0.0001113325,0,0.000664849,9.66805e-05,0,0.0001886219,0,0.0002043303,6.38272e-05,"2012-09-02",1.06
"ABUR","2012-10-10",0.1961211957,0.0607908798,0.0019596367,0.2797043015,2.5958333333,0.0708333333,829.1374071,39.29013195,205.64334159,0,0.011312658,0.0016921249,0.0104468242,0.0028306321,0,0.0006850097,0.0001024624,0.0006325813,0.0001714018,0.0570583659,0.0268278811,0.0002586556,0.0577127432,0.2655681063,0.0030477457,0,0.0046604255,4.80911e-05,0.0004279938,0.0003148012,0,0.0001883571,1.11866e-05,6.51655e-05,4.3421364e-06,"2012-09-09",1.07
"ABUR","2012-11-05",0.0926420264,0.03676815,0.0014657876,0.3808011523,1.0020833333,0.025,621.83063839,28.176942243,160.29521724,0.0155948119,0.0112055106,0.0001595416,0.0108932894,0.0021594622,0.0007450759,0.0005353675,7.622447e-06,0.0005204505,0.000103173,0.0223095705,0.0071253161,0.00086732,0.0368481156,0.1355910113,0.0009265763,0.0078239209,0.0036357915,7.7667e-05,7.92699e-05,0.0001524686,0.000552366,0.0001587378,5.1543011e-06,6.16274e-05,4.8580436e-06,"2012-10-24",1.06
"ABUR","2012-12-05",0.1857388305,0.0605474202,0.0035064309,0.3465893697,1.9166666667,0.0479166667,482.79314133,21.033576977,128.11145001,0.0035120172,0.0110694409,0,0.0114033401,0.0019171881,0.00016743,0.0005277184,0,0.0005436365,9.1399e-05,0.0304681158,0.0112772022,0.0007830498,0.0226538113,0.0479885581,0.0011856201,0.0024833712,0.0028339942,0,0.0001443412,0.0001790351,0.0001216312,0.0001436,0,1.11087e-05,9.4302454e-06,"2012-11-29",1.56
"ABUR","2013-01-03",0.2596644101,0.0673568644,0.0051376087,0.4706965892,2.2395833333,0.0583333333,488.54188521,15.350209961,117.24776935,0,0.0268047693,0,0.0114133712,0.0024413219,0,0.0017126016,0,0.0007292194,0.0001559801,1.32441e-05,0.0042980331,0.0016916547,0.0067319647,0.1991923831,0.0052672124,0,0.001558129,0,0.0003215179,4.82858e-05,0,0.00032661,0,6.23445e-05,1.56335e-05,"2012-12-19",1.33
"ABUR","2013-02-11",0.1777346782,0.0494917239,0.0042037665,0.2153767683,2.3854166667,0.0583333333,523.70687791,11.993809141,115.50621554,0,0.008307452,0,0.0102226542,0.0025853639,0,0.0004815513,0,0.0005925682,0.0001498637,0.0216587223,0.0080989823,0.00057375,0.0112176953,0.3234471732,0.0029639276,0,0.0050797989,0,0.0004574976,0.0001274687,0,0.000336129,0,8.5624732e-06,1.27821e-05,"2013-01-06",1.26
"ABUR","2013-03-12",0.3501665752,0.1267154688,0.0090887537,0.4998409112,2.7208333333,0.0520833333,753.34302546,10.89461401,132.1455888,0.0027600934,0.0090186933,0,0.0103249413,0.0025394815,0.0002267163,0.0007408027,0,0.0008480989,0.000208595,0.0241492802,0.0215148284,0.000410919,0.0169987237,0.2851756903,0.0030186323,0.0040732785,0.0011087736,0,0.0012004771,0.0004848265,0.0003633455,8.04159e-05,0,0.0001414449,3.60799e-05,"2013-03-09",1.41
"ABUR","2013-04-02",0.2850404583,0.0833315251,0.0032046218,0.4507893241,2.9,0.04375,760.98050883,13.837513712,142.55354469,0,0.0027620448,0,0.0119185468,0.0027890517,0,0.0002929746,0,0.0012642195,0.0002958392,0.0075473229,0.0016518048,0.0008051684,0.010859019,0.1636034486,0.0013086836,0,0.0019757697,0,0.0005367112,0.00026267,0,0.0002514942,0,0.0002432506,1.18311e-05,"2013-03-23",1.11
"ABUR","2013-05-02",0.3512739688,0.1125493119,0.0064753034,0.538265894,2.9708333333,0.0416666667,868.89614932,13.52436946,154.69542271,0,0.0075098272,0,0.0119645504,0.0033148448,0,0.000730028,0,0.0011630703,0.0003222351,0.0954150529,0.0393828264,0.0014388679,0.0391553249,0.0092909142,0.0010238044,0,0.0024363385,0,0.001417982,3.6249e-05,0,0.0003678169,0,6.76472e-05,5.20016e-05,"2013-04-08",1.38
"ABUR","2013-06-05",0.3747404939,0.1164042356,0.0045724251,0.4876359056,3.25,0.04375,1002.5137676,14.147262248,173.28153852,0,0.0045667841,0,0.0121591675,0.0035973573,0,0.0005227413,0,0.0013918107,0.0004117749,0.0210005522,0.0197593498,9.58061e-05,0.0154269544,0.1269124495,0.0034353312,0,0.0032725987,0,3.65747e-05,2.45241e-05,0,0.000328617,0,0.0001059999,3.20639e-05,"2013-05-27",1.51
"ABUR","2013-07-03",0.2783431912,0.087229873,0.0052342946,0.3830139043,3.2104166667,0.04375,811.57065083,43.021555672,192.86334213,0,0.0037430153,0,0.0115996942,0.0030516175,0,0.0003784809,0,0.0011729213,0.0003085691,0.0580065918,0.0199027326,9.86477e-05,0.0470185649,0.1887026505,0.0038371884,0,0.0002681836,0,0.0002773284,0.0002541186,0,4.80635e-05,0,0.0002612195,4.14402e-05,"2013-06-19",1.21
"ABUR","2013-08-05",0.3148982343,0.102636293,0.0047309996,0.386898266,3.6625,0.0625,786.19479942,84.661478002,223.65288077,0,0.006162241,0,0.0109650593,0.0028389701,0,0.0005837143,0,0.0010386582,0.0002689196,0.0078849893,0.0018044157,7.15276e-05,0.01027526,0.5495910263,0.0062698008,0,0.0013112291,0,0.0005120497,2.53816e-05,0,4.58018e-05,0,0.0001414211,2.75446e-05,"2013-07-15",1.24
"ABUR","2013-09-03",0.3651917709,0.1130442616,0.003070749,0.4153284718,3.7333333333,0.0604166667,773.38233433,43.373208634,191.58418235,0,0.006480798,0,0.0110604283,0.0028220138,0,0.0006983482,0,0.0011918332,0.0003040904,0.0790405533,0.0225106411,0.0011134214,0.0106726667,0.4119997884,0.0029708489,0,8.686536e-06,0,0.0001982361,2.05849e-05,0,2.34043e-05,0,0.0001213566,2.96837e-05,"2013-08-09",0.98
"ABUR","2013-09-30",0.2467440249,0.0762600226,0.0020111911,0.3826939467,2.9625,0.0541666667,721.19435945,32.330229095,165.73667075,0,0.0123720259,0,0.0110494537,0.0027470387,0,0.0011561489,0,0.0010325563,0.000256707,0.0275210203,0.0104365886,4.68283e-05,0.0329294145,0.0359369034,0.0013400938,0,0.0034989114,0,0.0017465293,0.0001446909,0,0.000490642,0,0.0003203891,5.48171e-05,"2013-09-26",1.24
"ABUR","2013-11-04",0.2516263392,0.0782735479,0.0022043702,0.2912876663,3.0354166667,0.0645833333,649.25331393,57.173851176,179.90730044,0,0.0044016145,0,0.0104898612,0.002498832,0,0.0003400794,0,0.000810472,0.0001930658,0.0790480087,0.0185820197,0.0006842835,0.0286882635,0.1081299402,0.001542627,0,0.0007344114,0,0.0003692297,6.8926588e-06,0,7.7439e-05,0,7.96519e-05,1.20937e-05,"2013-10-28",1.04
"ABUR","2013-12-03",0.2169228536,0.0641928702,0.001641419,0.2810860152,2.5395833333,0.0583333333,550.38349751,31.603885655,141.6626087,0.0030003923,0.0114241572,0,0.0103776748,0.0022026013,0.0002130298,0.0008111227,0,0.0007368217,0.0001563861,0.0469615502,0.0119236237,0.0001413372,0.0090862491,0.7715041889,0.0051075147,0.0023239474,0.0001434934,0,0.0009952255,0.0001161984,0.0002184692,0.0001670654,0,9.4014e-05,4.05628e-05,"2013-11-15",1.04
"ABUR","2014-01-03",0.220494745,0.0578128618,0.0024926272,0.3366944735,2.4541666667,0.06875,549.51500613,18.831776119,123.20946121,0.0028068186,0.0020396602,0,0.0106268351,0.0023972625,0.0001710678,0.0001243116,0,0.0006476761,0.0001461065,0.01129831,0.0088403767,0.0001635073,0.0279996988,0.0835533299,0.00385882,0,0.0005440513,0,0.0018841176,0.0002357646,2.89954e-05,5.17092e-05,0,1.28428e-05,1.21625e-05,"2013-12-08",1
"ABUR","2014-02-04",0.2426233841,0.0896994062,0.0042153416,0.4330714793,2.4020833333,0.0458333333,546.1993108,13.685769038,111.48578747,0.0027191055,0.0058180393,0,0.0111449078,0.0022269642,0.0001973872,0.0004223471,0,0.0008090387,0.0001616613,0.07418356,0.0242512244,0.0008862793,0.0516544741,0.0285439308,0.0032354208,0,0.0001195035,0,0.0018015844,8.35235e-05,1.20486e-05,2.90657e-05,0,8.31749e-05,2.8338908e-06,"2014-02-04",1.08
"ABUR","2014-03-12",0.0133032054,0.0044480699,0.0002034202,0.181862717,0.2291666667,0.0166666667,653.00392674,19.828211465,154.52932263,0.0497710964,0.0827558985,0,0.0101268386,0.0022220165,0.0014124704,0.002348557,0,0.0002873929,6.30593e-05,2.76991e-05,0.0002648627,4.4505657e-06,0.0028371315,0.0076000115,0.0001715806,0,0.0339534842,0,0.0006071174,0.0002097996,0.0004015763,0.0004576356,0,7.6454e-05,1.79517e-05,"2014-03-01",2.51
"ABUR","2014-04-09",0.0101253255,0.003637044,0.000273684,0.1191911375,0.1958333333,0.0208333333,860.99175826,24.989610156,203.66714426,0.0055053814,0.0299823193,0,0.0078073241,0.0020871889,2.2181e-05,0.0001207976,0,3.14554e-05,8.409203e-06,0.0021014429,0.0007015386,9.73256e-05,0.0138001968,0.0105576162,0.0008367711,0.0046043146,0.0052621798,0,0.0001028774,0.0001152843,1.54218e-05,2.65565e-05,0,1.3596441e-06,9.1918103e-07,"2014-03-17",1.38
"ABUR","2014-05-09",0.0194000476,0.0069693687,0.0005246289,0.2498205424,0.2875,0.0166666667,913.10973335,23.974105011,217.8725983,0.005138356,0.0031509299,0,0.0083409047,0.0022064465,2.63283e-05,1.61449e-05,0,4.27377e-05,1.13055e-05,0.0022663838,0.0004296303,7.5124555e-06,0.0060091605,0.0243468976,0.0022169423,0.0036333664,0.0002976851,0,0.00016496,0.0001935674,2.14968e-05,2.7955773e-06,0,1.6355177e-06,1.7586307e-06,"2014-04-26",1.42
"ABUR","2014-06-03",0.0175102398,0.0064357265,0.0002445788,0.1444368942,0.3375,0.0395833333,1019.7913924,19.343829199,194.95427623,0,0.0130134484,0,0.0092058956,0.002179486,0,8.71772e-05,0,6.16703e-05,1.46004e-05,0.0038666804,0.001689345,0.0001046377,0.0030841981,0.0449905414,0.0039837307,0,0.006644569,0,0.0001617719,0.0001136875,0,5.47959e-05,0,2.9890816e-06,1.9697511e-06,"2014-05-10",1.3
"ABUR","2014-07-02",0.0378961169,0.0135131434,0.0004367417,0.1103362819,1.06875,0.2291666667,938.82256733,9.3147157328,153.2140601,0,0.0068846686,0,0.0077129138,0.0018100542,0,6.56859e-05,0,7.35881e-05,1.72695e-05,0.0022463639,7.14112e-05,3.75762e-05,0.0428924236,0.0284409703,0.014292775,0,0.0039266109,0,0.0001162523,5.35268e-05,0,2.64875e-05,0,7.4252277e-06,2.6166618e-06,"2014-06-27",1.13
"ABUR","2014-08-04",0.0401941728,0.0158603753,0.0005909372,0.0411052615,1.1041666667,0.2645833333,937.72082895,15.96865954,172.18672202,0,0.0033396318,0,0.0061517843,0.0016611271,0,4.89438e-05,0,9.01571e-05,2.43446e-05,0.0083673322,0.0030958089,0.0001141406,0.0048606974,0.1676393927,0.0114866198,0,0.0007104821,0,0.0008883699,8.76183e-05,0,1.56707e-05,0,4.9026562e-06,1.1457968e-06,"2014-07-25",0.98
"ABUR","2014-09-09",0.093518846,0.0374936086,0.0010615951,0.016691784,2.3041666667,0.4104166667,858.82358661,21.324210831,164.0879017,0,0.0025370637,0,0.0050273047,0.0014116595,0,6.37939e-05,0,0.0001264105,3.54959e-05,0.0085134736,0.0002212238,0.0002723976,2.19447e-05,0.034778206,0.0482749122,0,0.0007010364,0,0.001017716,1.23059e-05,0,2.36966e-05,0,1.56022e-05,2.9199478e-06,"2014-08-29",0.92
"ABUR","2014-10-13",0.0753814106,0.0286748079,0.0006949358,0.0327080482,1.5,0.2458333333,685.03051043,35.93859515,151.02074186,0.0053623987,0.0125129488,0.0007570532,0.005049068,0.0013819964,0.0001763552,0.0004115181,2.48975e-05,0.0001660506,4.54502e-05,0.0133401006,0.0032688717,0.0002008413,0.0011069454,0.1690695201,0.0129240004,0.0019821904,0.0029181909,0.0002242865,0.0004857778,2.2433e-05,6.65803e-05,6.10526e-05,8.2563795e-06,2.29403e-05,2.8629914e-06,"2014-09-18",1.07
"ABUR","2014-11-10",0.0756727518,0.0287548986,0.0008026403,0.0081461805,1.8520833333,0.2708333333,569.28047889,71.664974672,159.90778192,0.0037628756,0.015326645,0.0007478334,0.0048829637,0.0014366463,0.0001080503,0.0004401021,2.14739e-05,0.0001402135,4.12531e-05,0.0040482491,0.0021859084,3.84926e-05,0.0017106213,0.0336175984,0.0270091981,0.0056352257,0.0012811469,0.0001573225,0.0002656626,8.3232445e-06,0.0001669043,2.5636844e-06,2.5059938e-06,4.6872844e-06,3.8523294e-06,"2014-10-22",1.29
"ABUR","2014-12-01",0.0573563681,0.0219287281,0.0007732151,0.0274788803,1.3770833333,0.1958333333,543.25125353,40.415861169,140.34543797,0.0095557474,0.0238455785,0,0.0044782123,0.0013730464,0.0002406886,0.0006006186,0,0.0001127965,3.45841e-05,0.00106803,0.0034268865,0.0001703525,0.0019382015,0.0234616725,0.0158018444,0.0035476731,0.0073570749,0,0.000122971,6.0760247e-06,0.0001066024,0.0001893347,0,8.5868158e-06,1.5759932e-06,"2014-11-20",1.19
"ABUR","2015-01-07",0.0572302477,0.0239408833,0.0011011774,0.0998466277,1.0583333333,0.1166666667,511.302751,18.616519202,112.28506571,0.029692224,0.0525596666,0,0.0059220734,0.0012792845,0.0006805484,0.0012046721,0,0.0001357344,2.93213e-05,0.004941138,0.001908012,0.0003204213,0.0051149716,0.0844832779,0.006050062,0.020995573,0.0040672943,0,0.000101684,7.77697e-05,0.0004826447,0.0001544101,0,8.2157773e-06,7.2927251e-07,"2014-12-12",1.61
"ABUR","2015-02-04",0.0707202633,0.0253219988,0.0008910837,0.173003791,1.1791666667,0.1229166667,531.50608965,15.38087355,108.04954974,0,0.0059681415,0,0.0074572748,0.001434782,0,0.0001469654,0,0.0001836353,3.53315e-05,0.0042688821,0.0002324745,0.0001112307,0.0269448697,0.0256872601,0.0073207509,0,0.0004625177,0,0.000501289,5.88728e-05,0,1.71604e-05,0,1.98707e-05,2.7460148e-06,"2015-01-21",0.89
"ABUR","2015-03-04",0.0329266258,0.0136213643,0.0007322116,0.0518452264,0.65625,0.0875,590.582202,18.911219543,126.07894511,0.019249875,0.0287164314,0,0.0066286742,0.0015417129,0.0003632635,0.0005419065,0,0.0001250894,2.90936e-05,0.0013475525,0.0005141579,9.55651e-05,0.0057949496,0.0070814223,0.0053302184,0.0175046097,0.0016245955,0,0.0005013138,9.68523e-05,0.0003381274,4.18757e-05,0,7.4243357e-06,1.3222964e-06,"2015-02-10",2.22
"ABUR","2015-04-13",0.0423170423,0.0158420163,0.0011066516,0.1027074341,0.8895833333,0.06875,716.23332327,41.163155226,170.4988885,0.0079613433,0.0238531368,0,0.0055915993,0.0015555168,0.0001170616,0.0003507306,0,8.22175e-05,2.28719e-05,0.0018427029,0.0027838302,2.7955604e-06,0.0162950744,0.044285654,0.0039122894,0.0020821296,0.0045844499,0,0.0001817624,6.2871e-05,2.52862e-05,9.28917e-05,0,3.0264775e-06,2.6234516e-06,"2015-04-02",1.37
"ABUR","2015-05-04",0.0553325789,0.0207611478,0.001607936,0.112317445,0.9708333333,0.0708333333,785.99769536,30.54942143,161.97971972,0.0041433989,0.0210359857,0,0.0060743434,0.001683431,7.5372e-05,0.0003826628,0,0.0001104976,3.06231e-05,0.0181817289,0.0103588214,0.001129941,0.01226573,0.1683696302,0.0093397989,0.0029298255,0.0012481153,0,0.0002195471,1.97316e-05,6.80553e-05,2.71154e-05,0,2.19714e-05,4.1560671e-06,"2015-04-15",1.23
"ABUR","2015-06-09",0.0753981299,0.0309666284,0.001136396,0.0891080884,1.6520833333,0.3083333333,808.07260845,10.379644272,130.68038552,0.0072878962,0.0254930455,0,0.0063939412,0.0014923553,0.0001860218,0.0006507037,0,0.0001632038,3.8092e-05,0.0003662196,0.0021793222,9.3809e-05,0.0026424917,0.0870881212,0.0096984368,0.0039415447,0.0080962376,0,0.0003077362,9.91612e-05,6.5617e-05,7.35272e-05,0,5.29421e-05,7.4894686e-06,"2015-05-19",1.14
"ABUR","2015-07-08",0.1387927932,0.0457357712,0.0011067835,0.3302329663,2.0145833333,0.2958333333,679.90674078,8.4364713026,111.9880417,0,0.0037597413,0,0.0086270323,0.0018592316,0,0.0001423906,0,0.0003267269,7.04137e-05,0.0061626096,0.0009047027,0.0002602631,0.0012538962,0.1245542935,0.0158777488,0,0.0001787232,0,0.0009787411,3.28912e-05,0,9.9492541e-06,0,2.98703e-05,4.0036787e-07,"2015-06-29",0.98
"ABUR","2015-08-05",0.16757201,0.0676212768,0.0019578376,0.3122457578,2.48125,0.3145833333,713.34446676,17.332346936,130.98434311,0.0059662173,0.02361464,0,0.0103198967,0.0020381281,0.0003339122,0.0013216442,0,0.0005775753,0.0001140682,0.0121986037,0.0012636141,0.0003640446,0.0688174061,0.1214082441,0.0081873435,0.0046043146,0.0039774494,0,0.0014157878,8.02984e-05,0.0002317147,0.0002193414,0,8.01028e-05,6.2199655e-06,"2015-08-05",0.98
"ABUR","2015-09-04",0.0900149527,0.0310004596,0.0005703683,0.0587411947,2.0354166667,0.2083333333,692.77723688,54.554967654,175.10125904,0.0055684695,0.0257035936,0,0.0079882332,0.0018554749,0.0002614649,0.0012069005,0,0.0003750838,8.7123e-05,0.0061056522,0.0040005505,0.000118869,0.0003839526,0.1877832153,0.0090242401,0.006183985,0.0007925147,0,0.000882259,0.0002669753,0.0002309041,6.93056e-05,0,1.98062e-05,6.5289148e-06,"2015-08-14",1.04
"ABUR","2015-10-01",0.0703240262,0.0265548681,0.0008390322,0,1.55625,0.1875,670.94284104,166.21582243,261.96472664,0.0032226436,0.0248664383,0,0.0049555935,0.0018758392,9.25554e-05,0.0007141726,0,0.0001423263,5.38747e-05,0.005739641,0.0020075315,0.0002166662,0,0.1450053034,0.0030565084,0.0027593013,0.0135633763,0,0.0003933511,0.0002136461,6.69082e-05,0.0003432865,0,6.5395657e-06,4.1216831e-06,"2015-10-01",0.97
"ABUR","2015-11-05",0.0722425556,0.0294559507,0.0012222574,0,1.575,0.125,586.74262964,152.00700498,231.67368818,0.0115847174,0.0078185443,0,0.0038232,0.0015881484,0.0003241444,0.0002187656,0,0.0001069745,4.44369e-05,0.010842635,0.005069992,0.0001007089,0,0.0572816718,0.009363832,0.0021286039,0.0015154305,0,0.0002341408,4.25273e-05,4.55117e-05,5.54299e-05,0,4.1603287e-07,1.4319043e-06,"2015-10-19",1.2
"ABUR","2015-12-02",0.0619381593,0.0215279694,0.000939173,0,1.4125,0.1520833333,543.88527356,138.49949578,214.66482905,0.0035300067,0.0160171596,0,0.0038232,0.001589108,8.92568e-05,0.0004049963,0,9.66702e-05,4.01808e-05,0.0086162453,0.0030217142,0.0001167322,0,0.0066056682,0.0060217634,0.0024960916,0.0014821647,0,0.0004063579,7.64082e-05,6.01731e-05,2.11506e-05,0,1.33548e-05,5.3840648e-07,"2015-11-16",1.11
"ABUR","2016-01-10",0.0123039099,0.0038871814,0.0003000886,0.0330539978,0.18125,0.0395833333,510.65918573,37.970414498,133.30093606,0.0281695459,0.014656302,0,0.0045928708,0.0014880594,0.0002903208,0.0001510507,0,4.7335e-05,1.53362e-05,0.0062662563,0.0018296903,8.08247e-05,0.0125927944,0.0290750868,0.0002775307,0.0073514648,0.0029345381,0,7.64406e-05,0.0001020238,6.87663e-05,2.35709e-05,0,2.1700187e-06,2.0061562e-06,"2016-01-07",1.81
"ABUR","2016-02-07",0.0047048346,0.0018659718,0.0001453812,0.0540259978,0.09375,0.0208333333,536.20519479,19.549905975,110.57873969,0.0079694125,0.033557964,0,0.006006565,0.0014682522,2.19482e-05,9.24206e-05,0,1.65424e-05,4.0436518e-06,0.0006258574,0.0001781821,3.10401e-05,0.0012538706,0.0074502751,0.001347438,0.0063466477,0.0157242831,0,5.13821e-05,7.4041e-05,1.16097e-05,7.83408e-05,0,4.7177351e-06,1.4336886e-06,"2016-01-24",1.71
"ABUR","2016-03-10",0.0005132808,0.0001534166,6.1648883e-06,0,0.0166666667,0.00625,609.21478259,37.067008882,154.0216828,0.0406025933,0.0490600047,0,0.0052368943,0.0014269423,2.78317e-05,3.3629e-05,0,3.5897138e-06,9.7812063e-07,0.0001774355,6.78181e-05,3.1396419e-06,0,0.002045225,0.0006248893,0.0063569358,0.0103647792,0,0.0002918514,6.96694e-05,3.1671584e-06,6.0311734e-06,0,1.899999e-08,8.4753747e-09,"2016-02-25",1.73
"ABUR","2016-04-07",0,0,0,-99999,0,0,718.14383883,100.47697122,225.67066895,0.032724669,0.0462547708,-99999,0.0038232,0.0020637276,-99999,-99999,-99999,-99999,-99999,0,0,0,-99999,0,0,0.02774415,0.0268407303,-99999,7.92101e-05,2.35519e-05,-99999,-99999,-99999,-99999,-99999,"2016-03-13",1.63
"ABUR","2016-05-03",0.0001824998,5.56478e-05,4.8863965e-06,0,0.00625,0.0041666667,775.67336314,56.709532286,237.3828121,0,0.012343344,-99999,0.0038232,0.0020684223,-99999,-99999,-99999,-99999,-99999,2.86159e-05,6.7860558e-06,8.1438845e-07,0,0.0007897668,0.0002070559,0,0.0023063586,-99999,0.000168571,9.00853e-05,-99999,-99999,-99999,-99999,-99999,"2016-04-25",1.33
"ABUR","2016-06-01",0,0,0,-99999,0,0,841.31345897,96.932905052,270.91098546,0.0139815555,0.0183613374,-99999,0.0038232,0.0021986133,-99999,-99999,-99999,-99999,-99999,0,0,0,-99999,0,0,0.0267874551,0.0095298804,-99999,2.15901e-05,3.51751e-05,-99999,-99999,-99999,-99999,-99999,"2016-05-26",1.07
"ABUR","2016-07-08",0.005680307,0.0016873807,6.45982e-05,0,0.2083333333,0.0979166667,784.20615096,29.340372302,194.91190825,0.0374674152,0.1022753955,-99999,0.0038232,0.0019538846,-99999,-99999,-99999,-99999,-99999,0.0012751742,0.000629246,2.96714e-05,0,0.0033889408,0.0087193414,-99999,0.0130882678,-99999,0.0001041917,0.0001922315,-99999,-99999,-99999,-99999,-99999,"2016-06-16",1.04
"ABUR","2016-08-04",0.0099458764,0.0032780681,0.0001239342,0.005111332,0.26875,0.0604166667,788.41170405,78.190252086,249.70052189,0.0339366938,0.0372368275,0,0.0040365775,0.0020333461,8.12898e-05,8.91947e-05,0,9.6689612e-06,4.8705481e-06,0.0008627296,0.0002207825,1.65437e-05,0.0039323169,0.0008817585,0.0031809327,0.0106187825,0.0019920199,0,0.0002433412,5.1541e-05,3.85597e-05,2.32363e-05,0,8.8129177e-07,9.1844852e-07,"2016-07-12",1.08
"ABUR","2016-09-08",0.0166759215,0.0051876633,0.0002468695,0,0.2916666667,0.0375,768.55339521,75.083800619,238.53693234,0.0313889225,0.0622626992,0,0.0040365775,0.0019891744,0.0001305803,0.0002590175,0,1.67925e-05,8.2751133e-06,0.0013897066,0.0002340312,8.30542e-05,0,0.0350352265,0.0062794891,0.0140036878,0.0049218278,0,0.0003975096,0.0002942869,6.72393e-05,2.32384e-05,0,1.9726805e-06,1.4013358e-06,"2016-09-05",1.07
"ABUR","2016-10-03",0.0164601593,0.0051977622,0.0002491428,0.0957425103,0.25,0.03125,699.49830984,61.701017363,222.63047182,0.020433025,0.0388809151,0,0.0058412149,0.0020302864,0.0001061028,0.0002018974,0,3.03317e-05,1.05427e-05,0.0051436848,0.0011799875,8.44407e-05,0.0202936992,0.0327477768,0.0042176369,0.0196051629,0.0027693885,0,0.000476982,1.4633942e-06,7.67125e-05,2.05434e-05,0,7.0922788e-06,1.5377335e-06,"2016-10-03",1.26
"ABUR","2016-11-03",0.0312750624,0.008231624,0.0003939122,0.0158483327,0.6291666667,0.08125,621.78553054,34.59289389,170.04779208,0.0049726026,0.0283242638,0,0.0065222138,0.0020204471,3.28135e-05,0.000186908,0,4.30392e-05,1.33327e-05,0.0016802895,0.000353159,5.83683e-05,0.0031614977,0.0231986538,0.0085683026,0,0.0041495771,0,0.0001800005,5.01822e-05,9.8043133e-06,5.29331e-05,0,4.821177e-06,2.2064657e-06,"2016-10-04",1.14
"ABUR","2016-12-01",0.0301516491,0.0081557397,0.0004221783,0.1804055349,0.3979166667,0.05625,561.17102356,19.091849106,147.76535824,0.0144808967,0.0505740836,0,0.0071737719,0.0021363877,0.000118651,0.000414385,0,5.87792e-05,1.75048e-05,0.0001030425,0.0004333993,0.0001192015,0.006138363,0.0455751499,0.0063475719,0.0072650694,0.0111147987,0,0.0001885622,7.3276382e-06,5.45631e-05,8.30944e-05,0,1.9595258e-06,2.1406798e-07,"2016-11-17",1.48
"ABUR","2017-01-04",0.0302980027,0.0087403277,0.0006522297,0.2313324773,0.3958333333,0.0375,510.27893848,13.619544785,123.21973891,0.0065630456,0.019010057,0,0.0095874111,0.0021222428,5.54227e-05,0.0001605335,0,8.09624e-05,1.79216e-05,0.0052185675,0.0017904944,1.04525e-05,0.0008586568,0.0133163633,0.0008681717,0.0052266511,0.0041909903,0,0.0001428703,6.00322e-05,3.74776e-05,4.31003e-05,0,3.6576168e-06,6.1485182e-07,"2016-12-24",1.44
"ABUR","2017-02-09",0.0046719802,0.0014586063,0.0001022031,0.195861312,0.0520833333,0.00625,534.02348053,9.7775344593,118.10916891,0.036091194,0.0094689884,0,0.0090386305,0.0020848762,0.0001467808,3.85098e-05,0,3.67596e-05,8.4790693e-06,0.0011764472,0.0003898031,9.0621668e-06,0.0239767269,0.0054074572,0.0010506651,0.0056506096,0.0035138089,0,0.0010813453,9.80098e-05,5.56265e-05,8.4912171e-06,0,3.4024055e-06,2.1494856e-06,"2017-01-24",1.65
"ABUR","2017-03-07",0,0,0,-99999,0,0,602.66638992,34.263064718,160.94965033,0.0845086376,0.1051522646,-99999,0.0080647848,0.0020954723,-99999,-99999,-99999,-99999,-99999,0,0,0,-99999,0,0,0.0298783154,0.0058191106,-99999,0.0010312282,0.0001352536,-99999,-99999,-99999,-99999,-99999,"2017-02-18",1.99
"ABUR","2017-04-07",0,-99999,-99999,-99999,0,0,716.46381664,50.246994303,213.25119277,0,0.010272701,-99999,-99999,-99999,-99999,-99999,-99999,-99999,-99999,0,-99999,-99999,-99999,0,0,0,0.0118510342,-99999,-99999,-99999,-99999,-99999,-99999,-99999,-99999,"2017-03-30",1.6
"ABUR","2017-05-02",0,-99999,-99999,-99999,0,0,772.62271876,38.995528828,226.87739768,0,0.0018608006,-99999,-99999,-99999,-99999,-99999,-99999,-99999,-99999,0,-99999,-99999,-99999,0,0,0,0.0010361344,-99999,-99999,-99999,-99999,-99999,-99999,-99999,-99999,"2017-04-27",1.35
"ABUR","2017-06-01",0,-99999,-99999,-99999,0,0,841.66765942,24.704027441,204.24677937,0,0.0024702657,-99999,-99999,-99999,-99999,-99999,-99999,-99999,-99999,0,-99999,-99999,-99999,0,0,0,0.0009973004,-99999,-99999,-99999,-99999,-99999,-99999,-99999,-99999,"2017-05-06",1.23
"ABUR","2017-07-07",0.0002281248,7.97516e-05,2.7490532e-06,0,0.0166666667,0.0083333333,783.69689599,15.950185984,175.58731677,0,0.0047736182,-99999,0.0038232,-99999,-99999,-99999,-99999,-99999,-99999,2.4831e-05,5.0298734e-06,1.2350877e-07,0,0.0008918043,5.97293e-05,0,0.006106709,-99999,0.000216442,-99999,-99999,-99999,-99999,-99999,-99999,"2017-06-12",1.19
"ABUR","2017-08-01",0.0011771239,0.0004424956,1.1179e-05,0,0.0875,0.03125,792.95504769,17.634932237,183.60954455,0,0.0096464823,0,0.0038232,0.0015257622,0,2.0421217e-06,0,8.0935613e-07,3.2299774e-07,8.792e-05,2.88975e-05,4.382528e-08,0,0.0060940394,0.002205611,0,0.0103109128,0,0.0001752165,0.0001345801,0,2.7030535e-06,0,3.3057189e-09,1.1669692e-08,"2017-08-01",1.16
"ABUR","2017-09-07",0.0015489673,0.0004726756,1.25471e-05,0,0.0916666667,0.0375,768.71825381,31.624049427,207.99618606,0,0.0024219502,0,0.0038232,0.0017750802,0,1.1078477e-06,0,1.7488069e-06,8.1195662e-07,0.0001444388,8.745e-05,8.9293834e-07,0,0.0050313526,0.0007008819,0,0.0019597173,0,0.0001902853,0.0002281794,0,1.1227106e-06,0,9.7014583e-08,2.4810965e-08,"2017-09-07",0.95
"ABUR","2017-10-03",0.0022880916,0.0007328005,2.01776e-05,0,0.1145833333,0.0333333333,700.3857821,37.886778682,204.35473496,0,0.0110646951,0,0.0038232,0.0018830687,0,6.5642825e-06,0,2.268166e-06,1.1171564e-06,0.0004515188,0.0001279396,8.2878717e-08,0,0.0198366319,0.0012622435,0,0.0156478419,0,0.0006407512,0.0003131428,0,8.2635958e-06,0,3.2695968e-07,1.6018565e-07,"2017-09-21",1.28
"ABUR","2017-11-03",0.0045921518,0.0011814581,4.83753e-05,0,0.25,0.0895833333,621.78553054,27.632193546,165.54650729,0,0.0061630722,0,0.0038232,0.0019611725,0,5.7892146e-06,0,3.5912812e-06,1.842206e-06,0.0009291512,0.0001787236,7.6752636e-06,0,0.0463363144,0.0044403389,0,0,0,1.09694e-05,1.15454e-05,0,1.9185489e-06,0,6.1706845e-07,3.0390158e-07,"2017-10-20",1.46
"ABUR","2017-12-07",0.015133798,0.0047934237,0.0002518185,0,0.4625,0.0895833333,554.33933306,28.743901714,160.62054492,0,0.0073916008,0,0.0038232,0.0017821902,0,1.90634e-05,0,9.8602717e-06,4.59638e-06,0.0031552748,0.0008758561,8.96246e-05,0,0.071120391,0.006784197,0,0.001730847,0,2.5366e-05,6.54945e-05,0,3.0093329e-06,0,5.9780894e-07,1.2465018e-07,"2017-11-27",1.03
"ABUR","2018-01-25",0.0307865546,0.0083133251,0.0004427408,0.2307639045,0.5333333333,0.0958333333,513.63270897,20.201692711,134.77482699,0.0019451057,0.0120395599,0,0.00670606,0.0020439751,1.24344e-05,7.6965e-05,0,4.28697e-05,1.30665e-05,0.0089544759,0.0023313651,0.0001075068,0.0244794606,0.1276489489,0.0103266585,0.0013753974,0.002830061,0,0.0001686069,9.60738e-05,9.4500595e-06,1.5752686e-06,0,1.1287e-05,2.7434609e-06,"2018-01-10",1.32
"ABUR","2018-02-16",0.049733245,0.0145372818,0.0004531565,0.2448137863,0.6645833333,0.0729166667,568.41526117,21.746392667,144.22721146,0.0047891143,0.0285173085,0,0.0097353143,0.002289568,5.33361e-05,0.0003175956,0,0.0001084216,2.54988e-05,0.0013550719,0.0001206496,7.9429319e-06,0.0057256858,0.0666288885,0.0052141289,0.0033864152,0.0042281158,0,0.0004283533,8.80035e-05,3.34648e-05,8.22441e-05,0,1.01431e-05,4.0740442e-06,"2018-01-26",1.18
"ABUR","2018-03-07",0.0674650283,0.019981808,0.0017423983,0.3847745624,0.875,0.0854166667,601.8825366,24.467350655,164.73845784,0.0061991071,0.0236815766,0,0.010582893,0.00248937,0.0001061006,0.0004053211,0,0.0001811311,4.26067e-05,0.0021681943,0.0021846656,0.0001258644,0.0031863744,0.1196504607,0.0125237197,0,0.0016702002,0,2.95268e-05,0.0003077062,0,2.6787944e-06,0,1.10631e-05,3.0264088e-06,"2018-02-19",1.07
"ABUR","2018-04-05",0.1270205993,0.0320662967,0.0030586876,0.5045822506,1.15625,0.0833333333,710.83664729,15.623098096,168.6634098,0,0.0024066876,7.9951e-05,0.011888105,0.0033324282,0,6.14897e-05,2.0427084e-06,0.0003037352,8.51419e-05,0.0086740865,0.0026448,0.0002460446,0.0073965348,0.1192888774,0.0053538273,0,0.000158153,3.3869346e-06,0.0010180859,0.0001919764,0,5.0903644e-06,7.3339027e-08,3.09813e-05,4.4155771e-06,"2018-03-15",1.17
"ABUR","2018-05-04",0.1467132627,0.0439800587,0.0023104435,0.5051803762,1.35,0.0770833333,780.47640467,15.108506407,187.49275206,0,0.0043658456,0,0.0121862317,0.0035414907,0,0.0001646362,0,0.0004595433,0.0001335497,0.0287798897,0.0094743971,0.0008794114,0.0159826796,0.0999852072,0.005372261,0,0.0009260501,0,0.0006054135,0.0002610371,0,5.8264e-05,0,3.90109e-05,3.01224e-05,"2018-04-12",1.27
"ABUR","2018-06-04",0.2197909766,0.0758893336,0.0045064092,0.5851777605,1.61875,0.1125,834.13197847,14.098035524,184.44674947,0.0033987263,0.0155959366,0,0.0122971742,0.0032564934,0.0001987956,0.0009122249,0,0.0007192764,0.0001904762,0.019948132,0.0014732854,0.0002951808,0.0268947638,0.0289794164,0.0002003059,0.0026866188,0.0024618644,0,0.0011113092,0.0003026224,0.0002047568,0.0002667826,0,0.0001446845,3.98216e-05,"2018-05-11",1.08
"ABUR","2018-07-06",0.2005084304,0.0618617798,0.0021966657,0.5397715307,1.7666666667,0.0708333333,784.46903015,13.306704492,172.6592507,0,0.0013175124,0,0.0125017509,0.0031479479,0,9.04299e-05,0,0.0008580804,0.0002160651,0.0111337177,0.0050342306,0.0002109967,0.027780995,0.0693179603,0.0066937563,0,6.32205e-05,0,0.0008213122,0.0003062325,0,1.051668e-06,0,9.79466e-05,3.16168e-05,"2018-06-10",1.23
"ABUR","2018-08-03",0.1859372426,0.0559695511,0.0028744211,0.4534347129,1.8625,0.05625,790.93789614,30.203550188,205.45178136,0,0.0036425424,0.0005679832,0.0119059692,0.003266867,0,0.0002144238,3.34352e-05,0.000700863,0.0001923091,0.0150687003,0.0073530609,0.0003385562,0.0085403389,0.0839875366,0.000410083,0,0.0004296047,9.9277e-05,0.0002249671,3.43652e-05,0,3.7376683e-06,2.5920467e-06,8.66223e-05,1.81355e-05,"2018-07-24",1.12
"ABUR","2018-09-07",0.0635361343,0.0184620608,0.0009735188,0.1222186779,1.1729166667,0.05,768.56689432,93.642572842,261.77416337,0.002723148,0.0247221292,0,0.009792158,0.0030657742,9.20921e-05,0.0008360593,0,0.0003311537,0.0001036791,0.00319577,0.0008203023,5.3929579e-06,0.0120588582,0.0172561906,0.0031630145,0,0.004654942,0,0.0002158161,4.22582e-05,5.2900889e-06,0.0002232701,0,2.68725e-05,4.5079317e-06,"2018-08-31",1.08
"ABUR","2018-10-04",0.0513611968,0.0168006481,0.0007420083,0.0949252585,1.04375,0.0479166667,698.45042608,55.000262874,221.43038348,0.007432248,0.0395698318,0,0.0074789045,0.0021885389,0.0001309436,0.0006971532,0,0.0001317656,3.85583e-05,0.0004219347,0.0011672009,0.0001783254,0.0044314102,0.2307039709,0.0053571179,0.0030846364,0.0148131961,0,7.61936e-05,0.0002646577,4.87962e-05,0.0002265259,0,8.9848846e-06,2.858585e-06,"2018-09-16",0.99
"ABUR","2018-11-02",0.0350059008,0.0101602958,0.0003204943,0.1100712753,0.6979166667,0.0520833333,620.58150363,25.078269149,161.53261295,0.0076946052,0.0499356957,0,0.0072656361,0.0019053738,0.0001015945,0.0006593177,0,9.59306e-05,2.51573e-05,0.0029401726,7.78566e-05,3.63748e-05,0.0024358732,0.0612264645,0.0013705734,0.0037586549,0.0035143229,0,0.0001916233,0.0001637693,5.74163e-05,6.30521e-05,0,3.6083841e-07,1.4376645e-06,"2018-10-07",1.11
"ABUR","2018-12-11",0.0065193564,0.0019473667,7.41657e-05,0.0740869188,0.125,0.0270833333,553.86582482,42.0675479,172.52777015,0.0115893621,0.0788343566,0,0.0081446867,0.0020424989,5.76163e-05,0.0003919233,0,4.04911e-05,1.01542e-05,0.0006945468,0.0002320934,9.2702037e-08,0.0081256625,0.0041563322,0.0015225768,0.0073514648,0.0248748017,0,0.000654373,0.0002936506,3.39517e-05,0.0001343886,0,4.5832156e-06,1.0736906e-06,"2018-11-30",1.58
"ABUR","2019-01-04",0.0046011445,0.0015382968,5.88375e-05,0.0110487023,0.0875,0.01875,503.82758635,31.17023545,146.19105552,0,0.045084885,0,0.0066849387,0.0016988443,0,7.82133e-05,0,1.1597e-05,2.9471567e-06,0.0009408634,0.0003401583,5.1710577e-06,0.0037495311,0.0114876478,0.0010091877,0,0.0159442796,0,0.0001511249,9.73946e-05,0,1.71909e-05,0,2.0927396e-06,6.9391144e-07,"2018-12-25",1.3
"ABUR","2019-02-07",4.5625e-05,1.55551e-05,8.374599e-07,0,0.0041666667,0.0020833333,532.42777319,20.962394067,132.00662872,0.029752968,0.0468879003,0,0.0042695143,0.0015191527,1.53403e-05,2.4175e-05,0,2.2013211e-06,7.8326075e-07,9.7263857e-06,3.6842906e-06,1.1741436e-07,0,0.0006529742,0.00014472,0.0084325626,0.0092723249,0,0.0005179001,8.43896e-05,8.7234869e-06,1.3253259e-06,0,9.7763419e-07,2.0090016e-07,"2019-01-18",1.3
"ABUR","2019-03-04",0.0001368749,3.75217e-05,2.4850712e-06,0,0.0041666667,0.0020833333,595.38583025,66.184584127,184.74947414,0.0277258872,0.0179175947,0,0.0038232,0.0019543398,6.9167756e-07,4.4699014e-07,0,9.537735e-08,4.8754904e-08,2.6143512e-06,6.5039086e-06,2.0331305e-07,0,0.0003289824,3.86002e-05,0.0392103257,0.0084034651,0,0.0003029227,0.0003647324,1.3671874e-06,1.6153528e-07,0,3.1421465e-08,7.825971e-10,"2019-02-14",1.06
"ABUR","2019-04-01",0.0003193747,0.0001092466,6.231794e-06,0,0.0083333333,0.0020833333,697.82521539,37.728707728,191.19822735,0.0247552564,0.0123776282,0,0.0038232,0.0017906384,1.661446e-06,8.3072298e-07,0,2.5659359e-07,1.2017847e-07,9.27512e-06,7.7751637e-07,5.6432218e-07,0,0.0023090107,0.0003206918,0.0175046097,0.0040130379,0,0.0001563524,0.0001239097,1.2514509e-06,3.1046418e-07,0,2.5964304e-08,1.5495733e-08,"2019-03-13",1.4
"ABUR","2019-05-03",0.0007192863,0.0002237539,1.22851e-05,0.2827062254,0.0104166667,0.0020833333,773.28075998,35.42793474,202.06797156,0,0.0089900648,0,0.0072237961,0.0022874308,0,1.4358652e-06,0,1.1537623e-06,3.6534134e-07,0.0001499374,4.08017e-05,1.469288e-06,0.0644448719,0.0010512445,2.01945e-05,0,0.0023361079,0,0.000858379,8.53514e-05,0,1.067212e-07,0,2.5373856e-07,5.2475545e-08,"2019-04-09",1.42
"ABUR","2019-06-04",0.0111913391,0.0033286366,0.000218825,0.013627505,0.475,0.2,835.26621222,55.746833915,238.41449649,0,0,0,0.0075043004,0.0021906604,0,0,0,8.6303506e-06,2.5193777e-06,0.0030510231,0.0009325467,7.59002e-05,0.0152767251,0.0624181305,0.0216541586,0,0,0,0.0001594822,0.0002457872,0,0,0,2.1281187e-06,3.3433722e-07,"2019-05-21",1.18
"ABUR","2019-07-08",0.017515707,0.0055311984,0.0001754658,0.0087070439,0.5958333333,0.1583333333,784.85879719,38.500955614,212.53187678,0.0065630456,0.0091941527,0,0.0044567337,0.0019649634,2.84646e-05,3.9876e-05,0,1.93293e-05,8.5222485e-06,0.0027166395,0.0003294165,7.67812e-05,0.0020041385,0.0913228618,0.0148296182,0.0106237724,0.0006971167,0,7.69657e-05,0.0002697881,4.28404e-05,1.2326703e-06,0,2.3264326e-06,2.0565688e-06,"2019-06-13",0.75
"ABUR","2019-08-02",0.0158396819,0.0053483514,0.0001123353,0.0192567036,0.46875,0.1083333333,791.81834691,38.922246595,219.04134422,0,0.0004765509,0,0.0044801176,0.0018911944,0,2.5920855e-06,0,2.43685e-05,1.02867e-05,0.0004020327,0.0005551624,2.26227e-05,0.0032867973,0.0540886982,0.0053088179,0,0.0001239728,0,0.0001249785,3.99257e-05,0,6.1725565e-07,0,1.1097294e-06,1.1810126e-08,"2019-07-13",0.69
"ABUR","2019-09-12",0.0236031457,0.0060030943,0.0002162102,0.0129228562,0.6583333333,0.1416666667,762.64363482,25.159716091,201.8593963,0.0025697687,0.0184768706,0,0.0043930882,0.002079853,1.45691e-05,0.0001047532,0,2.49063e-05,1.17916e-05,0.0019493622,3.51619e-05,2.17192e-05,0.0011221593,0.0596088311,0.0046927996,0,0.0017206543,0,2.49907e-05,5.77568e-05,0,1.5154e-05,0,1.3287296e-06,3.5161151e-07,"2019-09-09",1.02
"ABUR","2019-10-04",0.0255313471,0.0091498918,0.0003821471,0.0059734423,0.7375,0.1416666667,693.55572986,27.815227081,188.08016438,0,0.0209980996,0,0.0043170503,0.0018698202,0,0.000156778,0,3.22324e-05,1.39606e-05,0.0027736995,0.0021415269,3.33086e-05,0.0008962481,0.0079882734,0.0067902729,0,0.0136318488,0,0.0007783708,0.0001828004,0,0.0001406606,0,1.16914e-05,1.0298424e-07,"2019-10-01",1
"ABUR","2019-11-01",0.0173413571,0.0050630696,0.00014856,0.0014657641,0.4583333333,0.09375,622.07770586,29.309946581,169.84617819,0.0059662173,0.027795963,0,0.004166358,0.0016635614,4.12033e-05,0.000191962,0,2.87733e-05,1.14887e-05,0.0008284389,0.0002817161,3.3807e-05,0.0003429196,0.0511354779,0.0049917249,0.0080421712,0.0144732963,0,0.0001738365,4.51023e-05,5.13853e-05,0.000129085,0,4.2587789e-06,7.5034377e-07,"2019-10-19",0.91
"ABUR","2019-12-05",0.0205334084,0.0082780799,0.0004131288,0.0643782741,0.4270833333,0.0645833333,558.63339334,22.315315698,152.44854989,0,0.0094980013,0,0.0048487758,0.0015535557,0,6.21111e-05,0,3.1708e-05,1.01593e-05,0.0070797355,0.002871085,0.0001667904,0.0097987894,0.1159994578,0.0055220858,0,0.0014653042,0,5.2813e-05,9.112e-05,0,1.3908839e-06,0,5.1248206e-06,2.2937177e-06,"2019-11-20",1.35
"ABUR","2020-01-14",0.0087990292,0.0028403123,9.12336e-05,0.06413061,0.175,0.0208333333,511.22640951,11.615206526,119.39632501,0.0139903947,0.0377841875,0,0.0062330089,0.0013714599,7.11197e-05,0.0001920746,0,3.16853e-05,6.9717687e-06,8.95652e-05,0.0001281118,4.6100326e-06,0.0056720904,0.0101492448,0.0001219361,0.0063051818,4.94535e-05,0,0.0007175359,0.0001363662,1.67037e-05,5.31291e-05,0,1.09173e-05,8.5032566e-07,"2019-12-26",1.3
"ABUR","2020-02-04",0.0057612986,0.0017205611,3.88467e-05,0.1764764501,0.0875,0.0104166667,537.12446268,10.354773332,121.17550531,0.0766399006,0.1129473544,0,0.0075647188,0.0017422534,0.0001712026,0.0002523083,0,1.68985e-05,3.8919452e-06,0.0018945922,0.0005856598,6.0607342e-06,0.0226193619,0.0244221659,0.0003770032,0,0.0228226753,0,0.0001510768,2.27087e-05,3.09202e-05,9.38869e-05,0,3.1739274e-06,6.5400213e-07,"2020-02-03",1.12
"ABUR","2020-03-02",0.0003193747,0.0001177566,2.5997668e-06,0,0.0104166667,0.0041666667,590.82921199,10.942343539,132.76407652,0.0150172262,0.0588783038,0,0.0060651778,0.0019987337,1.03989e-05,4.07712e-05,0,4.1999308e-06,1.3840556e-06,0.0001220729,4.56365e-05,7.286955e-07,0,0.0031885413,0.0006455579,0.0106187825,0.0121083299,0,0.0006281895,0.0001338874,5.8403432e-06,2.35491e-05,0,1.7554141e-06,3.8000782e-07,"2020-03-02",0.81
"ABUR","2020-07-13",0.0003421872,9.81537e-05,2.8264272e-06,0,0.0229166667,0.0125,773.03665251,13.669816536,169.15658356,0.0052116329,0.0212499593,0,0.0038232,0.0016849948,5.6107324e-07,2.2877251e-06,0,4.1159752e-07,1.8140293e-07,6.17676e-05,2.16308e-05,3.0252314e-07,0,0.0026734553,0.0004109206,0.003685181,0.0033405149,0,0.000291916,3.36904e-05,3.3328333e-07,6.2766859e-07,0,7.1814639e-08,1.872469e-08,"2020-04-06",1.07
"ABUR","2020-08-06",0.0017223421,0.0005353929,2.09615e-05,0,0.0583333333,0.0166666667,790.04423032,11.988361198,167.99053562,0.011986753,0,0,0.0038232,0.0017875252,3.0894095e-06,0,0,9.8537364e-07,4.6070836e-07,5.84097e-05,3.71443e-05,2.9533783e-06,0,0.0131888342,0.0009200147,0.0084759143,0,0,0.0007300343,8.87908e-05,2.2940628e-06,0,0,2.3836019e-07,4.0692825e-08,"2020-07-22",0.73
"ABUR","2020-09-02",0.0009923428,0.0002803479,7.9590551e-06,0,0.03125,0.00625,773.84054324,15.592343704,184.18241886,0.0124619347,0.0132722924,0,0.0038232,0.0018892796,4.9126795e-06,5.2321345e-06,0,1.5071622e-06,7.4478206e-07,0.0006212075,0.0001797677,7.1241167e-06,0,0.0072375316,0.0013926581,0.0047748448,0.0013615902,0,0.0001819991,7.99172e-05,3.0818319e-06,6.2989079e-07,0,2.2317172e-07,1.4779672e-07,"2020-08-28",0.75
"ABUR","2020-10-05",0.0011920713,0.0003490392,1.13158e-05,0.0106614173,0.0375,0.0104166667,702.10411332,18.070748593,176.47441866,0.0142425342,0.0198357046,0,0.0045466955,0.0019381043,4.4641808e-06,6.2173045e-06,0,1.4251165e-06,6.0747954e-07,0.0003968559,0.0001297585,4.2513699e-06,0.0033129877,0.0029590684,0.0002233175,0.0268435512,0.0005668728,0,0.0001121894,1.42094e-05,9.9387056e-06,1.0835073e-06,0,2.0697115e-07,6.5232457e-08,"2020-09-04",0.74
"ABUR","2020-11-04",0.0006661244,0.000188752,7.6285315e-06,0,0.0229166667,0.00625,618.78246637,28.146442296,168.83575377,0.0074381184,0.0272956304,0,0.0045466955,0.0018960137,1.9393815e-06,7.1169397e-06,0,1.1854849e-06,4.9435806e-07,6.0884e-05,9.8243276e-06,1.4550503e-06,0,0.0028316909,0.0006515648,0,0.0186668154,0,0.0002186164,0.0001679602,3.6289341e-07,6.3687241e-06,0,1.6912614e-07,4.820124e-08,"2020-10-19",0.75
"ABUR","2020-12-04",0.0021016118,0.0005560627,2.66427e-05,0.0967575019,0.0375,0.0041666667,556.30807617,26.816586377,160.73304051,0,0.0128741616,0,0.0059673077,0.0021107123,0,4.3767226e-06,0,2.0286564e-06,7.1756147e-07,0.0007311406,0.0002181344,1.1133e-05,0.0081630472,0.0094483075,0.000153331,0,0.0134048286,0,0.0007755454,0.0002671732,0,3.3185468e-06,0,6.8642115e-07,6.2943876e-08,"2020-11-07",1.28
"ABUR","2021-01-12",0.0052911884,0.0015147567,9.29291e-05,0.5764679576,0.0520833333,0.0020833333,510.07340484,18.215591455,130.68441481,0.0177730046,0.0366137862,0,0.0099381612,0.0026390149,1.70027e-05,3.50268e-05,0,9.5074136e-06,2.5246326e-06,0.0006325961,9.53648e-05,1.01982e-05,0.0249414345,0.0048368903,0.0002572427,0,0.0101685193,0,8.48049e-05,2.37823e-05,3.6429897e-06,1.55549e-05,0,1.9769935e-06,5.8094463e-07,"2020-12-28",1.9
"ABUR","2021-02-04",0.0070593863,0.0019761308,0.0001512651,0.4212753704,0.0770833333,0.0020833333,537.58638008,16.686775977,133.92568065,0,0.0033511017,0,0.0117525388,0.002769407,0,5.8149425e-06,0,2.03934e-05,4.8055665e-06,0.0010101865,0.0002183375,2.4357119e-06,0.1086904282,0.002637701,8.45036e-05,0,0.0013053829,0,7.7585233e-06,0.0003771082,0,1.7356361e-06,0,1.9164234e-06,1.0663369e-06,"2021-01-26",1.43
"ABUR","2021-03-08",0.0104937334,0.002758445,0.0001683135,0.6128266562,0.1020833333,0.0020833333,597.14974814,32.773703301,166.65644757,0,0.0112585337,0,0.0119674498,0.0032327464,0,2.64078e-05,0,2.80707e-05,7.58268e-06,0.0001835515,7.84164e-05,1.24322e-05,0.0117537879,0.0078629383,2.68478e-05,0,0.0126024308,0,0.0001868623,0.000284572,0,2.30355e-05,0,1.3148562e-06,7.472929e-07,"2021-02-14",1.08
"ABUR","2021-04-01",0.0071009927,0.0018551545,0.0001779528,0.2147728292,0.1145833333,0.0020833333,706.95817433,22.352611315,174.55399915,0,0.0034802934,0,0.0106649362,0.0033972016,0,7.9246858e-06,0,2.42842e-05,7.7354843e-06,0.0025334411,0.0004400242,6.82801e-05,0.0948871607,0.0008942012,0.000134529,0,0.0002847833,0,0.0002610096,0.0001007716,0,9.8108528e-07,0,2.499656e-06,1.1275147e-06,"2021-03-16",1.08
"ABUR","2021-05-07",0.0134196113,0.004027465,0.0003460012,0.4886826525,0.1520833333,0.0083333333,778.12678899,25.624895792,193.45385366,0,0.006448689,0,0.0108538311,0.003101685,0,1.80716e-05,0,3.04164e-05,8.6920676e-06,0.0024630811,0.0006057674,0.000110687,0.0106985183,0.0049138598,0.0002060597,0,0.0041173637,0,0.0010538603,7.1058e-05,0,7.2394979e-06,0,8.6186954e-06,1.7239434e-06,"2021-04-10",1
"ABUR","2021-06-01",0.0208541837,0.0067069068,0.0004947091,0.5996793064,0.19375,0.0208333333,845.22040904,44.170066989,224.15519386,0,0.00555562,0,0.0123961014,0.0034983565,0,2.91881e-05,0,6.51266e-05,1.83797e-05,0.0070681615,0.0029672144,0.0001585242,0.0545487294,0.0420504701,0.0008502881,0,0.0060567876,0,0.0023170189,6.53133e-05,0,4.01195e-05,0,9.4837057e-06,5.0025332e-06,"2021-05-21",1.02
"ABUR","2021-07-09",0.0164003132,0.0051572072,0.0001831525,0.1883090925,0.29375,0.0333333333,784.41071541,42.227263714,212.78155877,0,0.0049055649,0,0.0104931231,0.0029274517,0,2.89338e-05,0,6.18902e-05,1.72666e-05,0.0022240673,0.0005397307,1.180712e-06,0.0487072538,0.0328635601,0.0018099208,0,0.0024412152,0,0.0003356938,0.0003310473,0,2.19637e-05,0,1.3903e-05,9.8647605e-07,"2021-06-15",0.83
"ABUR","2021-08-02",0.0185452234,0.006289673,0.0002262587,0.4057016698,0.2583333333,0.0354166667,791.81162803,31.668079759,208.70801671,0,0.0024146896,0,0.0100813944,0.0025402934,0,1.37751e-05,0,5.75115e-05,1.44917e-05,0.0006914588,0.0001842222,1.66966e-05,0.0885985942,0.0479027163,0.0021854573,0,0.0025742304,0,0.0005437453,8.67508e-05,0,1.85881e-05,0,7.2859407e-06,3.4767538e-07,"2021-07-30",0.82
"ABUR","2021-09-02",0.0222496614,0.0066905101,0.0004570498,0.5712073046,0.19375,0.0166666667,773.79015395,49.375211002,223.73386154,0,0.0245082328,0,0.012011563,0.003116998,0,0.0001590101,0,7.79314e-05,2.02232e-05,0.0094028079,0.0019930115,0.0004367948,0.0670976981,0.0194955768,0.0011105922,0,0.0018383987,0,0.0010448824,0.0005618874,0,5.0556e-05,0,2.07877e-05,7.9685476e-06,"2021-08-05",0.9
"ABUR","2021-10-04",0.0019182704,0.0004926258,2.54698e-05,0.0397519633,0.0541666667,0.01875,704.34750975,31.541007629,189.11211868,0.0056975486,0.0489569105,0,0.0093117731,0.0032089476,1.56668e-05,0.0001346189,0,2.5605e-05,8.8237827e-06,0.0004909848,0.0001260396,6.148282e-06,0.0039771725,0.0023887512,0.003556912,0.0049308224,0.0094984777,0,7.8834e-05,0.000698145,2.61392e-05,1.01233e-05,0,8.8267936e-06,5.9180339e-06,"2021-09-29",0.78
"ABUR","2021-11-01",0.0020668105,0.0005236683,3.36484e-05,0,0.0479166667,0.0104166667,622.07770586,44.190749739,173.40900229,0.0247552564,0.0437151469,0,0.0049099234,0.002204859,1.25754e-05,2.22068e-05,0,2.4941868e-06,1.120044e-06,0.0001492182,7.79378e-05,2.3397725e-07,0,0.0069726396,0.000475862,0.0175046097,0.0470763011,0,0.0002887321,2.89635e-05,9.4582519e-06,2.38551e-05,0,5.706465e-08,4.8277298e-08,"2021-10-26",1.35
"ABUR","2021-12-03",0.0027499513,0.0007412608,3.61659e-05,0.258809486,0.0458333333,0.0083333333,560.50836019,46.87099316,178.25130602,0.034331634,0.0610794914,0,0.0070029384,0.002407465,2.14977e-05,3.82465e-05,0,4.3850731e-06,1.5074972e-06,0.0002568302,9.92887e-05,5.3365217e-06,0.0103535711,0.0004085576,0.0012558067,0.0153165335,0.0103583745,0,0.0004764029,0.0002781871,9.0240174e-06,6.7281653e-06,0,3.4301696e-07,1.4918414e-07,"2021-11-05",0.98
"ABUR","2022-01-06",0.0026358962,0.0007890522,6.49842e-05,0.1687550997,0.0375,0.0041666667,511.40620207,18.619507934,129.22086795,0.0119254444,0.0303043378,0,0.0098751828,0.0021210757,9.1218639e-06,2.318e-05,0,7.5536031e-06,1.6224271e-06,5.13388e-05,6.0299594e-06,1.06556e-05,0.0182079182,0.0024393352,0.0003206604,0.0084325626,0.002204568,0,0.000415572,4.21921e-05,7.44147e-06,3.2698745e-06,0,8.8151082e-07,8.9051304e-08,"2021-12-25",1.65
"ABUR","2022-02-03",0.0090560052,0.0026928385,0.0001462326,0.3929511176,0.0916666667,0.00625,529.15754081,14.588609121,124.01958576,0,0.0044818758,0,0.0102885267,0.0022914397,0,6.9510422e-06,0,1.59567e-05,3.5538455e-06,0.001221762,0.000701385,2.6122e-05,0.0224059615,0.0009459678,0.0001975426,0,0.0031639,0,0.000606529,0.0001388961,0,3.2685048e-06,0,1.7144113e-06,3.8276769e-07,"2022-01-12",0.9
"ABUR","2022-03-07",0.0105240295,0.0026014287,0.0002655714,0.3019083392,0.13125,0.00625,594.5312181,33.287423812,164.09780938,0,0.0052164092,0,0.0109282303,0.0027410688,0,1.38072e-05,0,2.89256e-05,7.2552541e-06,0.0013771198,0.0005325822,3.21533e-05,0.103468682,0.0107515347,0.0002054462,0,0.0020532658,0,0.0005851876,8.62547e-05,0,3.7972922e-06,0,8.5964489e-06,1.6571071e-06,"2022-03-05",1.37
"ABUR","2022-04-05",0.005566359,0.0013497457,0.0001045573,0.2328874658,0.08125,0.0020833333,710.83673302,34.311431556,190.06593512,0.0378831824,0.0789890619,0,0.0108006023,0.0030923141,7.22672e-05,0.0001506821,0,2.06036e-05,5.899e-06,0.0002543658,3.45904e-05,6.2060837e-06,0.0362711955,0.0037977879,4.98092e-05,0,0.1060355864,0,0.0008706336,0.0001987361,2.8007442e-06,0.0001967923,0,3.8907351e-06,9.7966972e-07,"2022-03-20",1.49
"ABUR","2022-05-06",0.0087486177,0.0021308855,0.0001818616,0.1975680105,0.1229166667,0.0020833333,781.42794501,39.724040181,210.11028738,0,0.0008167035,0,0.0099987354,0.0030764276,0,1.3971303e-06,0,1.71048e-05,5.2628281e-06,0.0006438532,0.0002921306,1.94223e-05,0.0138157095,0.0373464223,0.0003177854,0,0.0007603734,0,0.0001582772,0.0001857215,0,1.3399857e-06,0,1.452672e-06,3.3674542e-08,"2022-04-23",1.35
"ABUR","2022-06-03",0.0132654421,0.0032303702,0.0003007145,0.3985554587,0.1583333333,0.0166666667,839.22013996,50.230912896,209.06606427,0,0.0059112299,0,0.0103887136,0.0035440985,0,1.56211e-05,0,2.74534e-05,9.3656932e-06,0.0032516708,0.0006458525,7.04737e-05,0.0878300338,0.0187131841,0.0001545094,0,0.0016680136,0,9.87525e-05,0.000128823,0,1.9825008e-06,0,1.5341264e-06,7.3769636e-07,"2022-05-31",1.13
"ABUR","2022-07-07",0.0134567086,0.0041420204,0.0002034419,0.2890012603,0.2,0.01875,783.88637143,95.041971923,232.81003252,0,0.0045338435,0,0.0101284001,0.0032003136,0,1.66271e-05,0,3.71442e-05,1.17366e-05,0.0012947477,0.0003347755,1.11703e-05,0.0121629989,0.0445659597,0.0015374974,0,0.0055420628,0,0.0006111411,0.0002179895,0,1.97538e-05,0,7.2091981e-06,2.3672941e-06,"2022-06-07",0.98
"ABUR","2022-08-04",0.0146832838,0.0047726078,0.0001985406,0.2908260081,0.2104166667,0.0166666667,788.91626212,117.34264639,269.77775969,0,0.0059662173,0,0.0090977894,0.0027614123,0,2.65489e-05,0,4.0484e-05,1.22879e-05,0.0020328344,0.0005554065,1.49711e-05,0.0324513343,0.0148429854,3.23324e-05,0,0.0029429676,0,0.0002333436,0.0002474059,0,1.16822e-05,0,1.4805731e-07,1.2906221e-06,"2022-07-24",0.74
"ABUR","2022-09-09",0.0006558587,0.0002194672,1.05206e-05,0,0.0229166667,0.0083333333,768.27942337,77.773210375,255.95285951,0,0.0100000759,0,0.0066480218,0.002596898,0,3.44323e-05,0,2.28905e-05,8.9416594e-06,0.0001286252,5.66432e-05,1.901796e-06,0,0.0025899137,0.000423157,0,0.0016349201,0,0.0003106916,6.26183e-05,0,3.4615916e-06,0,2.121407e-06,8.7810209e-07,"2022-08-13",0.78
"ABUR","2022-10-10",0.0179868234,0.0052828484,0.0001930624,0.4776495619,0.1645833333,0.00625,692.32156438,62.309821854,215.88280798,0,0.0111998774,0,0.0074345899,0.0031006089,0,1.78274e-05,0,1.1834e-05,4.9353902e-06,0.0048430599,0.0016045199,5.00976e-05,0.1026180352,0.0519962713,0.0008506466,0,0.009999482,0,0.0007388158,6.23769e-05,0,8.2346126e-06,0,2.8535778e-06,8.7268704e-07,"2022-09-10",1.19
"ABUR","2022-11-07",0.0145290633,0.0038535132,0.0003309968,0.4723602062,0.1458333333,0.0125,603.82894137,47.748879619,185.32937553,0,0.0199862781,0,0.0112023132,0.0030243442,0,9.05511e-05,0,5.07539e-05,1.37023e-05,0.0115863387,0.0035088509,0.0003214155,0.0708534994,0.0579178201,0.0007671074,0,0.0092151315,0,0.0004767858,8.68069e-05,0,7.88339e-05,0,2.9475e-05,7.8303608e-06,"2022-11-03",0.91
"ABUR","2022-12-01",0.0188386423,0.0048762413,0.0003058383,0.5160942182,0.1458333333,0.0083333333,556.15535789,22.419249081,150.45637283,0,0.0073001704,0,0.0120765553,0.0030876772,0,3.1718e-05,0,5.24706e-05,1.34154e-05,0.0067132009,0.0013570713,0.0001256121,0.0799055991,0.0498640078,0.0018190968,0,0.002985978,0,0.0012018228,0.0003689858,0,9.9447193e-06,0,2.85725e-05,3.8325789e-06,"2022-11-09",1.13
"ABUR","2023-01-23",0,0,0,-99999,0,0,514.5672934,13.095233904,119.58363386,0.0261564974,0.0581639863,-99999,0.0127944639,0.002982856,-99999,-99999,-99999,-99999,-99999,0,0,0,-99999,0,0,0.0092477183,0.0194855127,-99999,0.0006371323,0.0006237945,-99999,-99999,-99999,-99999,-99999,"2023-01-06",2.55
"ABUR","2023-02-16",0,0,0,-99999,0,0,563.99252499,12.881647834,124.41744706,-99999,0.057762265,-99999,-99999,-99999,-99999,-99999,-99999,-99999,-99999,0,0,0,-99999,0,0,-99999,0.0186309601,-99999,-99999,-99999,-99999,-99999,-99999,-99999,-99999,"2023-02-15",1.19
"ABUR","2023-03-09",0,0,0,-99999,0,0,610.92631645,23.12160565,151.77120842,-99999,-99999,-99999,-99999,-99999,-99999,-99999,-99999,-99999,-99999,0,0,0,-99999,0,0,-99999,-99999,-99999,-99999,-99999,-99999,-99999,-99999,-99999,-99999,"2023-02-25",1.79
"ABUR","2023-04-06",0.0014450863,0.000370022,2.82237e-05,0.4397373886,0.0125,0.0020833333,714.94630365,59.355429895,194.99286189,-99999,-99999,-99999,0.0136101758,0.0034381337,-99999,-99999,-99999,-99999,-99999,0.0001746239,0.0001094696,2.5243691e-06,0.07189604,9.56682e-05,3.29981e-05,-99999,-99999,-99999,8.48438e-05,0.0002481103,-99999,-99999,-99999,-99999,-99999,"2023-03-22",2.49
"ABUR","2023-05-05",0.0003421872,7.5818e-05,9.0757798e-06,0,0.0104166667,0.0020833333,781.87871314,94.16067049,223.18671757,0.0037781536,0.0122085582,0,0.0087166879,0.0035054907,9.5479753e-07,3.0852905e-06,0,2.2028411e-06,8.8589141e-07,6.4556808e-06,4.9697601e-06,1.503826e-06,0,0.0014389995,0.0001578032,0.0026322776,0.00021009,0,0.0002286456,0.0001030794,1.0372359e-06,8.5020925e-07,0,6.1017809e-07,2.4467783e-07,"2023-04-19",0.94
"ABUR","2023-06-05",0.0013687487,0.000383953,2.92171e-05,0,0.025,0.0020833333,831.3058069,100.82457899,242.81604533,0.0036760273,0.012672034,0,0.0038232,0.0023709612,6.9826385e-07,2.4070614e-06,0,7.262194e-07,4.5036568e-07,0.0002256398,9.50621e-05,1.98599e-05,0,0.0039855202,0.0001188139,0.002448992,0.0001486711,0,3.27296e-05,1.29677e-05,4.995815e-07,2.6869623e-07,0,5.0619103e-08,4.2186645e-08,"2023-05-10",0.81
"ABUR","2023-07-05",0.0019209022,0.0005580315,3.13959e-05,0.198487502,0.0291666667,0.0020833333,786.91793053,54.284070759,206.33193782,0.023104906,0.0186176437,0,0.0068661408,0.0023598449,1.07572e-05,8.6680193e-06,0,3.196744e-06,1.0986987e-06,0.0009569273,0.0002358188,1.73453e-05,0.0191896557,0.0089771152,0.0002211423,0.0025625817,0.0005848271,0,5.74717e-05,8.65834e-05,1.0037077e-06,3.4264493e-06,0,1.2132097e-06,4.3579973e-07,"2023-06-27",0.9
"ABUR","2023-08-03",0,0,0,-99999,0,0,789.34240733,214.78201961,328.04433032,-99999,-99999,-99999,0.0099090817,0.002903059,-99999,-99999,-99999,-99999,-99999,0,0,0,-99999,0,0,-99999,-99999,-99999,0.0005886843,0.0001452119,-99999,-99999,-99999,-99999,-99999,"2023-07-09",0.74
"ABUR","2023-09-08",0,0,0,-99999,0,0,767.28927472,100.83386138,251.608618,-99999,-99999,-99999,-99999,-99999,-99999,-99999,-99999,-99999,-99999,0,0,0,-99999,0,0,-99999,-99999,-99999,-99999,-99999,-99999,-99999,-99999,-99999,-99999,"2023-09-05",0.8
"ABUR","2023-10-05",0,0,0,-99999,0,0,695.03349419,26.560879996,180.50439286,-99999,-99999,-99999,-99999,-99999,-99999,-99999,-99999,-99999,-99999,0,0,0,-99999,0,0,-99999,-99999,-99999,-99999,-99999,-99999,-99999,-99999,-99999,-99999,"2023-09-27",0.85
"ABUR","2023-11-02",0,0,0,-99999,0,0,620.23386349,29.62812906,167.46119819,-99999,-99999,-99999,-99999,-99999,-99999,-99999,-99999,-99999,-99999,0,0,0,-99999,0,0,-99999,-99999,-99999,-99999,-99999,-99999,-99999,-99999,-99999,-99999,"2023-10-12",1.19
"ABUR","2023-12-05",0.0003102497,9.10913e-05,2.8546273e-06,0,0.0145833333,0.00625,558.0256828,20.580201368,149.48604312,-99999,-99999,-99999,0.0038232,0.0017936676,-99999,-99999,-99999,-99999,-99999,8.6504e-05,1.27052e-05,1.7157441e-07,0,0.0011916521,0.0005715044,-99999,-99999,-99999,0.0005528571,0.0001609806,-99999,-99999,-99999,-99999,-99999,"2023-11-19",1.31
"ABUR","2024-01-09",9.12499e-05,2.57695e-05,1.7698693e-06,0,0.0041666667,0.0020833333,511.31594972,13.323215554,123.09030224,0.014013569,0.0233439111,0,0.0038232,0.0017019785,7.2496491e-07,1.2076521e-06,0,1.9778586e-07,8.8048567e-08,5.32506e-05,1.18168e-05,1.3374312e-06,0,0.0007667088,0.0001312021,0.0013151626,0.0045744272,0,0.0004703548,3.70125e-07,1.3354836e-07,6.4289035e-08,0,2.1178267e-08,2.2494244e-08,"2023-12-30",1.82
"ABUR","2024-02-14",0.0005142486,0.0001493162,9.3449456e-06,0.0494281181,0.0104166667,0.0020833333,545.68424955,13.103288333,126.58526417,0.0042042329,0.0138170809,0,0.0055527908,0.0017679383,2.956496e-07,9.7164322e-07,0,3.9048273e-07,1.2432476e-07,9.82723e-05,4.00272e-05,3.2075079e-06,0.0098392978,0.0014594013,0.0001080289,0.0013279009,0.001256118,0,4.53183e-05,2.20743e-05,8.1366488e-08,4.7625608e-08,0,2.012972e-08,7.1537798e-09,"2024-02-05",1.37
"ABUR","2024-03-08",0.0006296244,0.0001867618,1.26911e-05,0,0.0125,0.0020833333,604.24320172,16.265134446,147.65838836,0.0225475609,0.0375861368,0,0.0055527908,0.0018088742,3.7731388e-06,6.289714e-06,0,9.2921139e-07,3.0269941e-07,7.61005e-05,5.1864174e-06,3.44084e-06,0,0.0008007206,5.00171e-05,0.000197323,0.0059354006,0,0.0002323178,1.940076e-06,5.6395478e-07,2.1024434e-07,0,7.3416106e-08,3.7666467e-08,"2024-02-20",2.14
"ABUR","2024-04-09",0.0007299993,0.0002251516,1.73776e-05,0,0.0166666667,0.0020833333,721.40896599,33.08502891,192.86496287,0.0087102888,0.0173324007,0,0.0038232,0.0019078123,1.7887365e-06,3.5593651e-06,0,7.8512867e-07,3.9178649e-07,0.0001364289,6.25351e-05,6.8475495e-06,0,0.0025358426,0.0003620394,0.0024670134,0.00233312,0,0.0004007217,9.06973e-05,2.6816998e-07,9.0627013e-07,0,2.1134049e-08,3.2058097e-08,"2024-04-05",1.18
"ABUR","2024-05-10",0.0014122915,0.0004230809,3.40474e-05,0.0719917641,0.0229166667,0.0020833333,784.88498059,30.685090402,200.95568786,0.0035344018,0.0114209093,0,0.0066340747,0.0020037659,1.1090257e-06,3.5836567e-06,0,2.0816421e-06,6.287423e-07,2.40555e-05,1.1256e-05,5.1340635e-06,0.0009989356,0.0029270384,0.0001438879,0.0024624533,0.0001965358,0,0.0002423707,8.44213e-05,8.2702122e-07,4.0921079e-07,0,2.7759399e-07,3.4697431e-08,"2024-04-30",1.06
"ABUR","2024-06-03",0.0033735711,0.0010851877,7.37533e-05,0.4219347738,0.0333333333,0.0020833333,843.96263955,31.666364765,206.36646783,0.0047482019,0.0163680439,0,0.0104507902,0.0027335078,3.3375808e-06,1.15053e-05,0,7.3460137e-06,1.9214227e-06,0.0020077151,0.0007547589,5.77685e-05,0.1017865539,0.0137702067,8.56625e-05,0.0031632814,0.0001920335,0,0.0006038366,0.0004088624,5.2711456e-07,4.2945605e-06,0,2.959973e-06,4.3691461e-07,-99999,-99999
"ABUR","2024-07-09",0.0017930608,0.0005351979,2.74988e-05,0,0.0604166667,0.0083333333,784.62932107,68.934197519,214.97526054,0.0045805252,0.0155147031,0,0.0076399155,0.0026082246,3.5639317e-06,1.20714e-05,0,5.9443263e-06,2.0293599e-06,0.0001521753,8.05911e-05,1.6803013e-06,0,0.0014786926,9.36401e-05,0.0021354848,0.000487356,0,0.0007283775,0.0002050618,8.9667043e-07,5.969826e-06,0,3.2086563e-06,6.611735e-07,-99999,-99999
"ABUR","2024-08-08",0.0003786871,0.0001191703,5.646361e-06,0,0.0166666667,0.00625,788.44979432,170.50867996,299.63806076,0.0038111892,0.0124327467,0,0.0038232,0.002337843,1.4851295e-06,4.8447448e-06,0,1.4898098e-06,9.1100165e-07,6.04044e-05,3.3782624e-06,7.1695025e-07,0,0.0007046282,8.90254e-05,0.0013826657,8.20269e-05,0,4.57902e-05,0.0003147895,4.4411275e-07,9.391621e-07,0,2.7111088e-07,3.6913098e-09,-99999,-99999
"ABUR","2024-09-05",0.0004562496,-99999,-99999,0,0.0166666667,0.00625,771.44584596,64.503538903,219.9017428,0.0042788364,0.0189674831,0,-99999,-99999,-99999,-99999,-99999,-99999,-99999,5.41168e-05,-99999,-99999,0,0.0005600209,0.0003205439,1.69206e-05,0.0003397222,0,-99999,-99999,-99999,-99999,-99999,-99999,-99999,-99999,-99999
"AQUE","2002-05-15",1.7443813076,0.3976196752,0.0511855525,0.5856690138,13.17,0.88,789.22192428,42.40240001,220.21674003,-99999,-99999,0,-99999,-99999,-99999,-99999,-99999,-99999,-99999,0.0679341794,0.0293264073,0.0007091992,0.0245107142,0.7344977164,0.067404367,-99999,-99999,0,-99999,-99999,-99999,-99999,-99999,-99999,-99999,-99999,-99999
"AQUE","2002-06-13",1.295118749,0.4442023793,0.0444122802,0.6036017233,9.3,0.63,806.18474121,39.293777966,209.77401156,0,0.0194350424,0,0.0126455649,0.0039442978,0,0.0081720673,0,0.0053172206,0.0016585025,0.1676755224,0.10793586,0.0038074022,0.0076922694,0.812921151,0.0294476316,0,0.003292763,0,0.0007929048,0.000360592,0,0.0008812306,0,8.67375e-05,3.11811e-05,"2002-05-21",0.78
"AQUE","2002-07-11",1.2076129905,0.3688927903,0.0104369953,0.5283488701,10.46,0.61,782.98245419,34.822656891,203.42418461,0.0023049472,0.016186795,0,0.0124651288,0.003228519,0.000934385,0.0065618414,0,0.0050531435,0.0013087847,0.2366306637,0.0741297399,0.0006580469,0.0129786083,0.8684814654,0.0067687753,0,0.0003874686,0,0.001062142,0.0001695609,0,3.2966e-05,0,0.0003001768,3.77848e-05,"2002-06-28",0.69
"AQUE","2002-08-07",1.0934901311,0.2528741942,0.0167544299,0.5402265015,8.85,0.495,767.01201078,43.361184331,218.31856455,0.0114872196,0.0168632038,9.51113e-05,0.0123853717,0.0037576204,0.0035293481,0.0051810724,2.92221e-05,0.0038052975,0.0011544961,0.0640808259,0.0228703155,0.002966803,0.0067212098,1.2979076459,0.091206711,0.0063158269,0.0056426876,2.73887e-05,0.0007517183,0.000131811,0.0015760953,0.0009668666,1.23812e-05,0.0003504667,0.0001333174,"2002-07-30",0.77
"AQUE","2002-09-04",1.1193177935,0.2819235392,0.0104625738,0.5519867858,9.01,0.47,781.92062511,47.425222986,231.74727675,0,0.0132961293,0,0.0125166665,0.0043134385,0,0.0035518705,0,0.0033436481,0.0011522733,0.0486877573,0.0048019689,0.0007308678,0.0064055603,0.3355613432,0.0044822534,0,0.0022706016,0,0.0006918802,0.0003257015,0,0.0004883611,0,0.0002950597,0.0001260493,"2002-08-11",0.76
"AQUE","2002-10-09",1.0229022265,0.2518472997,0.0117953667,0.5058986261,8.775,0.39,716.59588653,40.891290741,209.84787024,0.0038151826,0.0075849811,0,0.0124793819,0.0038978876,0.0010171381,0.0020221767,0,0.0033270373,0.0010391875,0.1137711808,0.05524051,9.95936e-05,0.0160909419,0.915484444,0.0265394376,0.0028910736,0.0020829329,0,0.0007722025,1.47302e-05,0.000625926,0.0002767209,0,0.0001490834,0.0001008465,"2002-09-06",0.78
"AQUE","2002-11-20",0.6731046369,0.1838942707,0.0177695743,0.5367155979,5.495,0.315,615.03476202,26.451929741,168.08285546,0.0017644755,0.0155174934,0,0.012366921,0.003388282,0.0003812908,0.0033532216,0,0.002672405,0.000732184,0.0554132183,0.0174681105,0.0010274528,0.0034453331,0.3346170663,0.0008063405,0.0012476726,0.0025442355,0,0.0016887729,0.0002286308,0.0002490599,0.000849079,0,0.0005615641,8.5826555e-06,"2002-11-08",1.48
"AQUE","2002-12-06",0.5876849065,0.1512496445,0.011894001,0.4790103616,5.12,0.34,554.99136697,24.521474765,160.49134984,0,0.0122425193,0.0002628424,0.0123419958,0.0030839087,0,0.0020449984,4.39054e-05,0.002061615,0.0005151381,0.0003869392,0.0046852876,7.31078e-05,0.0162192015,0.7080788564,0.057315739,0,0.0051730986,0.0001271014,0.0016099429,8.54669e-05,0,0.0007358377,2.50837e-05,4.49155e-05,3.80525e-05,"2002-12-06",0.84
"AQUE","2003-01-14",0.1508830533,0.037213648,0.0031188008,0.3972377298,1.88,0.18,533.1197965,18.067594998,141.94724101,0.0113290449,0.027359026,0,0.0118743973,0.0030016719,0.0009213145,0.0022249243,0,0.0009656643,0.0002441056,0.0095172064,0.0009946019,0.0001130283,0.0595047257,0.0236066574,0.0140114295,0.0017280634,0.0048641809,0,0.0003660954,3.65403e-05,0.0001142906,0.0003201153,0,3.38903e-05,5.0176807e-07,"2002-12-20",2.03
"AQUE","2003-02-21",0.2310228294,0.0597403739,0.0033399594,0.3562176608,3.135,0.215,574.9299724,28.142333712,157.5678702,0.0025081626,0.0106918822,0,0.0110761843,0.0029400032,0.0001193679,0.0005088455,0,0.0005271351,0.0001399199,0.0116613807,0.0052495743,0.0005859299,0.0163171189,0.0494336109,0.0004830893,0,0.0007256961,0,0.001429083,0.0001324071,0,5.81449e-05,0,9.30667e-05,3.1619574e-06,"2003-02-11",1.45
"AQUE","2003-03-05",0.2463851706,0.0636669337,0.0054468432,0.3462384114,3.015,0.18,622.68139973,41.102520357,182.74539763,0.008780043,0.0101107173,0,0.0105667511,0.0029979849,0.0005415779,0.0006236576,0,0.0006517871,0.0001849242,0.0400570045,0.0086296601,0.0003259632,0.0396073345,0.1178603804,0.0034182424,0.0210172726,0.0061369301,0,0.0007332763,0.0002716206,0.0012751347,0.0003810261,0,2.98788e-05,2.03738e-05,"2003-02-26",1.3
"AQUE","2003-04-15",0.4418550824,0.1475252598,0.01507277,0.5664050685,3.645,0.205,718.28866193,47.280518008,213.89657774,0,0.0094998893,0,0.0114130155,0.0030812687,0,0.0009480096,0,0.0011389237,0.0003074849,0.0851246026,0.0293256075,0.0019403054,0.0216549181,0.23999521,0.0145204792,0,0.0002702375,0,0.0007393957,0.000215991,0,0.0002282508,0,0.0001175724,7.38051e-05,"2003-03-15",1.55
"AQUE","2003-05-13",0.5303765753,0.1842040696,0.0139329251,0.6354290115,3.91,0.235,788.15760566,42.924197752,220.98992632,0.0037628756,0.0063995028,0,0.0125405619,0.0032047518,0.0006215763,0.0010571116,0,0.0020715319,0.0005293818,0.0220666301,0.0237333404,0.0013020311,0.0077060858,0.1239639033,0.0013329904,0.0029744708,0.0019706766,0,0.0007401825,7.55135e-05,0.0005435599,0.000360661,0,4.25134e-05,3.31671e-05,"2003-05-03",1.34
"AQUE","2003-06-04",0.5491658857,0.1485264814,0.0167544326,0.5777967551,4.815,0.305,830.17626112,42.081412996,218.62008204,0,0.0092104809,0,0.0125926097,0.0036597478,0,0.0015264135,0,0.0020869192,0.0006065143,0.0781901933,0.030888459,0.0010039345,0.018834018,0.0285080366,0.0034802382,0,0.0010365266,0,0.0008840413,1.01851e-05,0,0.0004766766,0,0.0001983207,9.20101e-05,"2003-05-18",0.84
"AQUE","2003-07-02",0.6585585577,0.2103989961,0.0206492417,0.6316896995,4.925,0.415,778.71547697,34.247716979,199.68423654,0,0.0134787032,0,0.0125824775,0.0036317286,0,0.002394772,0,0.0022355389,0.0006452521,0.1535955758,0.0462985909,0.0030368866,0.0196015445,0.7776799667,0.0275473659,0,0.0041270599,0,0.000174493,2.01933e-05,0,0.0013246925,0,0.0005480386,0.00014606,"2003-06-18",0.74
"AQUE","2003-08-08",0.6416314043,0.2150664926,0.0185941434,0.4970309591,6.4,0.445,765.21708677,40.825926138,213.77557318,0,0.0066595605,0,0.0123920853,0.0031751877,0,0.0014166497,0,0.0026360966,0.0006754393,0.0185295692,0.024935396,0.0038914309,0.0120208233,0.5297265493,0.0390849656,0,0.0030403772,0,0.0008017534,4.19436e-05,0,0.0004135206,0,0.0002714406,0.0001219789,"2003-07-07",0.88
"AQUE","2003-09-04",0.6916983949,0.2349782128,0.0198300868,0.4922136471,6.8,0.53,782.71368394,47.708155902,232.18021775,0,0.0117677941,0,0.0122053161,0.0029627861,0,0.002646288,0,0.0027446759,0.0006662578,0.1608490349,0.0345505139,0.0042589062,0.0345958523,0.67491135,0.0184907126,0,0.0028103451,0,0.0013197586,0.0003385595,0,0.0005650315,0,0.0003293549,8.41075e-05,"2003-08-15",0.76
"AQUE","2003-11-06",0.6801055213,0.1916914761,0.0178882087,0.4876424313,6.4,0.325,678.40607866,35.489690429,192.06484296,0.0016723891,0.0088328836,0,0.0123419598,0.0029091684,0.0003555514,0.001877879,0,0.0026239117,0.0006184918,0.0194732769,0.0006036124,0.0004288893,0.015156589,0.5696145491,0.0043663445,0,0.0040187329,0,0.0005802559,6.4082e-05,2.58644e-05,0.0006683693,0,5.71459e-05,3.30242e-05,"2003-10-24",0.88
"AQUE","2003-12-08",0.7210960162,0.1922201597,0.010904897,0.4434680299,6.995,0.3,568.35659816,23.401210647,160.90072893,0,0.0094110366,0,0.0123028431,0.002917254,0,0.0018065021,0,0.0023616008,0.0005599835,0.0381237486,0.0122677131,0.001525056,0.0058093573,0.3121111037,0.030870031,0,0.0003523338,0,0.0025995423,0.0002746533,0,8.7391106e-06,0,0.0005418016,3.30339e-05,"2003-11-30",1
"AQUE","2004-01-07",0.6571144962,0.1663501178,0.0151807187,0.4492343642,6.71,0.37,529.98488405,17.426221961,140.85146896,0,0.0117172602,0,0.0120692151,0.0028952891,0,0.0020970806,0,0.0021600712,0.0005181804,0.041010121,0.0006334796,0.0013394339,0.0181937994,0.2283242941,0.0166188981,0,0.0020947259,0,0.0007366229,0.0001850042,0,0.000407877,0,0.0001927251,4.72728e-05,"2003-12-30",1.23
"AQUE","2004-02-12",0.3379697698,0.0789480043,0.0080909545,0.3832273322,4.25,0.255,564.79375103,25.100023174,152.63832156,0.002926681,0.0291952459,0,0.0117040771,0.0031231163,0.0003432125,0.003423733,0,0.0013725397,0.0003662486,0.056474636,0.011953597,0.0027177783,0.0016157251,0.7023091433,0.0191744537,0.002069476,0.0052077441,0,0.0006523197,9.64339e-05,0.0002134468,0.0003231243,0,1.98899e-05,3.62755e-05,"2004-01-16",1.33
"AQUE","2004-03-12",0.3140729573,0.0791995262,0.0057750349,0.5350207539,3.14,0.195,622.11736618,40.337087479,183.01240805,0.0266617203,0.0433781512,0,0.0118322774,0.00347297,0.0021082408,0.0034300709,0,0.0009356219,0.0002746206,0.0336908689,0.0060865827,0.000286402,0.0162927407,0.3236485713,0.0317693798,0.0136451075,0.0099404571,0,0.0008754786,2.99322e-05,0.0009605806,0.0006258712,0,2.78097e-05,8.9632999e-06,"2004-02-27",1.8
"AQUE","2004-04-07",0.2605232834,0.0737614998,0.0033717004,0.3414046069,3.395,0.23,719.94086134,46.80657678,213.13373586,0.002653572,0.0149576392,0,0.0112222921,0.0034401466,0.000202861,0.0011434858,0,0.0008579249,0.0002629933,0.0314385304,0.0113024553,0.0010778679,0.0310297138,0.5024260946,0.0214718802,0.0018763587,0.0070257938,0,0.000337505,4.1213713e-06,0.0001438382,0.0005893172,0,7.1346736e-06,9.660993e-06,"2004-03-25",0.92
"AQUE","2004-05-07",0.2642287681,0.0698073836,0.0046328055,0.4686777476,2.835,0.125,779.28577962,44.601638128,221.30288083,0.023104906,0.0085156248,0,0.011191739,0.0033622905,0.0016581533,0.0006111348,0,0.0008031896,0.0002412991,0.0585525239,0.012987014,0.0001352884,0.0675670799,0.2493023692,0.0125054883,0.0031473651,0.0019595823,0,0.000352211,0.0005545996,0.0002520217,0.0001535796,0,1.59643e-05,4.39747e-05,"2004-04-21",1.15
"AQUE","2004-06-21",0.497269252,0.1451964317,0.0135780727,0.5376978015,4.91,0.755,799.88663942,38.176942178,208.67382263,0.0113516805,0.0128527886,0,0.0120181345,0.0036044177,0.0011685602,0.0013230866,0,0.001237166,0.0003710445,0.0408101353,0.0199744734,0.0018494007,0.0064328278,0.0474771214,0.0052119869,0.0039490253,0.0016854108,0,0.0011387763,8.92356e-05,0.0004384954,0.000191637,0,0.0001313859,1.18195e-05,"2004-05-10",0.88
"AQUE","2004-07-07",0.43376051,0.134399935,0.0078985251,0.4840823533,4.93,0.525,784.88380947,34.626812425,205.09034354,0,0.0047855232,0,0.011899113,0.0033472347,0,0.0006686748,0,0.0016626473,0.0004677047,0.0130196716,0.0087015733,0.0003542609,0.0335061167,0.0612164369,0.0107756568,0,0.001599526,0,0.0005590218,0.0002489295,0,0.0002614604,0,2.18e-05,7.050154e-06,"2004-07-05",0.67
"AQUE","2004-08-03",0.4735256134,0.1531152662,0.0106342185,0.4657182131,5.335,0.48,767.28055853,42.550711214,215.93764399,0,0.0128189015,0,0.0119178617,0.0030463628,0,0.0018402088,0,0.0017108606,0.0004373186,0.0458956833,0.0008722731,0.0037260469,0.0224485416,0.2823229515,0.0369810411,0,0.0004298236,0,0.0009667197,0.0003871718,0,0.000114779,0,0.0001897168,4.15167e-05,"2004-07-19",0.75
"AQUE","2004-09-01",0.4704639337,0.1375270508,0.0088391622,0.4611115766,5.065,0.645,785.20382661,47.838310945,232.29452852,0.0027600934,0.0070779497,0,0.0116344723,0.0031776401,0.0004007151,0.0010275888,0,0.0016891126,0.0004613352,0.0149623377,0.0084516448,0.0012357834,0.0444698106,0.004574096,0.0680295501,0.0040732785,0.0003342507,0,0.0010841989,0.0003789879,0.0006143814,1.9861e-05,0,0.0001003903,7.0872e-05,"2004-08-04",0.62
"AQUE","2004-10-06",0.5045412076,0.1447411816,0.0051983514,0.4598926884,5.78,0.59,717.53695942,40.643792041,210.34754572,0,0.0144766027,0,0.0114243855,0.0031869536,0,0.0020426976,0,0.0016120194,0.0004496899,0.0984942819,0.0413915598,0.0003581053,0.0198930412,0.5980976269,0.0133805207,0,9.85852e-05,0,0.0017492574,0.0002568852,0,0.0002580418,0,7.40886e-05,8.13843e-05,"2004-09-19",0.78
"AQUE","2004-11-03",0.4250622998,0.1167467604,0.0061068261,0.3667063812,5.26,0.555,641.49774182,30.665354991,175.46433223,0.0059662173,0.030484322,0.0004074979,0.0114711497,0.0029238263,0.0007770576,0.0039703674,5.30737e-05,0.0014940361,0.0003808077,0.0752931368,0.0289083484,0.0024788647,0.0038699228,0.8255227338,0.0015463271,0.0046043146,0.0115303831,2.54539e-05,0.0010195752,0.0002191627,0.0005991428,0.001349882,4.6758483e-06,0.0001682852,1.74097e-05,"2004-10-20",1.18
"AQUE","2004-12-01",0.4167744887,0.1072443401,0.0054130337,0.3206565953,5.5,0.49,582.42210374,23.456915424,163.70705797,0,0.010896646,0,0.0110207986,0.0027609788,0,0.0012196434,0,0.0012335396,0.0003090317,0.0265288913,0.0004259381,0.0010451489,0.010273133,0.4705347229,0.0037929295,0,0.0014426238,0,0.0002843057,0.0004645608,0,2.58574e-05,0,0.0001329769,1.12696e-05,"2004-11-04",0.99
"AQUE","2005-02-09",0.1903593625,0.0461804482,0.0030472676,0.2991321109,2.405,0.27,543.89518046,21.220390898,146.32284416,0.0125066962,0.014401395,0,0.01082069,0.0027161448,0.0009064205,0.0010437384,0,0.0007842275,0.0001968521,0.0121250484,5.08561e-05,0.0001834365,0.0047454302,0.1832276297,0.0029607793,0.0018417258,0.00235092,0,0.00140819,0.0001525168,0.0001344806,0.0001663244,0,0.0001032536,1.14807e-05,"2005-01-08",2.26
"AQUE","2005-03-14",0.2383306415,0.0587282792,0.0038908735,0.4474246865,2.665,0.22,630.03536068,40.631109306,185.20431136,0.0031927429,0.0153711344,0,0.0111330168,0.0032630397,0.0001666716,0.0008024234,0,0.0005811798,0.0001703413,0.0257512316,0.003720396,3.48043e-05,0.0291948322,0.1550962492,0.0193802905,0,0.0032091002,0,0.0002524977,0.0001167368,1.17606e-05,0.0001810949,0,8.0279758e-06,1.15696e-05,"2005-02-22",1.76
"AQUE","2005-04-19",0.1950631021,0.0514623305,0.0053008896,0.3280015895,2.73,0.215,737.75884911,46.705119153,215.86654809,0,0.0138062558,0.0001374033,0.0110413431,0.0034805128,0,0.0007595561,7.5592923e-06,0.0006074435,0.0001914817,0.0084725713,0.0013705125,0.0012668842,0.0126889752,0.1911882451,0.0043365055,0,0.0011615665,2.5279e-05,0.0001267635,0.0002882156,0,7.09253e-05,1.1604112e-06,1.95031e-05,1.89893e-05,"2005-03-20",1.22
"AQUE","2005-05-12",0.2486858813,0.0660974744,0.0068155797,0.3640088153,3.435,0.225,784.32932213,41.938521751,219.86216921,0,0.0111401044,0,0.0106757427,0.0032995247,0,0.0006514174,0,0.0006242638,0.0001929396,0.0176568099,0.0035763381,0.000417261,0.0241751272,0.0995984832,0.0027662191,0,0.0039369223,0,0.0004679821,3.0507e-05,0,0.0002734084,0,5.35222e-05,5.3794637e-06,"2005-04-28",0.82
"AQUE","2005-06-08",0.4343767803,0.1166594256,0.0131819749,0.5717325215,3.71,0.18,825.87583761,40.076940163,215.05620565,0,0.0052018987,9.6326e-05,0.0114470783,0.0038277048,0,0.0004629556,8.572768e-06,0.0010187605,0.0003406559,0.0234965845,0.0100673056,0.0031665118,0.0047511902,0.3137603689,5.49077e-05,0,0.001727289,3.21245e-05,0.0005651811,0.0001519369,0,0.0001718766,2.7518842e-06,2.31586e-05,4.1228972e-06,"2005-05-20",1.04
"AQUE","2005-07-06",0.4444391764,0.1169552788,0.0119393313,0.6136923815,3.035,0.15,769.09763896,34.347173423,199.5945221,0.0028586681,0.0053732134,0,0.0125823092,0.0039830464,0.0003339133,0.0006276305,0,0.0014697054,0.0004652488,0.0847827909,0.018368308,0.0004596368,0.0117194593,0.3486377845,0.0007726891,0.0020213836,0.0018812242,0,0.0003560842,8.41331e-05,0.0002424838,0.0002914387,0,0.0002262779,6.74779e-05,"2005-06-11",0.85
"AQUE","2005-08-02",0.6803043746,0.1771283879,0.0139845734,0.5860490301,5.155,0.18,766.87363649,42.381702078,215.16763183,0.0023903156,0.0130703208,0,0.0126884943,0.0040805732,0.0003465154,0.0018947571,0,0.0018394051,0.0005915459,0.1403015905,0.0274925944,0.0046912277,0.0265912882,0.6076442384,0.0012910815,0.0016902084,0.0011942445,0,0.0004703432,4.57481e-05,0.0002630452,0.0002048748,0,0.0002310985,8.50594e-05,"2005-07-14",0.75
"AQUE","2005-09-06",0.6600374562,0.1779134865,0.0127939822,0.5378584847,5.675,0.205,780.93744306,46.148642798,229.49645461,0,0.0094918866,0,0.0123059465,0.0039878417,0,0.0016850059,0,0.0021845596,0.0007079242,0.0631842041,0.0232345753,9.59576e-05,0.0245891849,0.2729814717,0.0016457657,0,0.006718867,0,0.0002137399,0.0002288853,0,0.0014855356,0,0.0002676812,0.0001423619,"2005-08-28",0.7
"AQUE","2005-10-05",0.3827837327,0.0936198206,0.0058278907,0.3850364575,4.405,0.17,712.03876201,41.193304383,209.89533818,0.0022254662,0.0167070513,0.000534735,0.01163332,0.0035872092,0.0002921753,0.0021934227,7.02039e-05,0.0015273065,0.0004709548,0.0245184153,0.0079323516,0.0015349597,0.0121314368,0.137892937,0.0018124715,0,0.0005802436,2.6071424e-06,0.0008502107,8.05898e-05,3.20189e-05,0.0002174968,8.6569068e-06,0.0002998898,4.36158e-05,"2005-09-16",0.86
"AQUE","2005-11-07",0.2886640731,0.0749912556,0.0042878691,0.3022050368,3.89,0.16,640.55574351,29.920005851,174.94911456,0.0019557128,0.0147593128,0.0008537214,0.0107726136,0.0030852129,0.0001642044,0.0012392125,7.16796e-05,0.0009044836,0.0002590388,0.0169954855,0.0108214189,0.0004223732,0.0614121503,0.0588847976,0.001818241,0,0.005837753,0.0003075612,0.0002633018,8.34777e-05,2.6196329e-06,0.0005412139,2.57967e-05,8.1543837e-06,1.13755e-05,"2005-10-09",0.97
"AQUE","2005-12-01",0.328154806,0.0811594516,0.0055622817,0.3804341473,4.215,0.195,575.57751028,23.670141272,163.26051255,0.002874703,0.0182378442,0,0.0105493106,0.0028992231,0.0002243267,0.0014231852,0,0.0008232126,0.0002262401,0.0213590932,0.0052581849,0.0002766016,0.014792088,0.1075979132,0.0064538188,0.002032722,0.000330982,0,0.0001842631,0.0002981868,0.0001626809,0.0001178019,0,7.41903e-05,3.4115064e-06,"2005-11-26",1.17
"AQUE","2006-01-12",0.1122646004,0.0309148427,0.0028021,0.3651613755,1.47,0.125,530.1776345,18.26079609,142.37754599,0.0165035043,0.0499509428,0,0.010553007,0.0028224539,0.0008591275,0.0026003101,0,0.0005493608,0.0001469293,0.0141361843,0.0023843188,0.0007279522,0.0570920573,0.1622915267,0.0009798684,0.0014649127,0.0195125603,0,0.0008038124,0.0003698344,7.39499e-05,0.0009997042,0,3.89913e-05,1.84808e-05,"2006-01-03",2.15
"AQUE","2006-02-07",0.1320373867,0.0437838581,0.0028153899,0.4375798474,1.615,0.105,563.83041774,25.329662053,151.44251879,0,0.0142589028,0,0.0107623305,0.0024830949,0,0.0005272496,0,0.0003979573,9.18171e-05,0.0031970045,0.0013004704,0.0005150364,0.0116616252,0.0161077618,0.0014973839,0,0.0062250506,0,0.0007081735,0.00016168,0,0.0002462325,0,4.64587e-05,1.01345e-05,"2006-01-15",1.15
"AQUE","2006-03-20",0.1971320812,0.0588671267,0.0043721519,0.4799067755,2.035,0.09,635.193318,41.841454556,187.72036229,0.0223485544,0.0448533094,0,0.0114582145,0.0027573799,0.0011387473,0.0022854537,0,0.0005838414,0.0001404994,0.048167651,0.0125615065,0.0005022829,0.0188806261,0.52243921,0.0087392435,0.004334296,0.0003766828,0,0.0004786532,7.44765e-05,8.86923e-05,0.0002903761,0,4.21142e-05,1.76845e-05,"2006-02-28",1.61
"AQUE","2006-04-20",0.044208329,0.0123604595,0.0009010235,0.328421253,0.8,0.06,750.95812176,45.81090593,217.35451457,0.0380211289,0.0403881626,0,0.0109296093,0.0031853931,0.001132918,0.0012034487,0,0.0003256703,9.49154e-05,0.0135532094,0.0046616034,0.0005903428,0.0261776563,0.1340302712,0.0038858298,0,0.0007186591,0,0.0001801937,3.48446e-05,2.91361e-05,5.64912e-05,0,4.8476256e-06,3.5038031e-06,"2006-04-05",1.94
"AQUE","2006-05-10",0.1116909416,0.0329634749,0.0015087203,0.5260862099,1.105,0.05,782.33410739,41.447613907,219.7752519,0,0.0146483216,0,0.0110311047,0.0033589678,0,0.000307677,0,0.0002317001,7.05526e-05,0.027354584,0.0091228883,0.0004894074,0.0358361267,0.1698145521,0.0010619153,0,0.0070344688,0,4.99297e-05,3.66196e-05,0,2.25202e-05,0,7.35177e-05,2.1197e-05,"2006-04-27",0.84
"AQUE","2006-06-06",0.0909740255,0.0259303941,0.0015582112,0.528740627,0.945,0.08,820.644468,40.420781827,215.35830542,0.0106548916,0.0060662689,0,0.0118056656,0.003611449,0.0003122567,0.0001777806,0,0.0003459818,0.0001058386,0.0296985243,0.0093973646,0.0003880985,0.0020479572,0.2265744375,0.0008461351,0.0065817088,0.0007677329,0,0.0004339537,5.05148e-05,2.41274e-05,4.22295e-05,0,9.64101e-05,3.54522e-05,"2006-05-27",0.9
"AQUE","2006-07-03",0.0755616795,0.0209021802,0.0009519772,0.1965874364,2.24,0.9,780.32719357,35.006267173,201.3094448,0,0.0165727447,0.0002282745,0.0093897107,0.0031755596,0,0.0003865764,5.3247391e-06,0.0002190247,7.40732e-05,0.0187053281,0.0047688758,0.0003855073,0.1362965634,0.1726139755,0.0102472378,0,0.0084805746,2.3343022e-06,2.82497e-05,7.65576e-05,0,0.000152996,5.247116e-07,2.14106e-05,5.5616705e-06,"2006-07-01",0.85
"AQUE","2006-08-03",0.2121251004,0.0624754439,0.0021217882,0.156733863,4.56,1.345,763.18613002,41.086067204,212.96707356,0.0037994528,0.0049574625,0,0.0068979576,0.0025104517,0.0001442623,0.000188231,0,0.0002619101,9.53199e-05,0.0011914317,0.0022482037,1.0538e-05,0.0084167731,0.3713502096,0.0003211426,0.005732456,0.001596431,0,0.0003448173,8.14925e-05,0.0002143093,8.05324e-05,0,4.25825e-05,7.3748617e-06,"2006-07-06",0.76
"AQUE","2006-09-05",0.3320076262,0.0975723902,0.0030429628,0.1829894572,6.975,1.805,780.98232036,46.702878772,230.1640815,0.0067619258,0.0051160139,0,0.0069323062,0.0025557255,0.0005323279,0.0004027546,0,0.000545741,0.0002011977,0.038462445,0.0176861067,0.0003751718,0.0040775238,0.6965696604,0.0298746556,0.0061643013,0.0002532137,0,0.0005120655,0.000149182,0.0004355762,1.78156e-05,0,3.2777408e-06,2.7286e-05,"2006-09-01",0.72
"AQUE","2006-10-05",0.4769430029,0.1433823254,0.0059483981,0.1534162763,8.42,1.63,714.32812909,40.954290914,210.11203827,0.0024702657,0.0029636494,0.00021524,0.0076272992,0.0023716478,0.0002939901,0.0003527085,2.5616e-05,0.0009077366,0.0002822535,0.0210690281,0.0101290341,9.05586e-05,0.0019572446,0.2259484971,0.0141537326,0.0017467417,0.0006520755,2.02723e-05,0.0005752133,0.0002192389,0.0001963499,0.0001307044,6.5893511e-08,4.97661e-05,8.3546321e-06,"2006-09-07",0.76
"AQUE","2006-11-02",0.5260481389,0.1557409572,0.004281516,0.182032765,9.07,1.555,642.26780942,31.260516754,176.38382828,0,0.0056827921,0.000159731,0.0085160759,0.0021967675,0,0.0008494439,2.3876e-05,0.0012729532,0.0003283651,0.0327400351,0.0036187124,0.0007933139,0.0129681514,0.5368734395,0.1375507034,0,0.000196734,4.07494e-05,0.0006204309,0.0002055881,0,9.0345026e-06,6.5501946e-06,6.36544e-05,2.33099e-05,"2006-10-22",0.72
"AQUE","2006-12-05",0.8086094338,0.2458007008,0.0089868765,0.2615688123,11.02,1.43,577.31263588,23.222772385,162.18836885,0,0.0066492262,5.25028e-05,0.0097060228,0.0021971829,0,0.0013122775,1.03618e-05,0.0019155606,0.0004336315,0.1338377856,0.0463001842,0.0014576048,0.0101412471,1.7987580925,0.1562937363,0,0.0011163147,8.6218768e-06,0.0003522562,9.99282e-05,0,0.0003417602,7.9499183e-07,0.0001519373,3.02205e-05,"2006-11-09",0.84
"AQUE","2007-01-09",0.6913555945,0.2208750245,0.0097868486,0.3979192381,7.9,0.895,532.87547153,18.005661727,142.27108314,0.0038151826,0.0134553831,0,0.010898653,0.0022011662,0.0008893794,0.0031366625,0,0.0025406483,0.0005131266,0.053902585,0.0095958288,0.0007784931,0.003406992,0.5948276587,0.0490865289,0,0.0019883481,0,0.0007949452,9.99506e-05,3.19938e-05,0.0002399527,0,0.0003722429,1.7646e-05,"2006-12-11",1.59
"AQUE","2007-02-15",0.7034482575,0.1698540863,0.0126916237,0.5237271792,6.975,0.645,569.77615456,25.215938968,153.81065543,0,0.0197777088,0,0.0117091934,0.0028458233,0,0.0038418019,0,0.0022745001,0.0005527986,0.0060844389,0.0075398786,0.0009015742,0.0017630972,0.3271109955,0.0227128051,0,0.0030322104,0,4.62705e-05,0.0001406881,0,0.0005716263,0,1.42685e-05,2.82136e-05,"2007-02-11",1.19
"AQUE","2007-03-06",0.6967425163,0.1820090487,0.0114260509,0.4209781693,7.515,0.69,608.52143772,39.846978325,177.59730109,0.0031907696,0.0047518853,0,0.0117859908,0.0033527101,0.0005611337,0.000835674,0,0.0020727028,0.0005896128,0.0604886452,0.0092334607,0.001818295,0.0070592283,0.2269696088,0.0399517037,0,0.0015832569,0,0.0005529327,0.0001353137,3.0770559e-06,0.0002637075,0,0.0001054528,2.61446e-05,"2007-02-19",0.96
"AQUE","2007-04-03",0.815106625,0.1893505744,0.0138469661,0.4741524658,8.305,0.7,702.57712514,48.524660456,212.51357949,0.0023049472,0.0084565181,2.12135e-05,0.0116026643,0.0036840379,0.0004279264,0.0015700001,3.9384083e-06,0.0021540998,0.0006839623,0.0750098087,0.03660093,0.0002671323,0.0058401377,0.6901523826,0.0039398658,0.0016298438,0.0020500852,7.4000656e-06,0.0007122964,0.0003095387,0.0003141409,0.0004838456,1.1023892e-06,1.12691e-05,1.06366e-05,"2007-03-28",1.05
"AQUE","2007-05-08",0.8430461767,0.1965160633,0.0205751035,0.5607647626,7.85,0.585,778.29501072,43.947917851,220.91748106,0,0.0103843764,3.70202e-05,0.0120838621,0.0043518443,0,0.0020032619,7.1416002e-06,0.0023311116,0.0008395192,0.06411945,0.0339046514,0.0020891806,0.0099044036,0.299119655,0.0305927573,0,0.0012355348,5.3093935e-06,0.0004057006,3.26454e-05,0,0.0002337039,1.0260934e-06,0.0001103426,1.7221951e-06,"2007-04-11",1.1
"AQUE","2007-06-07",0.5396805266,0.1355046018,0.0120149786,0.4653562341,6.54,0.535,821.0836741,40.1410546,215.57444887,0,0.0150074041,0,0.0120673624,0.0043480464,0,0.0024630849,0,0.0019805516,0.0007136216,0.0457553567,0.0157399117,0.0023048767,0.0140481502,0.1141953945,0.0370705948,0,0.0042256694,0,0.000659125,0.0003204044,0,0.0003435799,0,0.0004214838,5.15883e-05,"2007-06-06",0.8
"AQUE","2007-07-02",0.3564158044,0.1011905062,0.0068056635,0.328358611,5.195,0.495,775.4377304,35.704048553,200.83849194,0.0027597149,0.0146732119,0,0.0109157016,0.0034454001,0.0003243045,0.0017243043,0,0.0012827451,0.0004048819,0.0127552778,0.0063972527,0.0007390249,0.0048875511,0.1946683642,0.0012978673,0,0.0048968572,0,1.0659e-05,0.0003662673,0,0.0007072383,0,0.0001167363,5.1522742e-06,"2007-07-02",0.73
"AQUE","2007-08-01",0.3196969401,0.0813461195,0.0041745019,0.2281041402,5.165,0.49,764.03865469,40.765219228,212.65585561,0,0.0141022771,0.0001293865,0.0097189216,0.0029888359,0,0.0012820043,1.17622e-05,0.0008835239,0.0002717079,0.0098885682,0.0016620137,0.0013821663,0.0321638856,0.2434323208,0.0042293277,0,0.0019790238,2.2501e-05,0.0009577233,0.000198059,0,0.0002349935,2.5257256e-06,0.00012605,2.9961e-05,"2007-07-24",0.84
"AQUE","2007-09-01",0.3122355581,0.0993160318,0.0030734659,0.0804958058,5.72,0.47,774.90422677,50.578480043,265.72047406,0,0.015835664,0,0.0080330502,0.0026646442,0,0.0014257226,0,0.0007232347,0.0002399043,0.0221416772,0.0008708432,4.06243e-05,0.0044226027,0.1300900024,0.0252002274,0,0.0007050641,0,0.000442706,0.0003732855,0,4.28226e-05,0,5.04675e-05,3.7175e-05,"2007-08-22",0.76
"AQUE","2007-10-08",0.5013568624,0.1675463806,0.0068688928,0.2549795934,7.12,0.535,702.1742263,45.83920698,240.26906747,0,0.0105862716,0.0007375443,0.0082704883,0.0022659121,0,0.0013812039,9.62283e-05,0.0010790608,0.0002956363,0.0482347645,0.01561974,0.0005686619,0.014913312,0.3669201931,0.0064196433,0,0.0022138014,9.8049477e-06,0.0001962576,0.0001129543,0,0.0003358898,4.1956239e-06,8.23966e-05,2.81498e-05,"2007-09-05",0.83
"AQUE","2007-11-07",0.4425521909,0.1102339111,0.0077043689,0.2606232505,6.555,0.51,633.45304332,35.039059137,194.7373621,0,0.0108500684,0.0008455969,0.0100708737,0.0024627411,0,0.0014853358,0.0001157592,0.0013786668,0.0003371405,0.0177705748,0.0052120867,0.0006353213,0.0010892811,0.1652558764,0.0380499404,0,0.0027973542,8.16989e-05,0.0005168446,2.9603736e-06,0,0.0004974649,4.5058077e-06,2.45333e-05,2.14309e-05,"2007-10-17",0.93
"AQUE","2007-12-10",0.2031544941,0.0485510168,0.0038452177,0.1824224333,3.5,0.32,548.9476472,25.659864526,178.13582246,0.0093986342,0.0483499758,0,0.0095220916,0.0027238858,0.000707003,0.0036370791,0,0.0007162899,0.0002049016,0.0058904384,0.0051817697,0.0005507538,0.0062860214,0.0311287037,0.009603411,0.0018644344,0.0190074385,0,1.64841e-05,0.0001684604,0.0001923853,0.0012313988,0,5.40047e-05,2.79529e-05,"2007-12-05",2.75
"AQUE","2008-01-03",0.2395090652,0.0563515684,0.0046132758,0.266293446,3.8,0.31,504.08751678,19.654103881,154.47443676,0,0.020737606,0,0.0091773493,0.0026770925,0,0.0010857065,0,0.0004804753,0.0001401578,0.0281623235,0.0012360525,0.0001217309,0.0062707491,0.0805754666,0.0031278855,0,0.0121623827,0,0.000887368,0.0002564031,0,0.0006099162,0,2.82154e-05,8.0589781e-06,"2007-12-19",1.35
"AQUE","2008-02-01",0.278188913,0.0640571432,0.0063035741,0.3948752766,3.52,0.32,526.64972289,17.818627,151.50530696,0.0152356121,0.0375757459,0.0006075518,0.0103582142,0.0030037481,0.0009159967,0.002259132,3.65273e-05,0.0006227574,0.0001805916,0.0248832841,0.007823621,0.0008210346,0.0073051357,0.0157089229,0.0254891519,0,0.0126662154,7.00765e-05,0.0001930844,0.0001727006,3.30735e-05,0.0009629772,2.6218102e-06,4.13812e-05,2.3238957e-06,"2008-01-27",1.83
"AQUE","2008-03-05",0.1421942247,0.036564942,0.0031842193,0.4541594216,1.82,0.22,530.53594181,22.153932727,142.67869885,0.0169580542,0.0576543412,0,0.0109476775,0.0030967877,0.0008315074,0.0028269758,0,0.0005367995,0.0001518454,0.0007012582,0.0001540719,0.0001885678,0.0229202195,0.2001243918,0.0071264333,0.0025237934,0.0150262922,0,0.0012600403,0.0001695032,0.000171837,0.0005729258,0,3.25242e-05,4.0344448e-07,"2008-02-25",2.51
"AQUE","2008-04-01",0.1305860896,0.0346325499,0.003197533,0.2623078208,2.44,0.495,690.83941052,125.46265603,285.60427986,0,0.0074045104,0,0.0104372877,0.003409679,0,0.0002635265,0,0.0003714631,0.0001213505,0.001781993,0.0028124168,0.0003078162,0.0011634864,0.0420297653,0.0143883913,0,0.0007612767,0,0.0007716521,2.58951e-05,0,2.0152e-05,0,4.01179e-05,5.3109703e-06,"2008-03-16",1.27
"AQUE","2008-05-02",0.2765405409,0.0672109745,0.0064668858,0.3661910083,3.94,0.655,740.33543511,90.330056816,251.17051867,0.0046161562,0.0078886681,0,0.0103277699,0.0034607705,0.0002268136,0.0003876077,0,0.0005074523,0.0001700441,0.0027697583,0.0118650605,0.0004502545,0.0042048949,0.1296845048,0.0167259381,0,0.0036805099,0,0.0001250499,0.0002073902,2.39594e-05,0.0002159994,0,2.61165e-05,7.0713188e-07,"2008-04-20",0.94
"AQUE","2008-06-03",0.3849441756,0.0941201831,0.0078036536,0.3826276021,5.07,0.87,714.59359434,52.032540931,229.90529142,0,0.004017258,0,0.0107698086,0.003567098,0,0.0003210267,0,0.0008606358,0.0002850536,0.0461813156,0.0090563703,0.0024797734,0.0123661123,0.5259822206,0.0040223826,0,0.0001751296,0,0.0012921164,0.0002859382,0,4.31165e-05,0,0.0002262971,2.06886e-05,"2008-05-22",1
"AQUE","2008-07-01",0.4453638278,0.1250392988,0.006205706,0.4748261839,5.43,0.825,749.55311623,21.944787276,182.51697507,0,0.0062150487,0,0.0114066617,0.0034111347,0,0.0006765008,0,0.0012416018,0.000371298,0.0182558341,0.0067764681,0.0011852761,0.0103650967,0.2043763845,0.0475213287,0,0.0020472543,0,0.0011441724,0.0001122054,0,0.0002467256,0,0.0001561592,2.0731e-05,"2008-06-07",0.89
"AQUE","2008-08-08",0.5334069453,0.1784468777,0.0067555179,0.4345364168,6.16,0.775,743.40711845,24.409503708,189.19386575,0,0.0095807443,2.15382e-05,0.0118324588,0.0029563781,0,0.001438678,3.2342578e-06,0.0017768033,0.0004439401,0.0402443808,0.0287193304,0.0013038449,0.0180575831,0.6160944586,0.0385479351,0,0.0006588461,2.098241e-06,0.0009236911,0.0001518904,0,0.0001776155,5.4362367e-07,0.0002620735,2.9883372e-06,"2008-07-05",0.89
"AQUE","2008-09-03",0.3526998677,0.107341272,0.0038903569,0.2571094344,5.22,0.44,699.61790807,31.275294639,192.48958123,0,0.0079433402,0,0.0105787619,0.0025633911,0,0.001111235,0,0.0014799178,0.0003586061,0.003085467,0.0020745681,0.0001674587,0.0166785049,0.0515333139,0.0036406558,0,0.0026123753,0,0.0002489411,0.0001081017,0,0.0004506998,0,0.0001096433,5.33603e-05,"2008-08-11",0.69
"AQUE","2008-10-02",0.4255205872,0.1498492289,0.0046009881,0.2489183165,6.225,0.545,636.20486601,23.008340837,163.52515328,0.0049345118,0.0263624026,4.61868e-05,0.0097108753,0.0021119878,0.0006287341,0.0033589829,5.8849263e-06,0.0012373176,0.0002691003,0.051926891,0.0162375061,0.0004855803,0.0088153714,0.4066654764,0.0020207139,0.0018069741,0.0088940846,3.9085988e-06,2.27033e-05,3.55981e-05,0.0002701111,0.0013576167,8.4602264e-07,9.16691e-05,2.32873e-05,"2008-10-02",0.87
"AQUE","2008-11-06",0.4570043136,0.1335001313,0.0050849079,0.438770884,5.085,0.42,585.75232811,16.549231994,141.91076104,0.0040885955,0.0190670637,4.62376e-05,0.0109776207,0.0022512183,0.0005786071,0.0026983197,6.5434149e-06,0.0015535234,0.0003185864,0.0054877118,0.0155230464,0.0004507039,0.0143325729,0.0976872782,0.0108781837,0.0013938665,0.0007462033,6.2178889e-06,0.0003459705,0.0001469784,0.0001999875,0.0001129461,8.7762978e-07,4.63849e-05,2.18327e-05,"2008-10-06",0.97
"AQUE","2008-12-04",0.5254329526,0.1798757799,0.0092270941,0.4809076322,5.135,0.41,528.62830154,17.124149051,136.80609209,0,0.0080906245,0,0.0120371272,0.002382319,0,0.0012583944,0,0.001872223,0.0003705396,0.0112476187,0.0271980974,4.88199e-05,0.0144701709,0.1930528433,0.0072326296,0,0.0011074078,0,0.0008272707,0.0002887359,0,2.4187657e-06,0,0.0003743057,4.6394968e-06,"2008-11-09",0.76
"AQUE","2009-01-15",0.6088352729,0.1551221134,0.0072014529,0.522582113,5.31,0.36,500.83507145,10.509452681,103.47672733,0.0016426874,0.0126907675,0,0.0123084978,0.0025347307,0.0002746469,0.0021218158,0,0.0020579027,0.0004237909,0.0311636069,0.0251692478,0.0005934766,0.0130395564,0.347507383,0.0216632406,0,0.0048441541,0,0.001106405,0.0002102429,8.906007e-07,0.0008248646,0,0.0001964943,3.47783e-05,"2008-12-25",1.3
"AQUE","2009-02-02",0.6694607503,0.172998693,0.0096016189,0.6024761332,5.255,0.33,519.84679801,19.215469966,99.566699215,0,0.0075980263,0,0.0127038808,0.0031092126,0,0.0012453009,0,0.00208214,0.0005095936,0.006374218,0.0013486942,5.37313e-05,0.0021965526,0.1186011072,0.0046228062,0,0.0012500569,0,0.0002165721,0.0001252638,0,0.0003068895,0,0.0001902208,5.30527e-05,"2009-01-25",0.85
"AQUE","2009-03-10",0.6878654279,0.1808108597,0.0167490807,0.5414278385,5.345,0.335,482.44743117,16.732902072,122.85973429,0.0019164687,0.0193837995,0,0.0126494036,0.0030135367,0.0003389774,0.0034285294,0,0.0022373762,0.0005330224,0.0364912105,0.0155831314,0.0015384563,0.0083345396,0.1463020896,0.0014275786,0.001355148,0.0023696742,0,0.000315315,3.24925e-05,0.0002049047,0.0005018664,0,6.02281e-05,2.98385e-05,"2009-02-16",1.28
"AQUE","2009-03-31",0.5347077626,0.1404870797,0.0123386757,0.6182456341,4.28,0.285,620.36250105,19.308794775,155.65540262,0,0.0120130568,0,0.0125926679,0.0034578945,0,0.0019197098,0,0.0020123328,0.0005525783,0.1226285796,0.0198307827,0.0038877144,0.0127077669,0.4572780446,0.0217036886,0,0.0009380873,0,0.0007491433,0.0003575641,0,0.0001593866,0,0.0001456811,6.20147e-05,"2009-03-22",0.84
"AQUE","2009-05-01",0.6781925783,0.1908017335,0.0209244515,0.6143823503,5.725,0.26,691.24619182,16.225593842,158.69223408,0,0.0106126284,0,0.0127793387,0.0036517737,0,0.0017443222,0,0.002100449,0.0006002161,0.0550553793,0.0228521791,0.0033207688,0.0375635987,0.1560027468,0.0079796133,0,9.8724e-05,0,0.0008899666,0.0002624467,0,0.0001610806,0,0.0001438662,4.29555e-05,"2009-04-15",1.11
"AQUE","2009-06-04",0.5185183837,0.1472546299,0.0087956621,0.5496550935,4.705,0.24,722.0854499,14.084238663,156.68171359,0.0042088483,0.0222137582,0,0.0125245762,0.0035297813,0.0007074614,0.0037338902,0,0.0021052445,0.0005933177,0.0503078567,0.0249253655,0.0010254411,0.0161849689,0.3303739071,0.0096446192,0.0032059115,4.33661e-05,0,0.0017173332,0.0004723454,0.0006195274,0.000610225,0,3.63369e-05,9.4709167e-06,"2009-05-06",1.07
"AQUE","2009-07-02",0.2893989126,0.1031091631,0.0051923599,0.3645758555,3.84,0.195,748.54118995,12.935803239,170.55670337,0,0.0122482283,0,0.0116264463,0.0030207082,0,0.0015172326,0,0.0014402102,0.0003741861,0.0244820344,0.0058750014,0.0003375198,0.0139983752,0.2068465614,0.0197033891,0,0.0030248843,0,0.0014164817,0.0003026714,0,0.0005478077,0,0.0002858664,1.3411e-05,"2009-06-20",0.79
"AQUE","2009-08-05",0.2281175347,0.0719409934,0.0031512721,0.3276439485,3.275,0.205,797.1628429,20.242075009,195.62054034,0,0.0158614748,0,0.0107377679,0.0025481862,0,0.0013734799,0,0.0009298069,0.000220653,0.0117711497,0.0002963359,0.0008390419,0.0155644371,0.1525868293,0.0017538969,0,0.0017259077,0,0.0005262042,9.6246341e-06,0,0.0002015822,0,1.74797e-05,7.6745284e-06,"2009-07-18",0.76
"AQUE","2009-09-09",0.2317785531,0.0779935523,0.003032616,0.1646065316,4.04,0.255,699.8082137,22.077281049,172.44782022,0.00637553,0.0135369805,0,0.0093105433,0.0022196615,0.0004776964,0.001014279,0,0.0006976067,0.0001663115,0.010198405,0.0037731812,0.0003960854,0.0206240307,0.3186608281,0.0108865979,0.0033750022,0.002780969,0,0.0002461913,7.43517e-05,0.0002287658,0.0001610217,0,3.2301e-05,8.1421178e-07,"2009-08-08",0.75
"AQUE","2009-10-07",0.208458009,0.0586307439,0.0037630999,0.1776260418,3.725,0.335,642.28210646,25.903852052,174.05992913,0.0024640311,0.0157936733,0,0.0083525189,0.0021137008,0.0001671902,0.0010716373,0,0.0005667377,0.0001434195,0.0032480359,0.0012765271,0.0006357474,0.0148940596,0.0962222556,0.0203799793,0,0.0063337077,0,0.0009807592,3.00254e-05,6.2079113e-06,0.0004062167,0,6.98529e-05,6.9967524e-07,"2009-10-04",0.91
"AQUE","2009-11-06",0.2348952539,0.0812668167,0.0028585662,0.2269692939,3.79,0.29,582.31372528,25.685495827,155.58905952,0.0074381184,0.0306401851,0,0.0087848413,0.0020441626,0.0005157147,0.0021244073,0,0.0006090884,0.00014173,0.0231617208,0.012594882,0.0004444702,0.0007540544,0.5405393124,0.0041945212,0,0.0052121651,0,0.0006254622,7.5638652e-06,6.38833e-05,0.0002273267,0,0.0001021337,1.0913e-05,"2009-10-14",1.48
"AQUE","2009-12-01",0.2195976025,0.0651316458,0.0017416915,0.296784971,3.285,0.315,513.81191245,26.104986366,158.37543838,0.0057240337,0.0360716502,0,0.009546495,0.0020446387,0.0004172928,0.002629691,0,0.0006959574,0.000149058,0.036999303,0.0102155412,0.0002999317,0.0257240391,0.5584089585,0.0075637471,0.0022639497,0.0068973681,0,0.0003897383,0.0001746627,0.0001749158,0.0005276161,0,3.35225e-05,1.43466e-05,"2009-11-28",1.4
"AQUE","2010-01-05",0.2645626367,0.0927133437,0.0055435364,0.4140917086,3.19,0.315,463.38891877,20.090603762,145.22550164,0.0088615694,0.0379054513,0,0.0105587173,0.0020811549,0.0006922001,0.0029608926,0,0.0008247687,0.0001625644,0.0286338499,0.016722457,0.0017716393,0.0182662057,0.2660281962,0.0085931043,0,0.00526189,0,0.0005901692,1.5949252e-06,1.5231e-05,0.0004867668,0,6.18794e-05,2.6865858e-06,"2009-12-29",1.08
"AQUE","2010-02-04",0.0585811803,0.0183275324,0.0010484768,0.3833582299,0.78,0.135,553.01507718,19.409703078,160.53469419,0.0186538596,0.0497587903,0,0.0111302468,0.0022136013,0.000855947,0.0022832211,0,0.0005107201,0.0001015728,0.00614699,0.002272196,0.0001597739,0.0613281828,0.0493193195,0.008998422,0.0238436622,0.0163430678,0,0.0006465879,5.65585e-05,0.0009508527,0.0003974599,0,5.38214e-05,1.49097e-05,"2010-01-20",2.21
"AQUE","2010-03-05",0.0463723124,0.0166611689,0.0009057756,0.3644008756,0.635,0.07,671.11456278,16.68897924,158.11766959,0.0239016269,0.0590804105,0.0008324936,0.0112318239,0.0023848542,0.0004178271,0.0010327915,1.45529e-05,0.0001963448,4.16899e-05,0.0072917601,0.0035016097,0.0001963726,0.0103642961,0.0437932015,0.0044825977,0.0169010025,0.0177700762,0.0003241371,0.0005542279,0.0003071265,0.0001967394,0.0001321612,2.6614411e-06,2.05636e-05,2.6645929e-06,"2010-02-28",2.11
"AQUE","2010-04-06",0.0272423115,0.0100507138,0.0008621884,0.4404891261,0.375,0.045,825.76227723,41.945348743,227.02618148,0.0032925161,0.0213680446,0,0.0111565433,0.0025816569,4.30618e-05,0.000279466,0,0.000145913,3.37647e-05,0.0048383354,0.0014837129,0.0002417196,0.0849109379,0.0111336743,0.002044163,0.0023281605,0.0143965038,0,0.0001355693,7.10006e-05,3.13019e-05,0.0001142678,0,2.78321e-05,5.1661138e-06,"2010-03-31",1.07
"AQUE","2010-05-07",0.0179393141,0.0051738155,0.0004281311,0.3128530466,0.275,0.025,884.94593937,39.963769571,241.71159995,0.0223595865,0.0364728834,0,0.0106859579,0.0029014286,0.0001642168,0.0002678699,0,7.84815e-05,2.13091e-05,0.0052622659,0.0018029706,0.0001109906,0.0247003478,0.0700697259,0.0012357238,0,0.0030293989,0,0.0004170974,0.000150563,5.07891e-05,7.42166e-05,0,2.16753e-05,5.7578411e-06,"2010-04-12",1.45
"AQUE","2010-06-01",0.021668899,0.0058249183,0.000504377,0.6328025253,0.185,0.03,692.44166819,57.786239608,222.72942938,0.0142669978,0.0649121245,0,0.0115654971,0.0033631733,7.83677e-05,0.0003565582,0,6.35285e-05,1.84737e-05,0.0001802838,0.0001132865,2.21467e-05,0.0393470362,0.0101599166,0.0001900199,0.0114682851,0.0275275933,0,0.0003131244,0.0001822405,3.15636e-05,0.0001916049,0,1.13187e-05,1.6694418e-06,"2010-05-21",1.07
"AQUE","2010-07-08",0.0124330008,0.0040423847,0.0002846318,0.0677113577,0.42,0.175,657.57111453,50.870092995,204.12840604,0.043498322,0.0655194394,0,0.0094413297,0.0029868714,0.0002122504,0.0003197026,0,4.6069e-05,1.45745e-05,0.0020422925,0.0004283465,0.0001193669,0.0257744537,0.1229330125,0.0205923281,0.0077488413,0.0043249524,0,2.04012e-05,0.000357921,2.48909e-05,3.31936e-05,0,1.992056e-06,9.3998856e-07,"2010-06-21",0.96
"AQUE","2010-08-09",0.0248869912,0.0072980967,0.0003347988,0.0073537228,1.185,0.445,667.68240479,46.582023626,201.0996865,0.0168436406,0.0367229286,0,0.00517271,0.0019793365,9.28233e-05,0.0002023757,0,2.85062e-05,1.09079e-05,0.0018503938,0.0002129264,3.6481e-05,0.0007389558,0.048868373,0.036110914,0.0055533168,0.0271916359,0,0.0008139072,0.0001747992,2.98706e-05,0.0001425209,0,3.1225496e-06,1.2310635e-06,"2010-07-21",0.75
"AQUE","2010-09-09",0.1228561032,0.0408534232,0.0019571686,0.0897684121,2.82,0.9,901.44481986,77.055134198,307.06435314,0.0064732482,0.0263693201,0,0.005827839,0.0023371502,0.0001261117,0.0005137267,0,0.0001135379,4.55323e-05,0.0124180273,0.0058194544,0.000340455,0.0036665209,0.118452594,0.0510281451,0.0024032624,0.0004005921,0,0.0002990828,5.87295e-05,4.11709e-05,7.6757e-05,0,4.4188856e-06,2.9856152e-06,"2010-08-29",0.75
"AQUE","2010-10-08",0.2000856358,0.0568825564,0.0030898097,0.1838269604,3.65,0.835,742.28456026,28.683617789,198.90961458,0.0030003923,0.0087973896,0.0003855968,0.0081860824,0.002254301,0.000145299,0.0004260282,1.86732e-05,0.0003964246,0.0001091683,0.0018335466,0.0015522896,0.0010223681,0.0125924925,0.0647834611,0.0234826401,0.0021215977,0.0042907251,2.29234e-05,0.0002365154,0.000204179,0.0001172084,0.0002788943,2.9253587e-06,4.64842e-05,3.2947654e-06,"2010-09-20",0.76
"AQUE","2010-11-02",0.1672223107,0.0509583331,0.0033401534,0.1584666651,3.255,0.52,614.61197994,19.339537671,158.97649389,0.0029643189,0.0081912333,0.0036899076,0.0086836497,0.0021603049,0.0001596765,0.0004412303,0.0001987612,0.0004677549,0.0001163673,0.0119074455,0.0001281958,3.56308e-05,0.0094801857,0.0523661239,0.0440288111,0,0.0002372188,9.20066e-05,0.0004007087,7.30076e-05,1.9380536e-06,1.14972e-05,8.3881397e-06,3.07476e-05,5.9860574e-06,"2010-10-25",0.85
"AQUE","2010-12-07",0.0854981544,0.0242433195,0.001989267,0.1098752285,1.565,0.18,601.86007033,16.082754175,151.63399734,0.0357932277,0.0518630525,0.002878116,0.008140971,0.0020354144,0.0012871972,0.0018651007,0.0001035029,0.0002927659,7.31976e-05,0.006879493,0.0003093811,4.46658e-05,0.0052713519,0.1653391224,0.0050004409,0.0081916322,0.0229988372,0.0001553404,0.0008827719,4.90986e-05,0.0003236855,0.0009191299,5.8776864e-06,3.45207e-05,1.7118086e-06,"2010-12-06",1.27
"AQUE","2011-01-11",0.0035998335,0.0011310998,8.43015e-05,0.1016780569,0.075,0.01,543.5306297,16.121107879,150.54557095,0.090801538,0.0242421781,0,0.0077796673,0.0020157456,0.0006847174,0.0001828057,0,5.8665e-05,1.52004e-05,0.001005285,0.0002779771,1.66448e-05,0.034693043,0.0022975195,0.0009524177,0.0003745711,0.0019681425,0,0.000234936,0.0001583733,6.5279163e-06,2.58167e-05,0,2.2681247e-06,2.817181e-06,"2010-12-26",1.31
"AQUE","2011-02-01",0,0,0,-99999,0,0,687.547785,28.962401732,196.28510364,-99999,-99999,-99999,0.0075969838,0.0020289497,-99999,-99999,-99999,-99999,-99999,0,0,0,-99999,0,0,-99999,-99999,-99999,0.0007094826,0.0001045437,-99999,-99999,-99999,-99999,-99999,"2011-01-31",1
"AQUE","2011-03-03",0,0,0,-99999,0,0,692.26283805,42.667860518,206.70899361,-99999,-99999,-99999,-99999,-99999,-99999,-99999,-99999,-99999,-99999,0,0,0,-99999,0,0,-99999,-99999,-99999,-99999,-99999,-99999,-99999,-99999,-99999,-99999,"2011-02-19",1.64
"AQUE","2011-04-04",0,0,0,-99999,0,0,733.70921935,43.359786344,211.61284656,-99999,-99999,-99999,-99999,-99999,-99999,-99999,-99999,-99999,-99999,0,0,0,-99999,0,0,-99999,-99999,-99999,-99999,-99999,-99999,-99999,-99999,-99999,-99999,"2011-03-20",1.95
"AQUE","2011-05-04",0,0,0,-99999,0,0,875.36072715,65.20401935,262.12386581,-99999,-99999,-99999,-99999,-99999,-99999,-99999,-99999,-99999,-99999,0,0,0,-99999,0,0,-99999,-99999,-99999,-99999,-99999,-99999,-99999,-99999,-99999,-99999,"2011-04-07",1.04
"AQUE","2011-06-08",0,0,0,-99999,0,0,880.26303764,61.820349544,246.96744751,-99999,-99999,-99999,-99999,-99999,-99999,-99999,-99999,-99999,-99999,0,0,0,-99999,0,0,-99999,-99999,-99999,-99999,-99999,-99999,-99999,-99999,-99999,-99999,"2011-06-05",1.06
"AQUE","2011-07-08",0,0,0,-99999,0,0,826.69008451,66.533464602,260.64498458,-99999,-99999,-99999,-99999,-99999,-99999,-99999,-99999,-99999,-99999,0,0,0,-99999,0,0,-99999,-99999,-99999,-99999,-99999,-99999,-99999,-99999,-99999,-99999,"2011-07-02",0.86
"AQUE","2011-08-01",0,0,0,-99999,0,0,858.74050088,77.084928636,289.39628989,-99999,-99999,-99999,-99999,-99999,-99999,-99999,-99999,-99999,-99999,0,0,0,-99999,0,0,-99999,-99999,-99999,-99999,-99999,-99999,-99999,-99999,-99999,-99999,"2011-07-11",0.8
"AQUE","2011-09-07",0,0,0,-99999,0,0,845.54654689,71.506064366,270.98229728,-99999,-99999,-99999,-99999,-99999,-99999,-99999,-99999,-99999,-99999,0,0,0,-99999,0,0,-99999,-99999,-99999,-99999,-99999,-99999,-99999,-99999,-99999,-99999,"2011-09-01",1.09
"AQUE","2011-10-07",0,0,0,-99999,0,0,669.73403476,45.076317944,203.47496849,-99999,-99999,-99999,-99999,-99999,-99999,-99999,-99999,-99999,-99999,0,0,0,-99999,0,0,-99999,-99999,-99999,-99999,-99999,-99999,-99999,-99999,-99999,-99999,"2011-10-06",0.99
"AQUE","2011-11-02",0,0,0,-99999,0,0,639.93143505,32.024752876,177.87490546,-99999,-99999,-99999,-99999,-99999,-99999,-99999,-99999,-99999,-99999,0,0,0,-99999,0,0,-99999,-99999,-99999,-99999,-99999,-99999,-99999,-99999,-99999,-99999,"2011-10-08",0.74
"AQUE","2011-12-08",0,0,0,-99999,0,0,589.28392687,49.235996445,181.51177594,-99999,-99999,-99999,-99999,-99999,-99999,-99999,-99999,-99999,-99999,0,0,0,-99999,0,0,-99999,-99999,-99999,-99999,-99999,-99999,-99999,-99999,-99999,-99999,"2011-11-12",1.05
"AQUE","2012-01-05",0,0,0,-99999,0,0,606.06320173,27.292420015,170.0215943,-99999,-99999,-99999,-99999,-99999,-99999,-99999,-99999,-99999,-99999,0,0,0,-99999,0,0,-99999,-99999,-99999,-99999,-99999,-99999,-99999,-99999,-99999,-99999,"2012-01-04",0.86
"AQUE","2012-02-01",0,0,0,-99999,0,0,611.20037265,34.651174555,170.57262693,-99999,-99999,-99999,-99999,-99999,-99999,-99999,-99999,-99999,-99999,0,0,0,-99999,0,0,-99999,-99999,-99999,-99999,-99999,-99999,-99999,-99999,-99999,-99999,"2012-01-22",1.19
"AQUE","2012-03-09",0,0,0,-99999,0,0,675.84434477,62.754299001,199.78749073,-99999,-99999,-99999,-99999,-99999,-99999,-99999,-99999,-99999,-99999,0,0,0,-99999,0,0,-99999,-99999,-99999,-99999,-99999,-99999,-99999,-99999,-99999,-99999,"2012-02-07",1.56
"AQUE","2012-04-04",0,0,0,-99999,0,0,838.17665868,44.217970043,218.47167071,-99999,-99999,-99999,-99999,-99999,-99999,-99999,-99999,-99999,-99999,0,0,0,-99999,0,0,-99999,-99999,-99999,-99999,-99999,-99999,-99999,-99999,-99999,-99999,"2012-04-01",1.86
"AQUE","2012-05-03",0,0,0,-99999,0,0,884.93805066,73.413258458,248.75185501,-99999,-99999,-99999,-99999,-99999,-99999,-99999,-99999,-99999,-99999,0,0,0,-99999,0,0,-99999,-99999,-99999,-99999,-99999,-99999,-99999,-99999,-99999,-99999,"2012-04-14",1.45
"AQUE","2012-06-22",0.0057213695,0.0016764148,0.0001204276,0,0.45,0.235,1031.4078059,47.920643535,247.43487789,-99999,-99999,-99999,0.0038232,0.002193121,-99999,-99999,-99999,-99999,-99999,0.0005633538,6.69527e-05,5.2750562e-06,0,0.0157386671,0.0011334713,-99999,-99999,-99999,0.00025411,0.0002454656,-99999,-99999,-99999,-99999,-99999,"2012-06-09",1.04
"AQUE","2012-07-10",0.0160745846,0.0041598474,0.0002321946,0,0.88,0.25,832.5393532,91.390111126,288.54379766,0.0770163534,0.0331281994,0,0.0038232,0.0025816307,0.0002104539,9.05257e-05,0,1.04472e-05,7.0545316e-06,0.0007524894,0.0004417326,2.63421e-05,0,0.0210267394,0.0154512529,0.0005468754,0.006068382,0,0.0002340201,0.0003094626,2.9001977e-06,2.1531e-05,0,1.1578226e-06,5.0883005e-07,"2012-07-03",0.82
"AQUE","2012-08-08",0.0577064446,0.0224912765,0.0007368482,0,2.755,0.885,801.16588458,59.976993921,259.31292684,0,0,0,0.0038232,0.0018179231,0,0,0,4.1528e-05,1.97465e-05,0.0056278644,0.0019255077,4.53727e-05,0,0.0502481095,0.0328782168,0,0,0,0.0004785907,8.968163e-06,0,0,0,9.1706195e-06,1.9253413e-06,"2012-07-12",0.69
"AQUE","2012-09-07",0.1507553783,0.0429369823,0.0014368192,0.0202327812,5.54,1.44,789.1656751,87.2396115,293.5250318,0,0.0030601588,0,0.0043666591,0.0022398656,0,9.67623e-05,0,0.0001380739,7.08246e-05,6.63237e-05,0.0024535725,0.000125877,0.001860874,0.411424035,0.0613603564,0,0.0004337111,0,0.0004427087,7.83884e-05,0,1.27305e-05,0,1.35121e-05,2.5041048e-06,"2012-09-01",0.77
"AQUE","2012-10-03",0.3008578362,0.0798583833,0.0032157064,0.0051813908,7.855,2.17,760.90568035,76.067560728,268.97609726,0,0.0097598009,0,0.0044560792,0.0024741881,0,0.0005807141,0,0.0002651394,0.0001472157,0.0429778887,0.0042535119,0.00038705,0.0013894147,0.1482974997,0.1703528394,0,0.0022802532,0,0.0004860141,8.81217e-05,0,9.42552e-05,0,1.13767e-05,1.27496e-05,"2012-09-09",0.79
"AQUE","2012-11-02",0.3797962632,0.1044412552,0.0039810236,0.002907838,8.97,2.335,741.6149438,69.789567386,249.89084806,0.0095894024,0.0215833399,0,0.0040254685,0.0023901092,0.000878396,0.0019770491,0,0.0003687357,0.0002189357,0.028838545,0.0212913621,0.0009886188,0.0010285132,0.3045787341,0.0418442561,0.0029501236,0.0075398308,0,0.0001932586,2.29902e-05,0.0002006913,0.0004497244,0,2.97436e-05,2.64163e-05,"2012-10-23",0.77
"AQUE","2012-12-11",0.3372427705,0.093337874,0.0043535644,0.0660539719,6.76,1.83,609.36796163,29.335565649,189.06622394,0.001769048,0.0101810038,8.75274e-05,0.0051496991,0.0021314913,0.0001747564,0.0010057364,8.6464418e-06,0.000508716,0.0002105606,0.0107207198,0.0031238369,0.0008496837,0.0041813734,0.0387492931,0.010962763,0,0.0034988698,7.8480043e-06,0.0001346678,0.0002946364,0,0.0004375032,1.5510936e-06,2.93486e-05,4.4768e-05,"2012-11-29",1.45
"AQUE","2013-01-09",0.3574112097,0.1441190865,0.0083319148,0.1910346956,6.16,1.315,490.06705765,11.769797528,123.76998034,0,0.0119165898,0,0.0079275844,0.0016135065,0,0.0013930005,0,0.0009267021,0.0001886123,0.01419832,0.0187400049,0.0005739208,0.0033799971,0.1346684748,0.0312949012,0,0.0016327916,0,0.000934906,0.0004233087,0,0.0001081555,0,3.91121e-05,3.2723e-05,"2013-01-07",1.2
"AQUE","2013-02-07",0.4874270772,0.1814105987,0.0131509968,0.3090977065,7.16,1.15,541.35676897,14.812155656,145.8424227,0.0025554473,0.0094539198,0,0.0100956244,0.0016944926,0.0004141111,0.0015320109,0,0.0016359993,0.0002745931,0.0370904361,0.0345198471,0.0022271365,0.0124598932,0.4498119474,0.0610967809,0.0019516807,0.0016645187,0,0.0005849232,9.37106e-05,0.0004547584,0.000599808,0,0.0003784744,2.35529e-05,"2013-02-07",0.94
"AQUE","2013-03-11",0.5374064831,0.1593153477,0.0088028486,0.3313425937,7.37,1.15,597.22945268,20.996753097,158.93492065,0.0052204401,0.0147736845,0,0.0107104837,0.0021758416,0.0008881216,0.0025133568,0,0.0018221093,0.0003701627,0.0040161754,0.0088263712,0.0002380161,0.0176384038,0.2068074776,0.0108764331,0.001922698,0.0100965089,0,0.0008547769,0.0001398684,0.0002896413,0.0019174453,0,2.75957e-05,1.5234836e-06,"2013-03-09",1.12
"AQUE","2013-04-10",0.5209022317,0.196702588,0.010992852,0.3237553406,7.19,0.795,666.09282596,26.227762017,165.10873756,0.0024702657,0.0220804085,0,0.0105563449,0.0022707062,0.0004381082,0.0039160192,0,0.0018721959,0.0004027158,0.0271409236,0.0174264873,0.0030076721,0.0121050998,0.1814513269,0.0101758759,0,0.0027844373,0,0.0003624933,3.09225e-05,6.5823226e-06,0.0004256197,0,3.24703e-05,1.1326e-05,"2013-04-09",1.14
"AQUE","2013-05-09",0.5153763563,0.1373847254,0.0083880072,0.3495249491,7.21,0.785,748.29092663,32.431370488,188.05260523,0.0025554473,0.0100863097,0,0.0103366298,0.0025628544,0.0004223473,0.0016669979,0,0.0017083691,0.0004235715,0.0792697991,0.0192446096,0.0018809262,0.0006757251,0.6286429581,0.0158358666,0.0018069741,0.0025696738,0,0.0004968148,0.0005224017,0.0002921162,0.0003962289,0,0.0001029781,7.97011e-05,"2013-04-16",0.87
"AQUE","2013-06-10",0.4620544478,0.1170467327,0.0050736769,0.2931341787,7.055,0.825,802.71391591,19.92951093,170.03910926,0.0021560272,0.0161586846,0,0.0100885972,0.0031708978,0.0002736954,0.0020512531,0,0.00128069,0.0004025274,0.0799909136,0.0143234286,0.0020210262,0.0072156581,0.3827551239,0.0596490754,0.0015245415,0.001818785,0,0.0007050661,7.64301e-05,0.0001781603,0.0002513231,0,0.0001027712,7.7108598e-07,"2013-05-27",1.09
"AQUE","2013-07-02",0.3922666201,0.1187032964,0.0066917191,0.3059131459,6.24,0.795,802.52953889,17.292473659,173.52390136,0,0.0171696549,5.3542e-05,0.0098769243,0.0029221358,0,0.00202384,6.3111653e-06,0.0011642234,0.0003444411,0.0635221788,0.0202577927,0.002047846,0.0125621511,0.3706662909,0.0240625168,0,0.0024427146,1.74251e-05,0.0004478676,2.42937e-05,0,0.0004991412,1.0064233e-06,0.0001343364,4.87304e-05,"2013-06-19",0.81
"AQUE","2013-08-08",0.3980862474,0.1042042976,0.0040089768,0.2321789844,6.615,0.775,746.04546381,20.571686308,179.84913514,0,0.0081460981,0,0.0097404501,0.0027050227,0,0.0009066317,0,0.0010840774,0.0003010594,0.0317622098,0.0026699151,0.0007216865,0.016862326,0.4159196586,0.0089726363,0,0.0019490293,0,0.0001360429,9.41892e-05,0,0.000284946,0,9.54146e-05,2.01652e-05,"2013-07-15",0.81
"AQUE","2013-09-04",0.4562745013,0.1459200003,0.0040398042,0.1935689087,7.385,0.595,843.75122934,20.533837102,195.13206297,0.0057092844,0.0256751392,3.12608e-05,0.009323835,0.0025824685,0.0007073453,0.0031809922,3.8730231e-06,0.0011551659,0.000319952,0.0306436368,0.0050960736,0.0005642301,0.0041066284,0.3972469686,0.0078585251,0.0020962497,0.0092626007,3.3825681e-06,0.0003769168,0.0001450415,0.0002767816,0.0012836015,3.0531415e-07,8.24387e-05,8.2942924e-06,"2013-08-09",0.65
"AQUE","2013-10-04",0.4421258522,0.1503128102,0.004549937,0.2130856653,7.01,0.53,863.22638929,22.288563378,205.73461017,0.005138356,0.0274619016,8.09152e-05,0.009244261,0.002313676,0.000761019,0.00406726,1.1984e-05,0.0013691263,0.0003426683,0.017007573,0.0077769307,0.000225021,0.0130766813,0.1287020037,0.0086122408,0.0020508778,0.0054299579,1.14801e-05,0.0002127548,4.67625e-05,0.0003624345,0.0006349188,2.1829396e-06,9.09709e-05,2.34635e-05,"2013-09-26",0.82
"AQUE","2013-11-07",0.3281041972,0.0906785191,0.003145444,0.069331415,6.38,0.54,735.49157699,12.157463653,162.20935502,0.0065630456,0.0181728348,0.0009383433,0.007807019,0.002080698,0.0007744046,0.0021442983,0.0001107195,0.0009211869,0.0002455113,0.0293344663,0.0159749092,0.0006330425,0.0064275915,0.5044629707,0.0051440186,0.0029761052,0.0036323098,0.0001633245,0.0003135005,1.0272624e-06,0.0003798443,0.0002255882,6.8130472e-06,5.88528e-05,2.73023e-05,"2013-11-03",0.74
"AQUE","2013-12-06",0.3107411896,0.0874337677,0.0024910575,0.1844923506,5.04,0.455,645.65481871,10.126538253,144.95275707,0.0062869502,0.0273581938,0,0.0076706561,0.0021435522,0.0005598296,0.0024361457,0,0.0006830435,0.0001908754,0.008886899,0.0125021317,0.0001194228,0.0078943092,0.0759799349,0.0154015979,0.0044455451,0.0059270576,0,0.0010486844,0.000447343,0.0003614645,0.0008576484,0,1.28286e-05,1.05433e-05,"2013-11-29",1.02
"AQUE","2014-01-07",0.2030839812,0.069119208,0.0024125138,0.2014423294,3.6,0.35,625.61697498,8.8124838129,136.13396073,0.0089900648,0.0274578416,0,0.0092939889,0.0020575443,0.0007004886,0.0021394624,0,0.0007241698,0.0001603199,0.0076850826,0.0049929291,0.0007147552,0.0014873336,0.1592264205,0.0101273182,0.0044342378,0.0031511693,0,0.000400553,0.0002235574,0.0003068867,0.0004957618,0,5.02759e-05,1.2034578e-07,"2013-12-07",0.84
"AQUE","2014-02-06",0.0971647461,0.0339464431,0.0013133058,0.2552829013,1.66,0.23,501.31834418,11.715225093,123.3935579,0.023104906,0.0611028449,0,0.0095636178,0.0017453857,0.0011429084,0.0030225164,0,0.0004730744,8.63373e-05,0.0053504687,0.0082394364,2.31888e-05,0.0257409685,0.0177838383,0.006882799,0.0031473651,0.000539173,0,0.0003827539,0.0001732019,0.0002749233,0.0005676101,0,4.62593e-05,4.2065427e-06,"2014-01-30",1.1
"AQUE","2014-03-12",0.0132443114,0.0033461675,0.0001360151,0.133109105,0.255,0.035,594.87428328,27.001464448,186.18289343,0.0909130133,0.0841553966,0,0.0085344394,0.0020647188,0.0012006911,0.001111443,0,0.0001127146,2.72688e-05,0.002916017,0.0010905257,6.23318e-05,0.037991669,0.0314191202,0.003605742,0.0008643704,0.0093569685,0,0.0007850713,0.0004364359,1.97537e-05,7.39435e-05,0,5.5794087e-06,4.7453908e-06,"2014-03-01",2.62
"AQUE","2014-04-08",0.0105000233,0.0027824665,0.0001758015,0.2091561475,0.18,0.005,732.77262855,40.670814654,247.04027004,0.0300344525,0.0505398539,0,0.0076984061,0.0028943372,9.1775e-05,0.0001544324,0,2.35237e-05,8.8440991e-06,0.0017970416,0.0002761219,4.17905e-05,0.035366387,0.022491824,0.0005126863,0.0047748448,0.0034881287,0,2.18892e-05,9.2111e-05,1.33037e-06,2.12721e-05,0,5.0798269e-06,1.6890074e-06,"2014-03-17",1.13
"AQUE","2014-05-02",0.0032879066,0.0008686504,5.43721e-05,0.0742162354,0.065,0.01,750.80374625,39.267818102,251.51988366,0.009297648,0.0720387859,0,0.0074115476,0.0028834593,1.52849e-05,0.0001184287,0,1.21843e-05,4.7402825e-06,0.0004836881,0.0003598632,2.0598464e-06,0.0133090803,0.0022441248,0.0017597232,0.0150503443,0.0013095596,0,0.0006943616,4.71758e-05,2.08965e-05,3.7962e-05,0,3.8064358e-06,1.0451432e-06,"2014-04-26",1.04
"AQUE","2014-06-06",0.0013139987,0.0004044997,1.63064e-05,0,0.03,0.005,836.12595777,24.52732796,207.8161764,0.0511931277,0.0137185653,0,0.0053508438,0.002287,3.10894e-05,8.3312404e-06,0,3.2495502e-06,1.3888877e-06,0.0001399621,3.14584e-05,1.8251462e-07,0,0.0045098089,0.0002638664,2.20506e-05,0.0020636713,0,0.0002380164,0.0002568495,8.8282551e-07,4.045352e-06,0,6.7528923e-07,2.6007491e-07,"2014-05-06",0.93
"AQUE","2014-07-08",0.0048950255,0.001663469,5.32785e-05,0.2180928786,0.075,0.005,710.80353455,18.643316218,162.68055935,0.0216608494,0.0365647266,0,0.0073892877,0.0019666776,1.92858e-05,3.25556e-05,0,6.5790833e-06,1.7510396e-06,0.0018097316,0.0006630028,1.28226e-05,0.0072362373,0.0173486949,0.0002205294,0,0.0517103323,0,5.3840793e-06,0.00019093,4.1940616e-06,3.95104e-05,0,1.5011765e-06,5.5798602e-07,"2014-06-30",0.91
"AQUE","2014-08-05",0,0,0,-99999,0,0,677.14088064,24.239910172,173.22270417,0,0.0967160786,-99999,0.0109553753,0.0020144279,-99999,-99999,-99999,-99999,-99999,0,0,0,-99999,0,0,0,0.0408605792,-99999,2.86259e-05,1.90727e-05,-99999,-99999,-99999,-99999,-99999,"2014-07-31",0.68
"AQUE","2014-09-05",0,0,0,-99999,0,0,709.56311225,22.424151499,172.98170473,0.0447191729,0.0139882576,-99999,-99999,-99999,-99999,-99999,-99999,-99999,-99999,0,0,0,-99999,0,0,0,0.0075295411,-99999,-99999,-99999,-99999,-99999,-99999,-99999,-99999,"2014-08-29",0.91
"AQUE","2014-10-10",0,0,0,-99999,0,0,697.26250486,27.751999252,178.30979379,-99999,-99999,-99999,-99999,-99999,-99999,-99999,-99999,-99999,-99999,0,0,0,-99999,0,0,-99999,-99999,-99999,-99999,-99999,-99999,-99999,-99999,-99999,-99999,"2014-09-19",0.97
"AQUE","2014-11-13",0,0,0,-99999,0,0,594.96058887,25.463509683,156.08981653,-99999,-99999,-99999,-99999,-99999,-99999,-99999,-99999,-99999,-99999,0,0,0,-99999,0,0,-99999,-99999,-99999,-99999,-99999,-99999,-99999,-99999,-99999,-99999,"2014-10-22",0.96
"AQUE","2014-12-05",0,0,0,-99999,0,0,563.05505889,24.9575173,155.72795212,-99999,-99999,-99999,-99999,-99999,-99999,-99999,-99999,-99999,-99999,0,0,0,-99999,0,0,-99999,-99999,-99999,-99999,-99999,-99999,-99999,-99999,-99999,-99999,"2014-12-04",1.21
"AQUE","2015-01-06",0,0,0,-99999,0,0,525.61241935,26.421997249,149.818412,-99999,-99999,-99999,-99999,-99999,-99999,-99999,-99999,-99999,-99999,0,0,0,-99999,0,0,-99999,-99999,-99999,-99999,-99999,-99999,-99999,-99999,-99999,-99999,"2014-12-12",1.98
"AQUE","2015-02-02",0,0,0,-99999,0,0,548.56010735,38.673308276,170.16166886,-99999,-99999,-99999,-99999,-99999,-99999,-99999,-99999,-99999,-99999,0,0,0,-99999,0,0,-99999,-99999,-99999,-99999,-99999,-99999,-99999,-99999,-99999,-99999,"2015-01-20",0.75
"AQUE","2015-03-06",0,0,0,-99999,0,0,636.79106473,65.896235531,218.8602642,-99999,-99999,-99999,-99999,-99999,-99999,-99999,-99999,-99999,-99999,0,0,0,-99999,0,0,-99999,-99999,-99999,-99999,-99999,-99999,-99999,-99999,-99999,-99999,"2015-02-09",2.24
"AQUE","2015-04-06",0,0,0,-99999,0,0,576.04113766,64.715935394,202.94719677,-99999,-99999,-99999,-99999,-99999,-99999,-99999,-99999,-99999,-99999,0,0,0,-99999,0,0,-99999,-99999,-99999,-99999,-99999,-99999,-99999,-99999,-99999,-99999,"2015-04-01",0.97
"AQUE","2015-05-12",0,0,0,-99999,0,0,636.71622176,41.132865083,189.0717386,-99999,-99999,-99999,-99999,-99999,-99999,-99999,-99999,-99999,-99999,0,0,0,-99999,0,0,-99999,-99999,-99999,-99999,-99999,-99999,-99999,-99999,-99999,-99999,"2015-04-30",0.95
"AQUE","2015-06-04",0.0039857962,0.0015863143,6.67987e-05,0,0.32,0.17,802.93625878,16.370444103,189.25733358,-99999,-99999,-99999,0.0038232,0.0014415421,-99999,-99999,-99999,-99999,-99999,0.0005054796,0.0003062705,1.33899e-05,0,0.0269553046,0.0074784578,-99999,-99999,-99999,0.0001701571,0.0001049406,-99999,-99999,-99999,-99999,-99999,"2015-06-04",0.83
"AQUE","2015-07-13",0.0180455827,0.0073017792,0.0002174611,0,0.99,0.405,814.93548889,14.809633089,177.68278434,0.0355460093,0.0152899382,0,0.0038232,0.0013881446,0.0001330722,5.72403e-05,0,1.43128e-05,5.1967425e-06,0.0010265384,3.31244e-05,1.66504e-05,0,0.0333743891,0.0005865351,0.000252404,0.0028007917,0,1.23942e-05,4.58922e-05,2.2120099e-06,1.50683e-05,0,8.1056813e-07,5.1761171e-07,"2015-06-25",0.72
"AQUE","2015-08-03",0.0245225015,0.0082682003,0.0001731976,0,1.15,0.465,807.61554749,19.728208224,186.64119099,0.0068143259,0.0207174816,0,0.0038232,0.0015600784,5.29813e-05,0.000161078,0,2.97253e-05,1.21296e-05,0.0019805944,0.0015582376,1.63633e-05,0,0.0884306466,7.3522447e-06,0,0.0025057319,0,1.38548e-05,0.0001301107,2.3925562e-06,3.63259e-05,0,2.9722885e-06,1.427966e-07,"2015-07-29",0.76
"AQUE","2015-09-03",0.0268603242,0.0094964895,0.0002550891,0,1.31,0.45,795.29506204,47.952015081,232.1202341,0.0084633634,0.005217439,0,0.0038232,0.0018062318,7.50546e-05,4.62691e-05,0,3.39048e-05,1.6018e-05,0.0002851417,0.000713712,2.80232e-05,0,0.0216237079,0.009265538,0,0.0005743844,0,0.0001866608,9.36148e-05,1.40788e-05,1.22044e-05,0,2.6211541e-06,1.2391163e-06,"2015-09-01",0.8
"AQUE","2015-10-05",0.0276497337,0.0105551783,0.0003056017,0.0098020991,1.47,0.575,731.2457553,66.5238752,235.88480497,0.0025013346,0.0205170161,0,0.0039274137,0.0017185897,2.50546e-05,0.0002055089,0,3.9339e-05,1.72143e-05,0.0046768047,0.0034827908,9.6686686e-06,0.0003231509,0.1193822902,0.0110357687,0.0017687107,0.0152076487,0,0.000466137,0.0001539799,1.5636e-05,0.0001286121,0,1.25984e-05,2.0395507e-06,"2015-10-04",0.93
"AQUE","2015-11-11",0.0413362103,0.0156322082,0.0008741989,0,1.815,0.535,632.14729069,31.622612908,175.7694415,0.0077751911,0.0336580718,0,0.0039274137,0.0014755472,0.0001005174,0.0004351304,0,5.07735e-05,1.90758e-05,0.0073054045,0.0026176035,0.0002565777,0,0.0572800751,0.0268242461,0.0042644951,0.0039781693,0,0.0007464522,0.0001719696,5.81848e-05,7.21201e-05,0,1.21244e-05,7.7471896e-07,"2015-10-10",1.03
"AQUE","2015-12-03",0.0658970367,0.0269958415,0.0012069306,0,2.26,0.645,584.98310585,23.942057733,158.84062526,0,0.0092266739,0,0.0038232,0.001352635,0,0.0001919075,0,7.95195e-05,2.81337e-05,0.0152620635,0.0057669624,0.0003023872,0,0.2085839578,0.0365568391,0,0.0023710779,0,5.1735364e-06,7.13063e-05,0,4.78036e-05,0,2.0844228e-06,9.7297807e-07,"2015-11-16",1.12
"AQUE","2016-01-11",0.071344791,0.0274891532,0.0018756677,0.0721385426,1.575,0.38,511.04329416,19.657044821,140.25272317,0.0039525815,0.023480177,0,0.0054207618,0.0013325772,0.0001076752,0.0006396412,0,0.0001476711,3.63017e-05,0.0044699546,0.0041306684,0.0004842223,0.0135499765,0.1695103805,0.0310810772,0.0030288481,0.0027694545,0,0.0002529811,5.1964823e-06,7.44838e-05,5.4704e-05,0,3.58338e-05,6.4415912e-06,"2016-01-07",1.83
"AQUE","2016-02-09",0.157966837,0.0566847619,0.0046128464,0.2543011085,2.61,0.38,538.93815111,26.11230318,148.75840203,0.0057604857,0.0194678865,0,0.0084438606,0.0016945752,0.0002323859,0.0007853611,0,0.0003406369,6.83615e-05,0.0055327645,0.0055037169,0.0002752797,0.0167530137,0.1736687096,0.0160124661,0.0023239474,0.0076605266,0,0.0002108655,0.0002042305,5.73401e-05,0.000399596,0,3.48904e-05,2.7926733e-07,"2016-01-24",1.55
"AQUE","2016-03-09",0.1058453371,0.0377415658,0.0019714564,0.1572373041,2.11,0.29,609.09770394,45.597857286,200.04316465,0.0167416488,0.0198089809,0,0.0088004371,0.0019525553,0.0007797062,0.0009225605,0,0.0004098614,9.09361e-05,0.0005048557,0.0009873707,0.0002173524,0.0043619577,0.0733890049,0.0137194853,0.0070145498,0.0015156748,0,0.0003103925,0.000124622,0.0003859423,0.0001376357,0,4.00236e-05,4.9813855e-07,"2016-03-07",1.84
"AQUE","2016-04-05",0.2061239221,0.0741552396,0.0061534286,0.3740399741,2.58,0.26,711.87496544,28.884902103,224.23693434,0.0032226436,0.0104256103,0,0.0093447281,0.0022622516,0.0001737467,0.0005620899,0,0.0005038148,0.0001219678,0.0251708831,0.0074481402,0.0012902608,0.0012747266,0.1928613374,0.0003870494,0,0.0019317477,0,0.0003431794,7.77045e-05,0,0.0001429141,0,5.02776e-05,1.20069e-05,"2016-03-12",1.55
"AQUE","2016-05-05",0.3602376244,0.1253287833,0.0086093462,0.4290762672,4.01,0.295,782.40764608,13.754576853,220.55371695,0.0087454755,0.0125177518,0,0.0111223966,0.0026247159,0.000852809,0.00122066,0,0.0010845929,0.0002559474,0.0079949866,0.0107512685,0.0001394161,0.0260407154,0.2545016635,0.0159831019,0,0.0057948742,0,0.0001729773,2.2445124e-08,7.88122e-05,0.0004401555,0,0.0001248779,2.52443e-05,"2016-04-15",0.94
"AQUE","2016-06-07",0.3377009856,0.1204391051,0.0053965899,0.4769063571,3.58,0.205,831.38112678,62.90031225,280.49567453,0,0.0048139891,0,0.0115099902,0.0029146102,0,0.0005914839,0,0.0014142064,0.0003581115,0.0122663342,0.0020470019,5.6724052e-06,0.0348388673,0.3126147601,0.0054424131,0,9.72957e-05,0,4.09604e-05,0.0001757192,0,3.2402e-05,0,5.00881e-05,8.8050747e-06,"2016-05-20",0.8
"AQUE","2016-07-11",0.2939670825,0.1062329278,0.0056348191,0.4761695447,3.365,0.18,783.35788906,41.356119791,248.25663534,0.0053623987,0.023374991,0,0.0116064306,0.0027815057,0.0006069563,0.0026457561,0,0.0013137025,0.0003148316,0.0236460385,0.0078709977,0.0008398211,0.0203919025,0.109523099,0.0016551909,0.0066229645,0.0106814606,0,0.0002031852,1.84409e-05,0.0006945269,0.0010776964,0,5.74158e-05,6.7076942e-06,"2016-06-25",0.86
"AQUE","2016-08-08",0.2682975903,0.0891758601,0.004918226,0.2218043765,4.565,0.235,788.59302886,76.3338267,294.72709502,0.0028586681,0.0245223261,0,0.0103350964,0.0026989336,0.0002785936,0.0023898414,0,0.0010072144,0.0002630266,0.0153493099,0.0033804215,0.0007002601,0.0004522844,0.6165091615,0.0176632153,0,0.0005394429,0,8.94775e-05,0.0003534821,0,0.0001485089,0,6.75666e-05,1.71654e-05,"2016-07-12",0.75
"AQUE","2016-09-07",0.1715754069,0.0495637331,0.002410608,0.1370353821,3.125,0.165,767.28129412,46.505719386,263.59289216,0.005138356,0.0268975159,0,0.0080995226,0.0024847009,0.000346541,0.0018140223,0,0.000546248,0.0001675732,0.018287295,0.0042196121,0.0008598514,0.0309622201,0.1018671144,0.008443371,0.0067807315,0.0050529996,0,0.0006532379,4.29674e-05,0.0003792864,0.0003987487,0,7.8739472e-06,1.36737e-05,"2016-09-04",0.71
"AQUE","2016-10-04",0.1644944036,0.0557096446,0.0026526653,0.1824945291,2.705,0.165,698.45042608,47.427502568,242.92363246,0.0027447397,0.0260722238,0,0.0081306127,0.0023199018,0.0001443097,0.001370795,0,0.0004274819,0.0001219731,0.0038812115,0.0031066862,0.00012592,0.0202569822,0.0576757238,0.0006095376,0.0019408241,0.0018898857,0,0.00023961,0.0002173935,9.51579e-05,6.95511e-05,0,5.9963908e-06,1.21321e-05,"2016-10-02",0.77
"AQUE","2016-11-04",0.2193520964,0.0742253354,0.0025919735,0.334407052,2.7,0.15,619.15449737,37.224900859,198.81455217,0.0053888414,0.0377869239,0,0.0101949059,0.0021551035,0.0003477168,0.002438214,0,0.0006578297,0.0001390588,0.0141124134,0.0009790842,0.0001625558,0.0017235732,0.0662117204,0.0007638636,0.0019847205,0.0116842042,0,0.0003881998,2.43319e-05,0.0001278835,0.0007794633,0,4.41507e-05,6.4932936e-06,"2016-11-04",0.96
"AQUE","2016-12-06",0.0995515151,0.0319923614,0.001126414,0.3214075057,1.45,0.105,554.37472493,14.415395184,163.85065304,0.0025013346,0.0178532096,0,0.0106603658,0.0021444218,0.0001255201,0.0008958967,0,0.0005349507,0.0001076098,0.0188547587,0.0052643038,0.0003624071,0.0186430392,0.3085963962,1.1725e-05,0.0021060773,0.0052899457,0,7.51542e-05,0.000118308,7.24883e-05,0.0001627111,0,3.89694e-05,1.45766e-05,"2016-11-20",1.24
"AQUE","2017-01-10",0.079057435,0.0190610499,0.0010405603,0.2880164278,1.145,0.095,509.84317325,10.277893818,138.21936087,0.0040885955,0.0191139269,0,0.0100082902,0.0023292127,0.0001020969,0.0004772966,0,0.0002499185,5.81631e-05,0.0006143799,0.0012160824,0.0004031381,0.0189706063,0.0608114173,0.0022942318,0.0014972071,0.0010002464,0,0.0006974739,3.66628e-05,3.93317e-05,4.40089e-05,0,6.8701343e-07,4.6140061e-06,"2017-01-09",1.11
"AQUE","2017-02-01",0.0384424482,0.0108365241,0.0007014012,0.3098347196,0.585,0.095,531.31341341,9.2659170575,136.40090213,0.03150669,0.0776154746,0,0.0099893299,0.0026184803,0.0004588565,0.0011303746,0,0.0001454824,3.8135e-05,0.00411381,0.0018105004,8.21498e-05,0.0033154146,0.0357253011,0.0021039505,0.009246452,0.0046782935,0,0.0008217494,0.0002395095,0.0001573945,3.21821e-05,0,4.8870287e-06,6.0600167e-07,"2017-01-21",2.07
"AQUE","2017-03-10",0.0131121447,0.0036170547,0.0002519196,0.0981355566,0.295,0.05,600.51082637,17.790776201,171.14276204,0.0045149753,0.0344921367,0,0.0086461601,0.0024859137,2.97064e-05,0.000226942,0,5.68877e-05,1.63561e-05,9.5359066e-06,0.0002423471,5.30657e-05,0.0251593201,0.0339691121,0.0070571596,0,0.0017799029,0,0.0003705167,0.0001766667,3.8033789e-06,4.02649e-05,0,9.925279e-06,1.0135215e-06,"2017-02-18",2.59
"AQUE","2017-04-04",0.0215445567,0.0075484024,0.0006130051,0.369514381,0.305,0.055,712.00826116,49.14693031,256.05369087,0.0072928623,0.0187501493,0,0.0090984568,0.0025236769,3.8972e-05,0.0001001981,0,4.86209e-05,1.34862e-05,0.0023174989,0.0004722279,0.0001280636,0.0362472684,0.008697319,0.0001428511,0.0033314073,0.002669506,0,0.0001408048,0.0002722179,1.82358e-05,1.49483e-05,0,3.7522116e-07,1.5456894e-06,"2017-03-31",0.99
"AQUE","2017-05-04",0.0397328756,0.0106277395,0.0011095918,0.3393131358,0.585,0.055,778.18326568,23.819195739,241.83238064,0,0.0078718891,0,0.0108545831,0.0029928509,0,7.08505e-05,0,9.76961e-05,2.6937e-05,0.0014533207,4.72344e-05,0.0001366263,0.005518269,0.0751673598,0.0042552614,0,0.0010758094,0,0.0004172617,0.0001858871,0,7.3954476e-06,0,6.3525006e-06,8.6079732e-07,"2017-04-08",1.16
"AQUE","2017-06-06",0.1024480466,0.0329561689,0.002302988,0.5026302408,0.98,0.085,830.49740613,18.761153704,227.30656309,0.0026367084,0.0118140555,0,0.0113792594,0.003251904,5.20217e-05,0.0002330889,0,0.0002245105,6.41594e-05,0.009864824,0.0012095058,0.0001504434,0.0038705822,0.1106062091,0.006558969,0,0.0052286123,0,0.001754733,0.0003663015,9.5000551e-07,0.0001093974,0,4.23299e-05,9.126284e-06,"2017-05-07",1.02
"AQUE","2017-07-11",0.0496162699,0.0164057643,0.0008396683,0.3570949758,0.865,0.18,785.76413305,13.370866132,203.98540848,0,0.0049327023,0,0.0112991262,0.0029414079,0,0.0001184188,0,0.0002712568,7.0614e-05,0.0026871686,0.0016404527,2.81662e-05,0.0212003606,0.0117492391,0.0056008258,0,0.0001670174,0,0.0003924979,5.01311e-05,0,1.02738e-05,0,5.2556073e-08,1.4736146e-06,"2017-06-12",1.06
"AQUE","2017-08-03",0.1114619251,0.0392022021,0.0012151197,0.4225628007,1.465,0.17,791.26966654,17.170155995,219.6629427,0,0.0067405276,0,0.0109557847,0.0026735147,0,0.0001763976,0,0.0002867097,6.99651e-05,0.0087520458,0.002726364,0.0001551005,0.0541329676,0.0468265828,0.0026177646,0,0.0005756404,0,9.89558e-05,5.19476e-05,0,2.8837022e-06,0,2.22125e-05,4.7741586e-06,"2017-08-01",0.74
"AQUE","2017-09-06",0.04752034,0.014944211,0.0005205247,0.186657711,0.905,0.135,770.19300779,23.967069865,238.10501043,0,0.0039092257,0,0.0096697953,0.0026019938,0,0.0001178691,0,0.000291559,7.84541e-05,0.0062634683,0.0023731249,2.98733e-05,0.0006078025,0.0826716445,0.0027771923,0,0.0009236314,0,0.0002425418,0.0003032501,0,1.75112e-05,0,1.8134e-05,1.59585e-05,"2017-09-05",0.65
"AQUE","2017-10-02",0.1495257883,0.0445435898,0.001423565,0.2942751775,2.26,0.205,700.04505665,22.289755109,218.14269622,0,0.0058630948,0,0.0087394353,0.0025887119,0,0.0001589021,0,0.0002368569,7.01595e-05,0.0096588286,0.0043297215,0.0004459332,0.0287528821,0.1052119871,0.0168658882,0,0.0028755747,0,0.0008841937,8.0439e-05,0,8.659e-05,0,6.1760747e-06,7.8058324e-06,"2017-09-08",0.69
"AQUE","2017-11-02",0.0760178649,0.0220073037,0.0007289617,0.1466401009,1.655,0.22,624.74621525,16.524069213,175.54567798,0.0058813405,0.0302138571,0.0008350081,0.0086873148,0.0023829964,0.00018798,0.0009656985,2.66886e-05,0.0002776649,7.61656e-05,6.3429874e-07,0.000897109,0.000199115,0.0091391803,0.0144121508,0.0159132349,0.0103097337,0.0143192468,0.0004054574,0.0003784841,8.63722e-05,0.0002996198,0.0004400904,9.9098138e-06,1.83182e-06,5.9883196e-06,"2017-10-20",0.9
"AQUE","2017-12-06",0.1644654065,0.0574975945,0.0020966884,0.189295376,2.77,0.335,556.96814739,13.869978422,163.43665959,0.0025591581,0.0152823599,0,0.0085364266,0.0018965336,9.45733e-05,0.0005647575,0,0.0003154624,7.00861e-05,0.0292484464,0.0124080652,8.24506e-05,0.022185917,0.1914947894,0.0144219927,0,0.0049529023,0,0.0005889957,0.0001772358,1.02086e-05,0.0002168067,0,5.49544e-05,9.8476662e-07,"2017-11-10",0.84
"AQUE","2018-01-23",0.062867386,0.017347965,0.0005555645,0.3069576168,1.065,0.23,514.13114314,11.2407755,141.49430245,0.0054659222,0.0049898902,0,0.0098744766,0.0018839751,0.0001932657,0.0001764341,0,0.0003491448,6.66142e-05,0.0089533408,0.003929142,0.0001910916,0.0121347207,0.1637383562,0.0033544549,0.0079401683,0.0009247216,0,0.0009492852,8.85194e-05,0.0002888616,3.77942e-05,0,4.7698e-05,5.9204191e-06,"2018-01-10",2.16
"AQUE","2018-02-15",0.1366612447,0.0355316104,0.0014862738,0.4139187212,1.925,0.22,563.03112098,13.03454645,154.9894405,0,0.0060313068,0,0.0107745906,0.0028095077,0,0.0001529696,0,0.0002732715,7.12564e-05,0.0072282242,0.0045002446,0.0001191229,0.0273877521,0.1042735539,0.0023158221,0,0.0007280741,0,0.0003687915,8.60314e-05,0,1.19063e-05,0,1.89475e-05,8.1956866e-07,"2018-01-26",0.81
"AQUE","2018-03-12",0.2087864812,0.0656057737,0.0046906937,0.4531170355,2.38,0.265,621.55916358,15.788191611,184.42270892,0,0.0051858228,0,0.0112326518,0.0028451715,0,0.0002543197,0,0.0005508644,0.000139531,0.0136103729,0.0019245351,0.0007391347,0.0867777766,0.097832336,0.0009056267,0,0.0005957599,0,0.0008811909,0.0001978734,0,4.03929e-05,0,1.96701e-05,3.7564424e-06,"2018-03-02",0.96
"AQUE","2018-04-06",0.1912058661,0.047146417,0.0039908516,0.5399394677,2.005,0.21,715.64734003,13.7582946,198.13727521,0,0.004921475,1.29247e-05,0.0116839886,0.003337473,0,0.0002749567,7.2208423e-07,0.00065277,0.0001864605,0.0125737602,0.0057344848,0.0002839804,0.0517054902,0.1075370526,0.0133193395,0,0.0022685454,6.8732476e-06,0.0004192197,2.38918e-05,0,0.0001398094,4.1388418e-07,5.063e-05,8.5260624e-06,"2018-03-22",0.96
"AQUE","2018-05-02",0.1833956155,0.0483229089,0.0033269169,0.600955094,1.59,0.15,773.60392704,14.297449557,220.15701928,0,0.0047306673,0,0.0121558568,0.0041359666,0,0.0002258054,0,0.0005802264,0.000197419,0.0114267428,0.0037450152,0.0002615448,0.0216448267,0.0852937985,0.0139953652,0,0.0015695623,0,0.0008209501,4.68247e-05,0,8.15533e-05,0,6.23071e-05,2.8209181e-06,"2018-04-12",1.04
"AQUE","2018-06-06",0.2262341835,0.0670026133,0.0062913816,0.5274262501,2.405,0.14,832.25089523,15.479000379,220.62053134,0,0.0061937469,0,0.0122351677,0.0038689307,0,0.0003540031,0,0.0006993,0.0002211284,0.0066736811,0.0010888739,0.0006682659,0.0019370476,0.077978399,0.0126192472,0,0.0036135901,0,0.0007279868,0.0002344793,0,0.000256996,0,7.96021e-05,6.5905837e-06,"2018-05-11",0.84
"AQUE","2018-07-10",0.1446317781,0.0480984897,0.003356139,0.4010229862,1.8,0.105,786.42172612,19.29512316,214.95912869,0.0045338435,0.0314466584,0,0.0117295476,0.0031606275,0.000258562,0.0017933812,0,0.000668928,0.0001802484,0.004626472,0.0008512493,0.0003293282,0.0046082703,0.1260822187,0.00238321,0.0018095981,0.0053030337,0,6.3293988e-06,0.000362025,0.0001129278,0.0003323854,0,7.3797607e-07,2.2716e-05,"2018-06-10",0.69
"AQUE","2018-08-06",0.1076318778,0.0281877716,0.001606219,0.332922764,1.63,0.085,788.4368935,25.064921011,234.17248451,0,0.0135304123,0.0003973165,0.0107775587,0.0029960755,0,0.0005041525,1.48043e-05,0.0004015793,0.0001116359,0.0025734043,0.0019018844,0.0001353127,0.0054910681,0.0190525246,0.0018856147,0,0.0035830434,0.0001970869,0.0008443163,0.0002024048,0,0.0001659012,7.5767826e-06,1.87756e-05,4.4102428e-06,"2018-07-24",0.7
"AQUE","2018-09-06",0.12049321,0.0414373586,0.0021879882,0.1481148986,2.435,0.115,769.7217561,38.731357045,252.67646955,0,0.0113636222,0,0.0090273253,0.002649974,0,0.0003907745,0,0.0003104334,9.11278e-05,0.0006045319,0.000886651,0.0002152712,0.0001955032,0.0620946976,0.0030750443,0,0.0014427544,0,0.0007835619,0.0001829093,0,5.99263e-05,0,2.31269e-05,5.0916231e-06,"2018-08-13",0.75
"AQUE","2018-10-05",0.1003628571,0.0271383425,0.0011157299,0.0958870555,2.005,0.085,696.61227476,36.630443912,239.99426868,0.0025554473,0.0295265371,0,0.0071842319,0.0022650606,8.63359e-05,0.0009975549,0,0.0002427195,7.65251e-05,0.0010790226,0.0019868739,0.0002562094,0.0249737597,0.0002343923,0.0008594053,0,0.0122163336,0,1.53284e-05,7.74977e-05,0,0.000389851,0,1.02649e-05,8.5963372e-07,"2018-10-05",0.74
"AQUE","2018-11-01",0.0856793537,0.0286596152,0.0008359015,0.1729093551,1.575,0.085,621.77260506,25.27714774,190.52382537,0.0136194363,0.0497315667,0,0.0076651963,0.0021468428,0.0003798742,0.0013871161,0,0.0002137982,5.98799e-05,0.0037007707,0.0010260134,0.000241585,0.0055039382,0.2162229031,0.011350916,0.0093410101,0.0068735716,0,0.0001196509,0.0001095703,0.0003029236,0.0002884977,0,8.8345323e-06,1.73226e-07,"2018-10-30",0.87
"AQUE","2018-12-04",0.0612056549,0.0168056468,0.000974947,0.2706413986,0.915,0.065,559.54108908,24.864962628,181.86878315,0.0055248957,0.0364232991,0,0.0097695496,0.0021439469,0.000122696,0.0008088828,0,0.0002169606,4.76124e-05,0.0071152822,5.87022e-05,5.0131e-05,0.0378562428,0.0250550747,0.0004075967,0.0039066912,0.0034855008,0,0.0005569082,0.0001631872,8.60786e-05,6.29252e-05,0,8.8423478e-06,2.8217845e-06,"2018-11-30",1.93
"AQUE","2019-01-03",0.0521448968,0.0169177028,0.0006233957,0.2165118131,0.92,0.07,509.32685236,25.597979984,166.1919218,0.0060773852,0.0183942175,0,0.0100663032,0.0021885935,0.0001024745,0.0003101562,0,0.0001697341,3.69032e-05,0.0040757293,0.0016891728,1.25574e-05,0.0100929524,0.0073542649,0.0007088652,0.0024833712,0.0012484064,0,0.0008754157,9.91385e-05,3.53357e-05,5.1475682e-06,0,2.29085e-05,3.4230408e-06,"2018-12-18",1.21
"AQUE","2019-02-08",0.0357987772,0.0123033408,0.0007472321,0.2867052359,0.54,0.04,532.99653606,13.87838947,146.3341776,0.0079911687,0.0541571625,0,0.0095597795,0.0019420041,0.0001157781,0.000784643,0,0.0001385046,2.81363e-05,0.0013540446,0.0010375104,9.6783e-05,0.0880768575,0.0753512989,0.002381601,0.0039415447,0.005992474,0,0.001168944,0.0001133927,5.18349e-05,8.08167e-05,0,1.50301e-05,1.4164835e-06,"2019-02-03",2.04
"AQUE","2019-03-05",0.0335486193,0.0106813662,0.0006683217,0.1827468106,0.555,0.05,600.69255786,17.377842976,176.30015155,0.0115072829,0.0288192978,0,0.0094540579,0.0020733542,0.000132026,0.0003306511,0,0.0001084688,2.37881e-05,0.0050500585,0.0026102509,0.0001924109,0.0258616983,0.0268001879,0.0026700983,0,0.0056957413,0,0.0003409376,0.0002396982,1.11604e-05,4.12891e-05,0,2.9864277e-06,1.1418978e-06,"2019-02-15",1.76
"AQUE","2019-04-04",0.0323885565,0.010883169,0.0008297905,0.1638649447,0.56,0.035,703.93102059,24.10799858,212.33574215,0,0.017857533,0,0.0087324343,0.002157229,0,0.0001925391,0,9.41527e-05,2.32591e-05,0.0046571334,0.0003653348,2.95345e-05,0.0226354001,0.0260960538,0.0024304029,0,0.0094577232,0,0.0009706936,0.0001542461,0,0.0001269226,0,1.2838307e-06,7.1048666e-07,"2019-03-07",1.43
"AQUE","2019-05-02",0.0477121769,0.0143181688,0.0012786964,0.3563270226,0.685,0.035,772.25467998,33.811454057,243.20186132,0,0.0131928377,0,0.009347695,0.0026507127,0,0.000165204,0,0.0001170541,3.31929e-05,0.0053287867,0.0014775966,0.000148408,0.0122076338,0.0494480556,0.0007747308,0,0.0047742089,0,0.0001208865,0.0001968665,0,7.12568e-05,0,2.7829078e-06,1.3006334e-06,"2019-04-10",0.91
"AQUE","2019-06-06",0.0914859341,0.0301698302,0.0023654875,0.3831175839,1.67,0.375,832.25089523,39.676039525,258.86016246,0.0074961218,0.0124119919,0,0.0104273677,0.0029723507,0.000159431,0.0002639839,0,0.000221774,6.32173e-05,0.0227790203,0.0082698477,0.0007516206,0.0138874008,0.2334295169,0.0225079366,0.0091314785,0.0041882509,0,0.0006900763,0.0001679702,0.0002250748,0.0001195254,0,3.88029e-05,3.5339331e-06,"2019-05-20",1.3
"AQUE","2019-07-02",0.0496700109,0.0141943118,0.000539741,0.1391312361,1.29,0.495,788.32954429,63.559299635,280.28877824,0,0.0076829647,0,0.0082235455,0.0028349371,0,0.0001834758,0,0.0001963854,6.77007e-05,0.0039158115,0.0022709861,0.0001539267,0.0618910529,0.0124619101,0.000634075,0,0.0012252788,0,2.94392e-05,2.9070324e-06,0,2.73995e-05,0,4.70331e-05,1.53742e-05,"2019-07-02",0.66
"AQUE","2019-08-05",0.1054089391,0.0336152989,0.0008249136,0.1512533187,2.59,0.615,786.33776882,105.62246021,322.08380297,0,0.0067937333,0,0.0064364724,0.0026741115,0,0.000153039,0,0.0001449911,6.02383e-05,0.0076900803,0.0062493915,5.31863e-05,0.0028090586,0.1132734542,0.0017634191,0,0.0028369035,0,0.0007947127,0.0003199984,0,3.65852e-05,0,9.1822821e-06,3.2550801e-06,"2019-07-05",0.84
"AQUE","2019-09-06",0.1330036281,0.0388155732,0.0022544692,0.1236525006,2.93,0.6,770.48303001,36.716294653,261.63295768,0.0021560272,0.02043677,0,0.006979018,0.002464591,7.79471e-05,0.0007388531,0,0.0002523133,8.91027e-05,0.0171114973,0.0049424276,6.5896658e-06,0.026986087,0.0950124865,0.0410706433,0.0031621118,0.0090371584,0,9.21644e-05,6.13204e-05,0.0001039101,0.0004512242,0,4.14917e-05,1.0067e-05,"2019-08-23",0.8
"AQUE","2019-10-03",0.1805872735,0.0528133904,0.0028158294,0.1501909257,3.75,0.71,700.86331004,27.651600827,228.27400411,0.008931928,0.0333343815,0,0.0072317006,0.0024073981,0.0004060083,0.0015152422,0,0.000328723,0.0001094303,0.0108783628,0.0002648732,0.0003391382,0.0239227168,0.6464560687,0.0524332505,0.0043750028,0.0046672614,0,0.0005883662,8.12673e-05,0.0001838481,0.0001083561,0,4.60846e-05,9.8411456e-06,"2019-09-10",0.8
"AQUE","2019-11-04",0.1781100914,0.0623873598,0.0022706403,0.0527945156,4.335,0.76,620.06001838,25.115300186,192.77872869,0.0025013346,0.018400607,0,0.0064677804,0.0019685981,0.0001437455,0.0010574372,0,0.0003716873,0.0001131304,0.0076785172,0.0044976004,2.21644e-05,0.00771001,0.1090813001,0.0204169992,0.001922698,0.0086980364,0,0.0003667106,2.38256e-05,9.12544e-05,0.0004130275,0,3.5095e-05,3.6749279e-06,"2019-10-30",0.74
"AQUE","2019-12-03",0.1383761854,0.0555260246,0.0024128093,0.0956711004,2.675,0.445,557.2639266,17.922103996,174.97866282,0.0213461796,0.0631589119,0,0.0061646881,0.001578902,0.0012570784,0.0037194339,0,0.000363039,9.29817e-05,0.0199790139,0.0096768196,0.0005232798,0.012460601,0.1625469909,0.0368368956,0.0054409075,0.0120678318,0,0.0001790161,9.86574e-05,0.0002445119,0.0004314936,0,7.7828339e-06,3.5770426e-07,"2019-12-01",1.68
"AQUE","2020-01-07",0.1272507033,0.0478416755,0.0022838819,0.2782438721,1.93,0.27,511.5362124,13.010899452,146.30525889,0.0198042052,0.0446577801,0,0.0086586687,0.0015576779,0.0010216692,0.0023038279,0,0.0004466877,8.03583e-05,0.0019526985,0.0013633065,0.0001208162,0.0071273115,0.0030450926,0.0019239091,0.0040541603,0.0022033723,0,5.96272e-05,9.89215e-05,0.0001599909,0.0002536528,0,3.40059e-05,1.10304e-05,"2019-12-22",1.45
"AQUE","2020-02-06",0.1046968779,0.0384667011,0.002294539,0.276467734,1.59,0.195,534.25910454,12.689969751,146.35088176,0.0135155036,0.0229753009,0,0.0103953876,0.0017767944,0.0005809495,0.0009875687,0,0.0004468346,7.63736e-05,0.0058032409,0.0015786132,0.0002109289,0.0369716947,0.0292214902,0.0073559103,0.0052595439,0.0053789095,0,0.0006169684,5.98122e-05,0.0002500766,0.0002054274,0,1.12119e-05,2.0120161e-07,"2020-01-16",0.91
"AQUE","2020-03-03",0.0974974285,0.0263635674,0.0009380098,0.2242787563,1.78,0.14,589.78933093,15.716082257,172.92022375,0,0.0080054396,0,0.009600924,0.0021521482,0,0.0002564541,0,0.0003075654,6.8944e-05,0.0053747416,0.0015657411,0.0002030774,0.0037018883,0.200575577,0.0133180999,0,0.0021229667,0,0.000394213,7.47425e-05,0,6.04758e-05,0,2.48037e-05,3.8657082e-07,"2020-03-03",0.92
"AQUE","2020-07-10",0.4116977816,0.1152512447,0.009495559,0.550992821,4.085,0.165,774.8796936,14.040576927,208.83464488,0.0007388386,0.0151347911,0,0.0104772204,0.0035310128,4.45205e-05,0.0009119841,0,0.0006313307,0.0002127699,0.0281527143,0.0196081431,0.000259484,0.0061384072,0.1862882016,0.0023843648,0.0005775282,0.0024456987,0,0.0007090645,9.461915e-06,2.92318e-05,0.0002144919,0,9.34508e-05,1.5248e-05,"2020-03-10",1.63
"AQUE","2020-08-07",0.3902974793,0.0990338213,0.005494944,0.565451564,3.555,0.165,787.99354525,13.089071414,210.11082779,0,0.0060216512,0,0.0121577849,0.0039280304,0,0.0006439413,0,0.0013001251,0.0004200544,0.0441284196,0.0073567386,0.0016409184,0.0302759442,0.1560578213,0.0022040035,0,0.0011920851,0,0.0028344697,0.0004052522,0,0.0002126808,0,0.0005130923,9.88279e-05,"2020-07-13",0.63
"AQUE","2020-09-01",0.3366047191,0.0960698687,0.0045240798,0.4879131466,3.52,0.175,775.88140236,19.784627552,218.90714591,0,0.012102271,0,0.0120997198,0.0037996699,0,0.001180508,0,0.0011802592,0.0003706363,0.0050365846,0.0084012299,0.0009636239,0.0347146742,0.2391689352,0.0050835786,0,0.0024927648,0,0.0007300292,0.0005019346,0,0.0002714242,0,6.04307e-05,4.72818e-05,"2020-08-19",0.59
"AQUE","2020-10-06",0.2369680511,0.0608568302,0.0032223732,0.3650426902,2.925,0.155,701.63603062,42.914116361,241.57484331,0.0019712249,0.0241279941,0,0.0116587371,0.003332751,0.0001520372,0.0018609504,0,0.0008992182,0.0002570493,0.0209430976,0.0017936963,0.0009720948,0.0092608684,0.1448887972,0.0014260611,0.0028910736,0.0047693586,0,0.000320152,0.0006326173,0.0002094658,0.0002863064,0,2.78048e-05,3.14621e-05,"2020-10-05",1.52
"AQUE","2020-11-02",0.2288300698,0.0712178573,0.0019740365,0.3260606094,2.915,0.175,618.49478932,76.175812482,238.69208363,0,0.0146460177,8.0614e-05,0.0112629597,0.0028392338,0,0.0009651968,5.3125982e-06,0.0007422477,0.0001871102,0.0175443991,0.0069267221,0.000254458,0.0081485717,0.2144315072,0.0068362317,0,0.0024957576,2.330929e-06,0.001411981,0.0004376773,0,0.0002250489,1.7108116e-07,0.0001381139,1.74303e-05,"2020-10-07",1.02
"AQUE","2020-12-04",0.1510998896,0.0381215778,0.0025947193,0.4071534164,1.81,0.15,558.94275308,23.848601324,169.42014403,0.0105147574,0.0464939112,0,0.0114341737,0.0025547883,0.0005568318,0.002462186,0,0.0006055215,0.0001352944,0.0125600072,0.0024130893,0.0009327202,0.0246250556,0.0267537446,0.0080536668,0.001922698,0.0077260877,0,4.16443e-05,0.0001360033,0.0001343963,0.0002318341,0,5.27349e-05,1.99975e-05,"2020-11-07",1.19
"AQUE","2021-01-06",0.0255411183,0.0065817508,0.0004397668,0.3427444167,0.405,0.07,510.88552899,10.226717432,138.48980319,0.0187587639,0.0510519441,0,0.0109396099,0.0028204643,0.0003368375,0.0009167026,0,0.0001964346,5.0645e-05,0.0053129431,0.0015155787,0.0001850537,0.0911030955,0.0180595423,0.0016137058,0.0053850344,0.0038923661,0,0.0001670304,0.0002973342,0.0001155692,2.37996e-05,0,1.29621e-05,2.9584585e-06,"2020-12-28",2.03
"AQUE","2021-02-05",0.0123799642,0.0032625054,0.0002212832,0.3088230107,0.195,0.015,532.47048779,9.7289846168,138.16525304,0.0106151244,0.0434798176,0,0.0101526651,0.0026600498,5.02051e-05,0.0002056413,0,4.80179e-05,1.25809e-05,0.0011536554,0.0005114822,8.3373445e-06,0.0080428226,0.0310362849,8.94212e-05,0.0131902706,0.0090433548,0,0.0013251295,0.0003005749,5.1005e-05,5.23457e-05,0,8.3226091e-06,2.0099383e-06,"2021-01-28",2.44
"AQUE","2021-03-04",0.0204556479,0.0058324002,0.0004744903,0.2915832474,0.365,0.035,591.12274431,13.693678399,163.66375183,0.0039022413,0.0050919402,0.0013337807,0.0096307163,0.0025854952,1.72625e-05,2.25254e-05,5.9002933e-06,4.26037e-05,1.14375e-05,0.0007679435,0.0004487717,3.08644e-05,0.0129008904,0.0168298733,3.14131e-05,0.0027593013,0.000463455,0.0001347008,0.0005241369,0.0001478339,9.822601e-06,4.8787077e-06,1.3937493e-07,6.9956025e-06,6.8684955e-07,"2021-03-04",0.93
"AQUE","2021-04-02",0.0150015757,0.0046262109,0.000378392,0.4002046609,0.21,0.02,701.37730907,13.846288222,193.9675443,0.012299136,0.0421143766,0,0.0101073651,0.0027561511,6.40298e-05,0.000219249,0,5.26193e-05,1.43486e-05,0.0005666276,0.0001777539,4.14124e-05,0.0232430462,0.0038638625,0.0005598746,0,0.0341562553,0,0.000892798,0.0002379756,3.2961836e-06,0.0001774878,0,5.9101502e-06,1.6042346e-06,"2021-03-10",1.19
"AQUE","2021-05-06",0.0145417541,0.0040407159,0.0002615511,0.1090724193,0.62,0.245,776.62277373,14.505908758,217.24377191,0.0039273939,0.0066025658,0,0.0085067879,0.0027345879,1.69933e-05,2.85684e-05,0,3.68077e-05,1.18322e-05,0.000941745,0.0004445536,1.47564e-05,0.0497068073,0.0377887095,0.0112047045,0.0069977,0.0005537055,0,8.69059e-05,0.0002187212,3.25143e-05,1.6745146e-06,0,7.4369701e-07,6.6605901e-07,"2021-05-04",0.82
"AQUE","2021-06-10",0.0747903079,0.0241820775,0.001889151,0.1587003771,1.715,0.605,825.81257436,13.900219927,212.32525089,0,0.0065759603,0,0.0067987614,0.0022809275,0,7.40272e-05,0,7.65354e-05,2.5677e-05,0.0035639938,0.0022057667,0.000308781,0.0208992063,0.0096327767,0.030771406,0,0.0023219616,0,0.0004733735,0.0003284344,0,2.86306e-05,0,7.4191768e-06,4.6246209e-06,"2021-05-21",0.83
"AQUE","2021-07-08",0.0818891102,0.0238803742,0.0012810531,0.202131715,1.555,0.435,787.47856339,15.39013719,205.48563158,0,0.0029608895,0,0.0082223185,0.0023764667,0,7.11529e-05,0,0.0001975898,5.71087e-05,0.0089573578,0.0005691132,0.0004047081,0.0030624387,0.0295097972,0.0016708589,0,0.0016637088,0,0.000265749,7.77559e-05,0,3.8231e-05,0,4.8443782e-06,1.4104483e-06,"2021-06-17",0.84
"AQUE","2021-08-06",0.077779311,0.0246956504,0.0012558203,0.168738509,1.765,0.46,789.28478544,23.830609061,226.99130935,0.0202685057,0.0558997897,0,0.0082341829,0.0024766719,0.0004922355,0.0013575673,0,0.0001999732,6.01478e-05,0.0063590109,0.0016072371,0.0001649073,0.012724681,0.2297760029,0.0041589149,0.0136451075,0.0221584541,0,0.0006028718,0.0003022,0.0002981613,0.0005944029,0,5.1490759e-06,4.1221804e-06,"2021-07-23",0.64
"AQUE","2021-09-07",0.0700915665,0.02061683,0.0006208046,0.1011748656,1.715,0.43,767.95792111,33.500021078,245.92887739,0.0306509142,0.0767051489,0,0.007479746,0.0023812587,0.0006925548,0.0017331463,0,0.0001690042,5.38043e-05,0.0096716408,0.0029889182,7.96925e-05,0.006796051,0.1814865863,0.0027931738,0.0242761312,0.0239047498,0,0.0001240019,0.0004564426,0.0005809315,0.0004973766,0,8.8363833e-06,1.23471e-05,"2021-08-19",0.92
"AQUE","2021-10-07",0.0446916895,0.0138941927,0.0004490062,0.0259349386,1.085,0.23,694.82443868,29.951098818,226.4320842,0.0039261012,0.031588841,0,0.006380116,0.0021745943,6.68811e-05,0.0005381159,0,0.0001086853,3.70442e-05,0.0051502211,0.0016897545,5.9359757e-06,0.0022921522,0.1081775368,0.008505566,0,0.001116813,0,0.000749877,0.0002250206,0,8.04888e-05,0,2.81401e-05,8.6159527e-06,"2021-09-29",0.84
"AQUE","2021-11-08",0.0555566096,0.0142070121,0.0008196951,0.2397376352,0.875,0.165,612.01605794,28.291865774,188.38264294,0.0216608494,0.0487722003,0,0.0075981733,0.0023102344,0.0003043354,0.0006852505,0,0.0001067545,3.24588e-05,0.0084736071,0.00223046,1.9487e-05,0.0100022576,0.1115100422,0.0107492442,0.0112877582,0.0001976077,0,0.0008828193,0.0002146126,0.000158304,1.9001e-05,0,8.6119898e-06,3.7191759e-06,"2021-10-25",1.55
"AQUE","2021-12-01",0.0619971901,0.0171743085,0.0006371181,0.1955641083,1.115,0.185,555.17058376,22.052546801,177.64529675,0,0.0045458765,0,0.0094001815,0.002479218,0,7.11147e-05,0,0.0001470544,3.87844e-05,0.0065962942,0.0015398072,3.2099085e-06,0.0242917325,0.0838136077,0.0079886726,0,0.0024438086,0,0.0012675674,7.0634116e-06,0,4.01354e-05,0,1.27165e-05,1.5122796e-06,"2021-11-10",0.77
"AQUE","2022-01-07",0.0545688603,0.0152180023,0.0011930488,0.4633808132,0.59,0.075,511.302751,11.388660751,141.04951241,0.0086068576,0.0335434532,0,0.0105262558,0.0024288512,0.0001392284,0.0005426138,0,0.0001702774,3.92902e-05,9.78369e-05,0.0019553508,0.000358965,0.0360295922,0.0211994569,0.0043952791,0.0020135442,0.0069252448,0,0.0007389122,9.18691e-05,3.05952e-05,9.59603e-05,0,7.9507354e-06,3.6670629e-07,"2021-12-14",2.19
"AQUE","2022-02-01",0.048289039,0.0131245302,0.000609445,0.3356349346,0.625,0.085,528.35904204,18.761186874,156.24101881,0,0.0185937482,0,0.0112481835,0.0026848142,0,0.0002630171,0,0.0001591107,3.79779e-05,0.0023291965,0.001537432,5.29878e-05,0.0203722104,0.0270533435,0.0006560608,0,0.0026165261,0,0.0003847895,0.000207671,0,3.35712e-05,0,3.8591617e-06,2.3380156e-06,"2022-01-12",1
"AQUE","2022-03-09",0.0914069487,0.0249401731,0.0019784416,0.5014936575,1.05,0.085,597.50449882,25.835644763,192.24728569,0,0.0080968265,0,0.0110347194,0.0030423283,0,0.0001490182,0,0.0002030887,5.59926e-05,0.0062205142,0.0031538175,0.0001042075,0.019529195,0.1255826802,0.000744771,0,0.0024067794,0,0.0003874771,0.0002131411,0,5.13173e-05,0,1.89293e-05,3.4244072e-06,"2022-03-04",1.18
"AQUE","2022-04-07",0.0415788664,0.0112971274,0.0009992902,0.3397119027,0.665,0.055,717.81905423,21.724924284,214.65839457,0.0062869502,0.029949376,0.0002901172,0.0108723096,0.0033761489,0.0001083088,0.0005159547,4.9980121e-06,0.0001873034,5.81628e-05,0.0065089624,0.0023600087,0.0002225256,0.0288156004,0.1007485757,0.0017562028,0,0.0029935232,1.857612e-06,0.0004152475,4.07377e-05,1.1295439e-06,5.44756e-05,7.2737898e-08,8.7790624e-06,1.2816148e-06,"2022-03-29",1.51
"AQUE","2022-05-03",0.1434302273,0.0368650837,0.0033683027,0.5002210454,1.505,0.085,775.67336314,33.609360208,252.56869425,0,0.0001704319,0,0.0112009766,0.0037822863,0,3.6843966e-06,0,0.0002421427,8.17654e-05,0.0659644792,0.0183852554,0.0009147712,0.0156781344,0.3609772648,0.002761899,0,3.49462e-05,0,0.0007387504,0.000251515,0,1.609169e-06,0,3.84434e-05,2.48784e-05,"2022-04-23",1.03
"AQUE","2022-06-02",0.1612181989,0.042823147,0.0040962714,0.6499618976,1.34,0.045,839.50606362,19.934905605,234.19388579,0,0.0064460042,0,0.0123198971,0.0042764471,0,0.000256356,0,0.0004899593,0.0001700733,0.0312250206,0.011142081,0.0004367324,0.0547037227,0.0274234315,0.0012159306,0,0.0010109344,0,2.61938e-05,5.48248e-05,0,9.43461e-05,0,0.0001983754,6.46762e-05,"2022-05-31",0.86
"AQUE","2022-07-07",0.1597088457,0.0454934044,0.0025733972,0.5515352573,1.735,0.095,783.59990449,23.27354806,224.36019929,0,0.0052067669,1.26334e-05,0.0121382247,0.00396605,0,0.0002298518,5.577013e-07,0.0005358397,0.0001750805,0.0168057299,0.0016569874,0.0009532669,0.0526671743,0.3101501772,0.0021396175,0,0.00121251,1.1089562e-07,0.0027164529,9.2283219e-06,0,8.65308e-05,9.3594609e-08,4.28626e-05,2.29342e-05,"2022-06-04",0.79
"AQUE","2022-08-05",0.1577916376,0.0449872827,0.0025655009,0.4640586725,1.82,0.08,789.57639953,25.783817746,236.21127506,0,0.0048828479,0,0.0116229312,0.0035894868,0,0.0002208994,0,0.0005258199,0.0001623879,0.0085651737,0.000685459,0.000236746,0.0331870182,0.2776229355,0.0051063102,0,0.0013853669,0,0.0021518259,0.000347093,0,6.25326e-05,0,7.27997e-05,1.84058e-05,"2022-08-02",1.23
"AQUE","2022-09-01",0.209038891,0.0540155775,0.0038965581,0.4915316009,2.28,0.11,776.56076751,32.111907042,253.71923138,0,0.0058486411,0,0.011657136,0.0037022285,0,0.0002887118,0,0.0005754418,0.0001827565,0.0105278986,0.0113428747,1.7101e-05,0.0285148034,0.1377101511,0.0056508268,0,0.0001816413,0,0.0002832974,6.33635e-05,0,1.35291e-05,0,7.13038e-05,2.17834e-05,"2022-08-06",0.7
"AQUE","2022-10-13",0.0779389601,0.0253287839,0.0014078997,0.153182137,1.49,0.105,697.3435509,50.194315269,259.22753984,0.0019057788,0.0204525287,0.0003722934,0.0095951025,0.003257682,7.21886e-05,0.0007747173,1.4102e-05,0.000363451,0.0001233971,0.0209172675,0.0058922386,0.0008594031,0.015227811,0.0223461516,0.0071613557,0.0028125018,0.002609281,2.7105511e-07,1.79009e-05,5.8692e-05,0.0001199502,9.63375e-05,2.4687237e-07,7.223715e-06,2.5360969e-07,"2022-09-05",0.94
"AQUE","2022-11-10",0.1303613502,0.0391174062,0.0027396273,0.4308977308,1.4,0.105,596.86645494,74.430231047,243.04008872,0.0031075492,0.0204489629,0,0.0096975954,0.0025650952,9.85878e-05,0.0006487485,0,0.0003076587,8.13783e-05,0.0156027025,0.0054009127,0.0001523103,0.0256081648,0.0100808855,0.0050394923,0,0.0066890531,0,0.0001153098,0.0001192344,5.1690099e-07,0.0001947467,0,1.7646944e-06,3.8947819e-06,"2022-11-09",1.31
"AQUE","2022-12-08",0.0830111219,0.0267213917,0.0015587448,0.4650851734,0.945,0.1,544.70966213,27.948619931,184.35668199,0,0.0072634606,0,0.0117280666,0.0025565263,0,0.0002362562,0,0.0003814749,8.31553e-05,0.0107526687,0.0029921941,0.0002608033,0.022050542,0.0085436995,0.0043077731,0,0.0062965559,0,0.0008057119,0.0001123861,0,0.0001991949,0,6.66251e-05,1.41613e-05,"2022-12-02",0.97
"AQUE","2023-01-24",0.0010949989,0.0002684965,1.87445e-05,0,0.04,0.01,514.03597119,13.836482255,142.02942961,0.0528703543,0.0939042378,0,0.0076348064,0.0023580072,0.0003040126,0.0005399637,0,4.39013e-05,1.35589e-05,7.03867e-05,5.20094e-05,8.4568877e-07,0,0.0028442152,0.0005756611,0.0165284298,3.00034e-05,0,0.0002585513,6.88721e-05,0.0001167662,4.58725e-05,0,7.1630337e-06,1.399315e-06,"2023-01-06",2.78
"AQUE","2023-02-17",0,0,0,-99999,0,0,566.95491587,33.976355518,167.07082141,-99999,0.0288811325,-99999,0.0038232,0.0022326558,-99999,-99999,-99999,-99999,-99999,0,0,0,-99999,0,0,-99999,0.0105495524,-99999,0.0001422321,0.0002731272,-99999,-99999,-99999,-99999,-99999,"2023-02-12",1.15
"AQUE","2023-03-17",0,0,0,-99999,0,0,638.52731188,26.887551889,194.7926287,-99999,-99999,-99999,-99999,-99999,-99999,-99999,-99999,-99999,-99999,0,0,0,-99999,0,0,-99999,-99999,-99999,-99999,-99999,-99999,-99999,-99999,-99999,-99999,"2023-02-24",2.26
"AQUE","2023-04-11",0,0,0,-99999,0,0,728.32156571,56.687698567,258.77313413,-99999,-99999,-99999,-99999,-99999,-99999,-99999,-99999,-99999,-99999,0,0,0,-99999,0,0,-99999,-99999,-99999,-99999,-99999,-99999,-99999,-99999,-99999,-99999,"2023-03-22",2.54
"AQUE","2023-05-02",0,0,0,-99999,0,0,774.29271776,85.053003265,282.59645268,-99999,-99999,-99999,-99999,-99999,-99999,-99999,-99999,-99999,-99999,0,0,0,-99999,0,0,-99999,-99999,-99999,-99999,-99999,-99999,-99999,-99999,-99999,-99999,"2023-05-02",0.86
"AQUE","2023-06-13",0,0,0,-99999,0,0,817.52124351,47.093783481,248.90032762,-99999,-99999,-99999,-99999,-99999,-99999,-99999,-99999,-99999,-99999,0,0,0,-99999,0,0,-99999,-99999,-99999,-99999,-99999,-99999,-99999,-99999,-99999,-99999,"2023-05-04",0.98
"AQUE","2023-07-06",0,0,0,-99999,0,0,797.7206522,34.716725753,218.58148601,-99999,-99999,-99999,-99999,-99999,-99999,-99999,-99999,-99999,-99999,0,0,0,-99999,0,0,-99999,-99999,-99999,-99999,-99999,-99999,-99999,-99999,-99999,-99999,"2023-06-28",0.56
"AQUE","2023-08-04",0,0,0,-99999,0,0,788.59676377,62.486425183,261.95334889,-99999,-99999,-99999,-99999,-99999,-99999,-99999,-99999,-99999,-99999,0,0,0,-99999,0,0,-99999,-99999,-99999,-99999,-99999,-99999,-99999,-99999,-99999,-99999,"2023-07-17",0.74
"AQUE","2023-09-07",0,0,0,-99999,0,0,769.90577187,53.06921042,262.02130299,-99999,-99999,-99999,-99999,-99999,-99999,-99999,-99999,-99999,-99999,0,0,0,-99999,0,0,-99999,-99999,-99999,-99999,-99999,-99999,-99999,-99999,-99999,-99999,"2023-08-12",0.68
"AQUE","2023-10-02",0,0,0,-99999,0,0,699.51569746,19.098532548,202.08181878,-99999,-99999,-99999,-99999,-99999,-99999,-99999,-99999,-99999,-99999,0,0,0,-99999,0,0,-99999,-99999,-99999,-99999,-99999,-99999,-99999,-99999,-99999,-99999,"2023-09-10",1
"AQUE","2023-11-09",0,0,0,-99999,0,0,619.27155713,15.025277999,166.34325373,-99999,-99999,-99999,-99999,-99999,-99999,-99999,-99999,-99999,-99999,0,0,0,-99999,0,0,-99999,-99999,-99999,-99999,-99999,-99999,-99999,-99999,-99999,-99999,"2023-10-12",0.89
"AQUE","2023-12-11",0,0,0,-99999,0,0,544.86189593,36.50342649,181.56199467,0.0216608494,-99999,-99999,-99999,-99999,-99999,-99999,-99999,-99999,-99999,0,0,0,-99999,0,0,-99999,-99999,-99999,-99999,-99999,-99999,-99999,-99999,-99999,-99999,"2023-11-16",1.43
"AQUE","2024-01-09",0,0,0,-99999,0,0,507.24615878,43.460295082,174.15047067,0.0239016269,0.0662591402,-99999,-99999,-99999,-99999,-99999,-99999,-99999,-99999,0,0,0,-99999,0,0,0,0.0154348964,-99999,-99999,-99999,-99999,-99999,-99999,-99999,-99999,"2023-12-28",1.76
"AQUE","2024-02-13",0.0013866813,0.0004064121,2.546e-05,0.2199640663,0.02,0.005,544.89093684,74.129170014,190.27337934,-99999,0.0952058431,-99999,0.0112542668,0.0022518258,-99999,-99999,-99999,-99999,-99999,0.0002071664,9.13346e-05,2.405635e-06,0.0326000346,0.0026103448,0.000458783,-99999,0.0698485318,-99999,0.0011674771,1.35536e-05,-99999,-99999,-99999,-99999,-99999,"2024-02-05",2.76
"AQUE","2024-03-18",0.0002189998,6.41389e-05,4.0769453e-06,0,0.01,0.005,634.43953967,52.10852181,208.47450435,0.0187865948,0.0321873201,0,0.0075387334,0.0023455128,3.4826886e-06,5.9669362e-06,0,1.3975423e-06,4.3481487e-07,0.0001143438,3.7699e-05,1.5322567e-06,0,0.0002282525,0.0004376454,0.0008643704,0.0008515502,0,8.67859e-05,0.0002668331,9.0878752e-07,1.9736318e-06,0,4.4560576e-07,9.6761516e-08,"2024-02-20",1.95
"AQUE","2024-04-12",0,0,0,-99999,0,0,729.6036837,25.236290663,222.05398813,-99999,-99999,-99999,0.0038232,0.0020915423,-99999,-99999,-99999,-99999,-99999,0,0,0,-99999,0,0,-99999,-99999,-99999,0.0002046262,5.22971e-05,-99999,-99999,-99999,-99999,-99999,"2024-04-05",1.29
"AQUE","2024-05-06",0,0,0,-99999,0,0,784.57685027,153.05909889,341.63206184,-99999,-99999,-99999,-99999,-99999,-99999,-99999,-99999,-99999,-99999,0,0,0,-99999,0,0,-99999,-99999,-99999,-99999,-99999,-99999,-99999,-99999,-99999,-99999,"2024-04-14",1.08
"AQUE","2024-06-06",0,0,0,-99999,0,0,832.77302718,67.419160581,263.31227037,-99999,-99999,-99999,-99999,-99999,-99999,-99999,-99999,-99999,-99999,0,0,0,-99999,0,0,-99999,-99999,-99999,-99999,-99999,-99999,-99999,-99999,-99999,-99999,"2024-05-08",0.84
"AQUE","2024-07-09",0.0006569994,0.0002055682,1.13954e-05,0,0.02,0.005,785.72289803,33.630895155,209.26436757,-99999,-99999,-99999,0.0038232,0.0019093344,-99999,-99999,-99999,-99999,-99999,1.52545e-05,5.5893245e-06,1.7514949e-06,0,0.0044224246,5.15582e-05,-99999,-99999,-99999,0.0001218825,0.0001318639,-99999,-99999,-99999,-99999,-99999,-99999,-99999
"AQUE","2024-08-06",0,0,0,-99999,0,0,789.18854206,58.968657901,228.80633084,-99999,-99999,-99999,0.0038232,0.0019832836,-99999,-99999,-99999,-99999,-99999,0,0,0,-99999,0,0,-99999,-99999,-99999,1.06458e-05,0.0001032378,-99999,-99999,-99999,-99999,-99999,-99999,-99999
"AQUE","2024-09-09",0,-99999,-99999,-99999,0,0,772.11199395,50.02191798,263.96985122,-99999,-99999,-99999,-99999,-99999,-99999,-99999,-99999,-99999,-99999,0,-99999,-99999,-99999,0,0,-99999,-99999,-99999,-99999,-99999,-99999,-99999,-99999,-99999,-99999,-99999,-99999
"MOHK","2002-04-04",2.3874560285,0.7038117392,0.0551699367,0.5775494359,21.105,1.36,716.64696762,29.748903227,153.67813204,-99999,-99999,0,-99999,-99999,-99999,-99999,-99999,-99999,-99999,0.2406326806,0.101592492,0.0006934228,0.0050434095,1.3045916146,0.1811793297,-99999,-99999,0,-99999,-99999,-99999,-99999,-99999,-99999,-99999,-99999,-99999
"MOHK","2002-05-07",1.250614136,0.2674548447,0.0286702264,0.5919605124,10.57,0.52,790.24978902,24.051133399,170.65530182,0,0.0088275749,0,0.0123892065,0.0039482366,0,0.0042206317,0,0.0059235156,0.0018877271,0.1086176702,0.0303113678,0.0007956958,0.0260486572,1.8013836751,0.1173327033,0,0.0059109343,0,7.06274e-05,0.0004044016,0,0.0022604564,0,0.0008478365,6.32948e-05,"2002-04-16",0.25
"MOHK","2002-06-10",0.9004423624,0.2044951828,0.0127705003,0.3414306636,11.45,0.51,851.87312721,27.034982594,175.98891145,0,0.0091524491,0.003659842,0.0117630241,0.0045995392,0,0.002146876,0.0008584835,0.0027592346,0.0010789069,0.0300662069,0.0054249443,0.0017020157,0.0062464451,0.1910836995,0.0054150415,0,0.0013043838,7.59531e-05,0.0007253332,1.31496e-05,0,0.0005161771,4.58493e-05,2.37492e-05,8.13676e-05,"2002-05-31",0.34
"MOHK","2002-07-10",1.1224244424,0.2942000856,0.0224134837,0.4246110686,12.01,0.61,808.11109071,25.437781628,166.49534593,0,0.0187155023,0,0.0115039376,0.0035682292,0,0.004615892,0,0.00283727,0.0008800491,0.2247366221,0.0537896574,0.0065662921,0.0132474892,0.9532273485,0.0324816544,0,0.0026474558,0,0.0003716269,0.0003004726,0,7.45553e-05,0,0.0004276119,3.08705e-05,"2002-07-02",0.96
"MOHK","2002-08-08",1.6473251931,0.3918213535,0.0275953718,0.5527790672,13.05,0.535,805.14616997,37.738450311,180.41365285,0,0.0116812337,0,0.0122496375,0.0040041374,0,0.0039795957,0,0.0041732411,0.0013641408,0.2015966654,0.0721727467,0.0072844342,0.0051082973,0.9220134841,0.0146525683,0,0.0024198101,0,0.0007417536,1.54482e-05,0,0.0013102948,0,0.0010475546,0.0002629991,"2002-07-30",1.05
"MOHK","2002-09-05",1.6637097688,0.5022618696,0.0309047126,0.5736624151,13.305,0.535,766.56986837,37.344519574,176.41822615,0,0.0127571791,0,0.0126715172,0.0037730121,0,0.0056738653,0,0.0056357664,0.0016780796,0.1845299692,0.1023081222,0.0002273647,0.0100962661,2.0757935386,0.0563598615,0,0.0019816565,0,0.0009896934,0.0005313558,0,0.0027286246,0,0.0005893397,4.75092e-05,"2002-08-11",1.04
"MOHK","2002-10-10",1.1603367179,0.3011090675,0.0091373621,0.4963339215,10.76,0.425,692.09981861,45.438124546,169.14896097,0,0.018933093,0.0009645279,0.0125716111,0.0033125017,0,0.0074434701,0.0003792003,0.0049424789,0.0013022969,0.1871239522,0.036889784,0.0001373034,0.0145063256,1.7700539006,0.0629920503,0,0.0029896866,3.25058e-05,0.0003479697,0.0001591289,0,0.0016625295,3.52882e-05,8.96733e-05,1.8388306e-06,"2002-09-17",1.22
"MOHK","2002-11-22",0.3640128174,0.0972810713,0.0083988936,0.2961244781,4.91,0.34,580.65246677,40.952404376,141.39168688,0.0183362177,0.0218893537,0.0013149973,0.0113775818,0.0030087201,0.0033078502,0.0039488353,0.0002372253,0.0020525136,0.0005427725,0.0128887014,0.0207484107,0.0006155778,0.0015695004,0.1608058803,0.009167556,0,0.00028768,0.0001171286,0.0001548003,0.0002727638,6.67035e-05,9.49908e-05,2.35353e-05,5.23904e-05,4.22313e-05,"2002-11-09",1.55
"MOHK","2002-12-10",0.5712233495,0.1457981611,0.0130075124,0.4615162126,6.03,0.275,531.56693723,26.114995539,128.44390725,0,0.0168747069,0,0.0110332119,0.0027690828,0,0.0020234149,0,0.001322972,0.0003320356,0.039286532,0.0070149969,0.0019865066,0.0164071767,0.1100128342,0.0118548245,0,0.0004329021,0,0.0006681485,0.0003749955,0,0.0002798708,0,9.46653e-05,4.4428826e-06,"2002-12-10",1.38
"MOHK","2003-01-16",0.1646851424,0.0390990138,0.0030289308,0.3311627613,2.09,0.175,510.21526869,13.668875922,108.38384187,0.0187337076,0.0277111609,0,0.0113443914,0.002849271,0.0015187533,0.002246561,0,0.0009196968,0.0002309922,0.0108950049,0.0050803956,0.0003847599,0.0120329815,0.037084191,0.0096889783,0,0.0074340242,0,0.0009779201,0.0003287858,2.6428e-05,0.0006490214,0,9.95632e-05,2.08503e-05,"2002-12-17",1.74
"MOHK","2003-02-18",0.2383212215,0.0600724872,0.0037504674,0.317791593,3.105,0.145,563.53925397,12.887569292,113.80208468,0.0067619258,0.014724901,0,0.0106181458,0.0027539922,0.0003302352,0.0007191266,0,0.0005185632,0.000134498,0.0087122902,0.0014957246,0.001108617,0.0018999922,0.302012831,0.0078885725,0.0076426446,0.0055595765,0,0.0002759363,0.0001177506,0.0003403393,0.000341981,0,5.11394e-05,5.0539669e-06,"2003-01-24",1.52
"MOHK","2003-03-05",0.1855790663,0.0607414639,0.0041004665,0.518230997,1.85,0.11,619.34530846,18.879019001,131.89632621,0.0089020928,0.0238057938,0,0.0110070469,0.0027242675,0.000537743,0.0014380213,0,0.0006648956,0.0001645631,0.019654655,0.0089776511,0.0009885605,0.0348892762,0.0346125927,0.0024261396,0.0062947302,0.0097158713,0,0.0004812155,5.45008e-05,0.0003486104,0.0006476955,0,1.64869e-05,7.3404662e-06,"2003-02-26",1.49
"MOHK","2003-04-08",0.1263429216,0.0367810496,0.0034561044,0.5917261962,1.2,0.07,725.65240482,28.682240345,154.59975754,0.0354109648,0.0299064429,0,0.0119625877,0.0030988258,0.0016913622,0.0014284454,0,0.0005713786,0.0001480117,0.0377823606,0.0104367831,0.0001010824,0.086462801,0.025925637,0.0044597148,0,0.0095812412,0,0.000894479,7.34236e-05,0.0003542012,0.0002578269,0,0.000147358,3.43565e-05,"2003-03-16",1.63
"MOHK","2003-05-06",0.1496687994,0.0600759105,0.0044049759,0.5408764149,1.815,0.245,788.35407812,25.175264653,172.80130697,0.0031075492,0.0092912758,0,0.0124629791,0.002950723,0.000147546,0.0004411484,0,0.0005917405,0.0001400999,0.0389714649,0.0158630289,0.0018351715,0.028395344,0.3991405553,0.0089288118,0.0046043146,0.0023445322,0,0.0009467871,0.0001710253,0.0002151578,0.0001028603,0,3.67738e-05,6.1006648e-06,"2003-04-18",1.36
"MOHK","2003-06-11",0.2364025825,0.0710353437,0.0041420671,0.2679347439,4.695,1.075,846.92592875,26.629888616,174.81531437,0.0024169827,0.0065649394,0,0.0112038512,0.0026368743,0.0001580771,0.0004293645,0,0.0007327617,0.0001724586,0.0087611538,0.0051872775,0.0011790717,0.0119248869,0.3334878841,0.071935408,0.0018720687,0.0010967879,0,0.0010233536,0.0001307298,8.66487e-05,0.0001478071,0,5.87614e-05,1.89824e-05,"2003-05-09",1.29
"MOHK","2003-07-16",0.2579591284,0.083712805,0.0046475919,0.2004228355,5.18,1.335,813.51444637,28.377683833,169.9601642,0,0.0110962115,0,0.0094889305,0.0023799282,0,0.0008566349,0,0.0007325518,0.000183732,0.001844232,0.0048000888,8.8923e-05,0.0078671668,0.1741505364,0.1116127251,0,0.0019796775,0,0.0004001623,0.0002630707,0,0.0001503749,0,3.15059e-05,1.98808e-05,"2003-07-07",1.26
"MOHK","2003-08-06",0.287664913,0.0913339753,0.0078527147,0.2597873485,5.26,1.21,801.65551862,37.306628762,179.0572104,0,0.0123936259,0,0.0097566923,0.002326266,0,0.0010840464,0,0.000853399,0.000203474,0.0202161689,0.0020742351,0.0001234272,0.0183957752,0.4738930385,0.101047417,0,0.0031398874,0,0.0009661276,0.0001539556,0,0.0002745208,0,9.44133e-05,8.5456305e-06,"2003-08-05",0.92
"MOHK","2003-09-05",0.5690961428,0.1961822275,0.0151996401,0.2793919064,9.28,1.63,768.36213683,36.769400056,176.49535893,0,0.0083970437,0,0.0103686956,0.002286954,0,0.0011515906,0,0.0014219877,0.0003136383,0.0024880599,0.0104387742,0.0013981841,0.0450260185,0.2763466438,0.0497115907,0,0.0013501792,0,0.0010185801,0.00033745,0,0.0001637174,0,0.000108479,3.99204e-05,"2003-08-15",1.01
"MOHK","2003-11-14",0.6639673515,0.212676208,0.0104926026,0.29735819,9.815,1,638.62533118,44.560160921,156.33779466,0.0012430197,0.0136863512,0,0.0104314095,0.0021611404,0.0002539716,0.0027963716,0,0.0021313276,0.0004415605,0.0709580593,0.0266912238,0.0006302277,0.0082144192,0.3908590163,0.0875992772,0.0009627782,0.0038032571,0,4.42618e-05,0.0002513889,0.0002390685,0.00055566,0,0.000214034,1.57169e-05,"2003-10-24",1.29
"MOHK","2003-12-03",0.7151668046,0.1849477603,0.01078993,0.2915091482,11.39,0.9,544.7237816,28.764407854,131.78151341,0,0.0176882029,0,0.0104222783,0.0023048208,0,0.0035109188,0,0.0020687106,0.0004574822,0.0532119748,0.0195857281,0.000582895,0.009554825,0.2203979703,0.0142955603,0,0.0010025195,0,0.0006361376,4.46732e-05,0,0.0002385043,0,0.0003582892,4.26073e-05,"2003-11-17",1.02
"MOHK","2004-02-02",0.563663764,0.1512996495,0.0129990169,0.3833195266,7.05,0.52,520.05057619,13.692228847,109.81549682,0,0.0196943269,0,0.0109041621,0.0025102682,0,0.0033000013,0,0.0018271124,0.0004206231,0.0787534331,0.0157973294,0.00057426,0.0293153255,1.0801069236,0.0466821586,0,0.0078953237,0,0.0011922754,6.1711e-05,0,0.0015479263,0,0.0003895166,3.52025e-05,"2003-12-11",1.46
"MOHK","2004-03-10",0.1432649995,0.0348162239,0.0022586931,0.1359193147,3.26,0.325,616.16957384,17.262602344,127.44134231,0.0119414257,0.0286199808,0,0.0091063305,0.0027315797,0.0009467725,0.002269127,0,0.0007219928,0.0002165725,0.0044699796,0.0036984766,0.0003754229,0.0039025314,0.0301570881,0.0258419524,0.0070275861,0.0021366395,0,0.0005984065,0.0001237231,0.0005194354,0.0002864979,0,8.0108015e-06,2.14884e-05,"2004-02-27",1.62
"MOHK","2004-04-05",0.2106634819,0.0561297242,0.0024695071,0.2520797233,3.625,0.32,722.96698511,32.346960467,157.7962392,0.0081272728,0.0241981814,0,0.0078019686,0.0026905731,0.0003627034,0.0010799149,0,0.0003481858,0.0001200747,0.0121567592,0.002130285,0.0004890477,0.0004323294,0.3590972853,0.021141623,0.0016487724,0.0031687188,0,4.75499e-05,0.0003089469,9.7663e-05,6.22507e-05,0,2.50548e-05,4.7199144e-06,"2004-03-31",1.32
"MOHK","2004-05-15",0.2221876678,0.0542295629,0.0042472438,0.3103362929,3.505,0.23,801.17661282,24.912074687,172.96273253,0.0048539004,0.0194611773,0,0.0091446454,0.0031119124,0.00026781,0.0010737547,0,0.0005045484,0.0001716972,0.0377597212,0.0082383217,0.000139955,0.0085586157,0.2757524047,0.0076319849,0.0012196332,0.0076859462,0,0.0001496476,0.0004446653,8.35865e-05,0.0003034985,0,5.81779e-05,6.066987e-06,"2004-04-21",1.32
"MOHK","2004-06-02",0.1686899649,0.0476166065,0.0023213655,0.1224012747,4.035,0.545,890.78044013,29.236193799,180.28808117,0.0101289754,0.0277061279,0,0.0084202007,0.0029928455,0.000515073,0.0014088965,0,0.0004281793,0.0001521905,0.0108889429,0.0038099352,0.0001391726,0.0029448618,0.255726409,0.0292206036,0.0037441375,0.0165127783,0,0.0009682999,0.0003215191,0.0001812398,0.0008177452,0,7.32603e-05,2.35218e-05,"2004-05-29",1.08
"MOHK","2004-07-09",0.3720473595,0.0942732581,0.0075784034,0.3261331557,6.815,1.325,800.58880113,24.026817416,164.98056287,0.0070909261,0.0079312789,0,0.0085434238,0.0029286324,0.0004843794,0.0005417837,0,0.0005835991,0.0002000541,0.0076556394,0.0003674262,0.0002771324,0.0077337523,0.0800186677,0.049575154,0.0020135442,0.0014744837,0,6.09986e-05,0.0002122509,0.0001277651,0.0001204955,0,2.51961e-05,8.6038732e-06,"2004-06-10",1.26
"MOHK","2004-08-06",0.5801928716,0.165382642,0.0096966213,0.211998604,10.38,2.27,807.46008571,38.570626105,180.92784929,0,0.009376386,0,0.0092325999,0.0028537009,0,0.0011862505,0,0.0011680595,0.0003610351,0.0260600966,0.0226931233,0.0029971739,0.0093209959,0.3992940879,0.0122678059,0,0.0002238229,0,0.0001500303,0.0001713999,0,8.64406e-05,0,7.71613e-05,9.0019852e-06,"2004-07-21",0.9
"MOHK","2004-09-02",0.4770667309,0.1390677391,0.0076048192,0.2045725275,8.4,1.77,772.97718741,37.401291351,177.60060832,0.0035300067,0.0243279489,0,0.0084068927,0.0025124629,0.0005360151,0.0036940859,0,0.0012765475,0.0003815058,0.0798000172,0.0376807396,0.0003259865,0.0071514279,0.7681753349,0.0247652108,0.0058439377,0.0035695983,0,0.0005670476,0.0001559143,0.0007084496,0.0007333593,0,4.9257119e-07,6.9675653e-06,"2004-08-11",0.86
"MOHK","2004-10-14",0.5577381812,0.1671130824,0.0086935305,0.1815749175,9.775,1.365,690.47728413,45.089719025,169.04092531,0.0020716995,0.0068955698,0,0.008320956,0.002297834,0.0003162683,0.0010526867,0,0.001270288,0.0003507903,0.0060218471,0.0137923008,0.0032563576,0.0058354068,0.2567151012,0.0562334277,0.0016046303,0.0025878754,0,0.0003654871,1.80302e-05,0.0002726917,0.0002912898,0,0.000173165,3.76448e-05,"2004-09-19",1.22
"MOHK","2004-11-04",0.4227950351,0.1120105747,0.0063772109,0.1514067549,8.035,1.04,585.9422581,39.605942076,140.96120042,0.0095557474,0.0315831528,0.000441845,0.0084133425,0.002142625,0.0013161093,0.0043499352,6.08551e-05,0.0011587663,0.0002951029,0.0709827324,0.0094698415,0.0003943904,0.0070373945,0.4044750683,0.0212167901,0,0.0067872163,4.30896e-05,4.22725e-05,0.000262691,5.21876e-05,0.0012577055,1.12054e-05,0.0001000862,7.653083e-06,"2004-11-04",1.29
"MOHK","2004-12-02",0.5797821241,0.1499842263,0.0080989871,0.1381289071,9.705,1.23,550.96988042,36.010531534,134.51607111,0.003403935,0.0078727952,0.0002082976,0.0083171545,0.0022190995,0.0004427665,0.0010240529,2.70943e-05,0.0010818529,0.0002886491,0.0284939284,0.0149696729,0.0012780002,0.0020374329,0.1429896767,0.0321655997,0,0.001223418,2.90555e-05,0.0001191134,0.0001189388,0.0001374877,0.0002614553,1.0035126e-06,8.58277e-05,4.28188e-05,"2004-11-20",0.93
"MOHK","2005-02-07",0.1215712625,0.0348651171,0.0020359724,0.1951987673,2.28,0.32,522.29395219,14.257055102,110.54617814,0.0343669417,0.0450765277,0.0001630904,0.0084198359,0.0021019762,0.0027115656,0.0035565563,1.28679e-05,0.0006643285,0.0001658468,0.0006855178,0.0041984003,0.0006581265,0.0289390601,0.0058734841,0.0025944325,0.0073153593,0.0271719463,5.62147e-05,0.0009669827,0.0001018111,0.0005842694,0.0021061853,4.0271112e-06,6.21348e-05,1.01592e-05,"2005-01-08",2.16
"MOHK","2005-03-16",0.1011442722,0.0247779175,0.0013491531,0.2144157619,1.94,0.225,641.99398711,18.091352559,131.78025636,0.0109585164,0.0221825032,0.0004866237,0.0089961238,0.0023857932,0.0003236596,0.0006551598,1.43724e-05,0.0002657003,7.04644e-05,0.0038603338,0.0037558478,0.0002704454,0.0047510993,0.0581833937,0.0002398246,0,0.0015821991,6.8022e-05,9.2143e-05,0.0002121281,5.79803e-05,0.0001269145,3.7539087e-06,3.76755e-05,3.4148351e-06,"2005-02-22",1.5
"MOHK","2005-04-18",0.2219094579,0.0542292007,0.005236383,0.4038353936,2.705,0.215,751.2172553,31.121744361,166.00042044,0.0028881873,0.0117585064,0,0.0106085294,0.0033278917,0.0001085975,0.0004421267,0,0.0003988869,0.0001251307,0.0145258883,0.0030076387,0.0005827589,0.0231062047,0.156386653,0.0017497892,0.0022576102,0.0001323612,0,2.97771e-05,0.0002741962,9.73547e-05,4.2992e-05,0,3.93284e-05,2.3307499e-06,"2005-03-29",1.3
"MOHK","2005-05-09",0.18123625,0.0497451246,0.0048944197,0.2379084511,2.855,0.205,794.54874314,23.003521754,170.30573177,0,0.0137878318,0,0.0105159386,0.0031981074,0,0.0007163456,0,0.0005463547,0.0001661574,0.0139781413,0.0030617866,0.0006621411,0.0055771117,0.2153784569,0.0146988002,0,0.0037209888,0,0.0012354275,0.0001100109,0,0.0001839669,0,6.10335e-05,5.4484474e-06,"2005-04-19",1.14
"MOHK","2005-06-06",0.3372194877,0.0888183907,0.0075807676,0.4408605733,3.69,0.155,864.27307882,28.400845016,178.47417775,0,0.0064262935,0,0.0105127883,0.0033761023,0,0.0004331627,0,0.0007086118,0.0002275653,0.002375289,0.0072209533,0.0009190519,0.000537547,0.2917672902,0.0086736032,0,0.0014452283,0,0.0003818837,0.0003011023,0,9.47118e-05,0,1.59465e-05,1.80101e-05,"2005-05-21",1.38
"MOHK","2005-07-01",0.3675049264,0.0998230554,0.0076935653,0.583041139,3.365,0.23,801.54254515,22.583511033,163.44827286,0,0.0049613405,5.24947e-05,0.0121250227,0.003717447,0,0.0004674259,4.9457205e-06,0.0011423424,0.0003502342,0.0124413038,0.0033989914,0.0011911158,0.0602163614,0.5843448492,0.0048820653,0,0.0011639648,7.7296895e-06,0.0004748123,0.0003214667,0,9.59401e-05,5.0702748e-07,1.65214e-05,1.366e-05,"2005-06-08",1.26
"MOHK","2005-08-04",0.4374018477,0.1147022802,0.009738844,0.5043897499,4.96,0.805,806.85867356,36.821958245,178.26042908,0.0018981918,0.0120416131,0.0013482815,0.0119249392,0.003874709,0.0002032782,0.0012895417,0.0001443881,0.0012770471,0.0004149443,0.0702030568,0.0060745661,0.0014092812,0.031872087,0.4570663764,0.0747918514,0.0013422243,0.0007149027,7.54279e-05,0.0011046689,3.19271e-05,0.0001423753,2.69567e-05,2.0790515e-06,0.000174741,2.10694e-05,"2005-07-15",1.02
"MOHK","2005-09-07",0.3801737662,0.1108024009,0.0061819972,0.3052978482,5.905,0.79,767.30855225,36.344646126,175.94842555,0,0.0148360499,0,0.0106927402,0.0032350299,0,0.0016726326,0,0.0012055113,0.0003647208,0.0010373103,0.0083121535,0.0007054251,0.0037064917,0.2528848073,0.0738323903,0,0.0048651497,0,0.000633078,0.0004834214,0,0.0006533658,0,2.3341175e-06,7.7235e-05,"2005-08-30",1.04
"MOHK","2005-11-03",0.4099543201,0.1083229318,0.0054633833,0.1901900373,6.385,0.845,651.64367823,44.399551661,159.42175999,0.002342656,0.0146582295,0.0007793148,0.0092704732,0.0025140969,0.0002566567,0.0016059262,8.53802e-05,0.0010156544,0.0002754394,0.0235578007,0.0112453253,0.0006151075,0.00737345,0.3859254082,0.054483723,0.0017752206,0.0052750816,7.22404e-05,0.00105348,0.0001101471,0.0001719743,0.0004144197,1.54006e-05,0.0002027255,1.14599e-05,"2005-10-09",1.34
"MOHK","2005-12-02",0.2700208012,0.0735174462,0.0046502016,0.1991288661,4.4,0.565,551.44858704,35.901937002,134.70650671,0.0049345118,0.0166100072,0.0004268872,0.0084899813,0.0022911048,0.0004431132,0.0014915586,3.8334e-05,0.0007623901,0.0002057384,0.0207975105,0.0113665735,0.0007887032,0.0107300209,0.2600447931,0.012330054,0.0018069741,0.0004207163,3.4263e-05,0.0004586785,0.0002511999,0.0001243363,0.000164214,9.0659183e-06,0.0001418708,2.7986365e-06,"2005-11-26",1.45
"MOHK","2006-01-18",0.0312943706,0.0079732096,0.0004126421,0.3596570228,0.55,0.07,513.96959419,15.07812372,110.73719909,0.0208687075,0.0449825529,0,0.0090838914,0.0022009545,0.0006157385,0.001327226,0,0.0002680234,6.49399e-05,0.0043392905,0.0004634233,4.96469e-05,0.0380941336,0.04375051,0.0013972054,0,0.0040521574,0,0.0001408473,0.0002119093,4.2969e-05,0.0002286512,0,1.76524e-05,1.3282855e-06,"2005-12-21",2.5
"MOHK","2006-02-10",0.0297971066,0.0080614436,0.0004017727,0.1891717459,0.66,0.13,545.64945601,12.843000447,111.30037423,0,0.0224659325,0,0.0085647941,0.0024630742,0,0.0001801149,0,6.86661e-05,1.97471e-05,5.9741264e-06,2.04629e-05,1.60686e-05,0.0325474356,0.0094222353,6.07884e-05,0,0.0112005653,0,0.0004905714,0.0001673287,0,9.2446e-05,0,5.7075852e-06,1.8102705e-06,"2006-02-02",1.21
"MOHK","2006-03-08",0.0251782677,0.0071865395,0.0003622114,0.250041587,0.545,0.105,622.07034467,16.858295693,128.24505901,0.0030785657,0.0284259299,0,0.0084543692,0.0023215359,2.34452e-05,0.000216481,0,6.43852e-05,1.76799e-05,0.0061685398,0.002669431,0.0001348356,0.0306200853,0.058579048,0.0056659077,0.0023663975,0.0023895455,0,0.0002575007,3.29495e-05,2.37936e-05,2.29194e-05,0,1.37493e-05,3.177555e-06,"2006-02-16",1.27
"MOHK","2006-04-18",0.0129096944,0.0033125802,0.0002870801,0.0945088395,0.355,0.06,747.73913092,29.493750908,162.10185167,0.011841654,0.0111446154,0,0.0080033526,0.0025094618,5.92319e-05,5.57453e-05,0,4.00328e-05,1.25523e-05,0.0027644448,0.0004548736,2.97195e-05,0.0251414293,0.0196506052,0.0012160422,0.0061513969,0.002288286,0,2.82246e-05,7.59613e-05,4.18147e-05,2.49763e-05,0,1.08282e-05,3.1485151e-06,"2006-04-05",1.95
"MOHK","2006-05-08",0.033843696,0.0084124353,0.0005649179,0.2072900478,0.695,0.08,791.15579909,22.98803314,169.53474725,0,0.013838748,0,0.0072242514,0.0027733108,0,7.57262e-05,0,3.95314e-05,1.51757e-05,0.0019695577,0.0012567917,0.0001525823,0.0267942494,0.0430711284,0.0043970623,0,0.0008042985,0,0.0001798122,0.0001500841,0,2.6118649e-06,0,4.0317797e-07,5.4009901e-07,"2006-04-27",1.08
"MOHK","2006-06-01",0.0420645999,0.0133399048,0.0008150047,0.1131191768,0.985,0.13,879.40539575,29.637726569,181.56838532,0,0.0174930678,0,0.0075705815,0.0024622081,0,0.0001869575,0,8.09107e-05,2.63149e-05,0.0146875266,0.0042479261,3.64001e-05,0.0087272381,0.1677655679,0.0035881936,0,0.0022798316,0,0.0005881164,9.55594e-05,0,4.16193e-05,0,2.6625191e-06,2.3459728e-06,"2006-05-27",1.43
"MOHK","2006-07-11",0.1534426983,0.0424040917,0.0019174304,0.0147895551,5.2,1.64,802.05463437,24.823292259,166.04147378,0.0055785888,0.0173624209,0,0.0058219213,0.002011603,0.0001401982,0.0004363435,0,0.0001463135,5.05546e-05,0.0014162394,0.0004611988,8.54259e-05,0.0082366853,0.1576782268,0.0392301938,0.0027250248,0.0022444975,0,0.0002393676,0.0001872017,8.19573e-05,0.0001150316,0,1.49221e-05,2.6059831e-06,"2006-07-01",1.19
"MOHK","2006-08-02",0.2033719842,0.0582186405,0.0023451512,0.0418447982,6.05,1.89,811.55094166,39.432777727,181.50663479,0.0031360396,0.0170289953,0,0.004838526,0.0020818387,0.0001564707,0.0008496506,0,0.0002414151,0.000103872,0.0010374724,0.0010421683,0.0005752467,0.0048886298,0.3653330051,0.0045998889,0,8.29225e-05,0,3.33245e-05,8.5251019e-07,4.7370168e-06,9.287439e-06,0,2.0561353e-06,1.5372911e-06,"2006-07-15",1.1
"MOHK","2006-09-02",0.362461811,0.1073792189,0.0033820728,0.0623360685,8.325,2.01,773.67665245,36.683025579,177.21413499,0,0.0060515475,0,0.0057826037,0.0020392705,0,0.0004859792,0,0.0004643813,0.0001637669,0.0238708545,0.0007327887,0.0001164133,0.0020203695,0.3232335507,0.1033879432,0,0.0015574142,0,0.0003311091,0.0003091794,0,0.0001308915,0,3.22314e-05,2.33149e-05,"2006-08-30",1.02
"MOHK","2006-10-04",0.5646577418,0.1629066273,0.0055853494,0.1080260388,11.64,2.285,697.11568231,43.509922429,169.4678711,0.0021560272,0.0057269547,0.0001677927,0.0070865014,0.0020716474,0.0002872255,0.0007629437,2.23533e-05,0.0009440622,0.0002759844,0.0360547549,0.014377917,0.0015571587,0.0019345047,0.2066887222,0.0220138088,0.0016375703,0.001891606,3.0114e-05,0.0001866661,0.0002658703,0.0002438484,0.0002209322,4.9231781e-06,7.42268e-05,2.10956e-05,"2006-09-03",1
"MOHK","2006-11-03",0.623401853,0.1864525248,0.006881102,0.1570696956,12.09,1.835,614.40930491,43.343805828,149.6345944,0.0047700281,0.0064964765,0.0008130938,0.0082677699,0.00203839,0.0008319633,0.0011330814,0.0001418156,0.0014420211,0.0003555253,0.0141421756,0.0135258391,0.0003627786,0.0033300842,0.151185428,0.0078976615,0.0017467417,0.0040764178,5.8591834e-06,0.0002138762,0.0001722025,0.0002712615,0.0008270991,1.01783e-05,0.000157649,5.98236e-05,"2006-10-18",0.95
"MOHK","2006-12-07",0.9134195174,0.2720778798,0.012070413,0.21060427,13.525,1.705,546.60335678,34.105033102,133.0126615,0.0020292021,0.0091740224,0.0001246563,0.0092608717,0.0020169182,0.0004597665,0.0020786044,2.8244e-05,0.0020982823,0.0004569833,0.0917858435,0.0423209736,0.0029340243,0.0074442872,0.7308572975,0.0137062778,0.0050155096,0.0043590386,2.86558e-05,7.41172e-05,2.6677831e-07,0.0011248457,0.0011541409,5.3049574e-06,0.0001261347,2.07706e-05,"2006-11-09",1.2
"MOHK","2007-01-03",0.6188317621,0.2031767338,0.0122765006,0.2913685109,8.395,0.915,508.88137977,15.744676719,112.05430962,0.0189194675,0.0362047687,0.0002848314,0.009922456,0.0019509418,0.0044641055,0.0085426245,6.72068e-05,0.0023412335,0.0004603306,0.0316075927,0.0351136628,0.0023324916,0.0012562552,0.6504230891,0.0388486368,0.0034970723,0.0091205789,0.000125423,0.0002077272,0.0001077488,0.0018883525,0.0043190357,2.16315e-05,0.0003317003,4.74194e-05,"2006-12-28",1.62
"MOHK","2007-02-06",0.6936104215,0.1804808746,0.0145171396,0.3382523122,8.275,0.785,534.30097371,11.588326184,107.89064386,0.0020292021,0.0145181141,0,0.0106381762,0.0022413013,0.0003888049,0.0027817407,0,0.0020383259,0.0004294441,0.0330520824,0.0089611525,0.0058775713,0.0090998615,0.1275269753,0.0071358309,0.0014348626,0.0056353389,0,0.0006078378,0.0002622853,0.0003002519,0.0007918088,0,0.0003347013,5.5125654e-06,"2007-01-05",1.43
"MOHK","2007-03-05",0.8708496441,0.2658702069,0.0210080688,0.429273396,9.18,0.75,610.17218946,16.945040861,126.84480741,0.0025552915,0.0141576569,0,0.01141395,0.0026375658,0.0005632524,0.0031207139,0,0.0025159299,0.0005813877,0.0077709135,0.0014916184,0.0004220641,0.0024313605,0.4554248284,0.0249901888,0.0058439377,0.0008621119,0,0.0007421475,0.0001618852,0.0011260213,0.0001119602,0,0.0001939603,4.15955e-05,"2007-02-12",1.29
"MOHK","2007-04-04",1.0772407798,0.2506904531,0.0204273242,0.5300273243,9.37,0.62,716.52025592,30.081594857,153.74769755,0.0074381184,0.0235727273,2.14522e-05,0.0119683709,0.0034175655,0.0019205665,0.0060866188,5.5390913e-06,0.0030903048,0.0008824358,0.0641486676,0.0308631196,0.0005232239,0.0043028106,0.4976293735,0.0204791686,0.0020508778,0.0041393355,6.0666533e-07,0.0003821161,0.0001793235,0.0006183547,0.001342774,4.0846474e-07,7.27626e-05,9.5843473e-06,"2007-03-28",1.44
"MOHK","2007-05-01",0.9218769494,0.2166557473,0.0160861765,0.4525619571,9.785,0.64,780.21498925,25.189076456,171.10234049,0.0025552915,0.0154591377,0,0.0120465885,0.0041299613,0.0005960458,0.0036059894,0,0.0028099802,0.0009633524,0.0106726705,0.0274094557,0.0001779427,0.0109722712,0.3069609456,0.037882668,0.003747688,0.0032918845,0,0.0003874288,0.0001642022,0.0009595515,0.0008209101,0,8.49507e-05,4.63647e-05,"2007-04-13",1.46
"MOHK","2007-06-04",1.0472902487,0.2564343745,0.0169188154,0.5583319947,9.175,0.54,862.92144476,26.751661116,177.39580911,0.0020292021,0.012802435,9.5092066e-06,0.0121864184,0.0043189933,0.0004788644,0.0030212026,2.2440449e-06,0.0028758309,0.0010192244,0.0115237545,0.000483724,0.0020464192,0.0028892772,0.026169753,0.0005954624,0,0.0064434493,5.5052843e-07,0.0006411224,0.000699422,2.87374e-05,0.0018344304,2.8135262e-07,2.6579816e-06,0.0001145599,"2007-05-05",1.42
"MOHK","2007-07-12",0.6504855428,0.1795904034,0.0127336617,0.4505863016,6.95,0.405,802.02726126,25.389712483,166.22819339,0.0037658117,0.0221952508,0,0.0122005317,0.0038857103,0.0008124221,0.0047883202,0,0.002632097,0.0008382886,0.0588559161,0.0142385408,0.0019562221,0.0170300899,0.6262612802,0.0180361622,0,0.0030483144,0,0.0003077803,3.33632e-05,1.49656e-05,0.0004317467,0,0.0001602225,4.00917e-05,"2007-06-06",1.35
"MOHK","2007-08-02",0.5785114664,0.1420222623,0.0086790405,0.403662452,7.23,0.44,775.08697911,37.780923708,173.51308541,0.0032853748,0.0094884559,0,0.0116168451,0.0034580668,0.0005258973,0.0015188385,0,0.0018595346,0.0005535405,0.0028155885,0.010673738,0.0001743601,0.0197092739,0.5871598979,0.0352831472,0,0.0012064745,0,0.0005016809,0.000410458,5.2163697e-06,0.0002005612,0,6.06091e-05,6.89415e-05,"2007-07-24",1.19
"MOHK","2007-09-05",0.5391258382,0.1396079694,0.0058795189,0.3270817013,7.095,0.41,770.75811055,31.315560609,196.00773525,0.0020292021,0.0218853717,0.0001270655,0.0111771067,0.003427926,0.0002857353,0.0030817157,1.78923e-05,0.001573867,0.000482692,0.0894321313,0.0130567778,0.0003764234,0.0039285689,0.4469956337,0.0011573282,0.0014348626,0.0026735557,2.5705307e-06,7.91558e-05,0.0001535355,0.0002346583,0.0006470201,1.8772866e-06,0.0001527811,1.40658e-05,"2007-09-04",1.2
"MOHK","2007-09-29",0.5241536738,0.1389039476,0.0057108003,0.2303504431,7.655,0.425,699.64668683,29.216688139,183.34448062,0,0.0085793023,0,0.0102522619,0.0028805706,0,0.0011947164,0,0.0014276855,0.0004011358,0.0299009409,0.0015433039,0.0003431216,0.0108002757,0.4696463137,0.0181576806,0,0.0001897241,0,0.0009285851,6.59774e-05,0,4.18926e-05,0,0.0002127456,2.94039e-05,"2007-09-20",1.04
"MOHK","2007-11-05",0.502543935,0.1210841982,0.0094722236,0.3232692064,6.955,0.36,648.8394322,30.836488329,169.94631589,0,0.0131785851,0.0006180326,0.0104237655,0.0028481557,0,0.0017104519,8.02146e-05,0.0013529032,0.0003696628,0.0413352134,0.0111218398,5.94617e-05,0.0338226823,0.2905735025,0.0124679839,0,0.0041243662,4.62237e-05,0.0005781998,3.50636e-05,0,0.0004970482,2.2770611e-06,1.09249e-05,1.25964e-05,"2007-10-18",1.32
"MOHK","2007-12-03",0.4836739579,0.13006848,0.0079502192,0.2626832668,7.63,0.41,491.63668348,20.83472191,126.82235959,0,0.0110435238,0.0027481398,0.0109445547,0.0024989045,0,0.0013862135,0.0003449541,0.0013737907,0.0003136694,0.0230566301,0.027516748,0.0003076821,0.0123019461,0.5080031182,0.0339042528,0,0.003065179,0.000201821,0.0001574641,0.0003179263,0,0.0006388668,7.69021e-05,0.0002220387,3.6919846e-06,"2007-12-01",1.27
"MOHK","2008-01-02",0.1258369351,0.0320766428,0.0024281325,0.1473148611,2.655,0.2,461.32916058,13.037324934,106.44093201,0.020953622,0.0946928898,0,0.009231478,0.0021863062,0.0014667016,0.0066282676,0,0.0006461806,0.000153036,0.0099928502,0.0009717642,0.0001512572,0.0082620143,0.1540625678,0.0041955657,0.0067807315,0.016344218,0,0.0011691788,0.0002873946,0.0002493061,0.0019989456,0,8.4434592e-06,7.0388193e-07,"2007-12-05",3.17
"MOHK","2008-02-07",0.1375022267,0.0315048635,0.0027544383,0.217170765,2.13,0.18,508.45268368,10.234746996,111.83214806,0,0.0155448689,0.000162498,0.0084905335,0.0023782102,0,0.0004941698,5.1657959e-06,0.0002699132,7.56031e-05,0.0061414249,7.0692e-05,0.0011941386,0.0154061969,0.1977968495,0.0082300775,0,0.0043678277,8.039727e-06,0.0003499257,0.0001735966,0,0.000161959,2.0428608e-07,7.7756473e-06,4.8522142e-06,"2008-01-05",1.54
"MOHK","2008-03-04",0.0347067197,0.0084999988,0.0006584975,0.0386694067,0.945,0.085,548.06035258,14.07379329,127.10963083,0.0367504402,0.0674810455,0,0.0072445138,0.0025705114,0.0006453358,0.0011849636,0,0.0001272133,4.5138e-05,0.0042805593,0.0015352833,5.83424e-05,0.0012602121,0.0699388178,0.0058069803,0.0078239209,0.0084657405,0,0.0006583926,0.0002032531,0.0001816904,6.09659e-05,0,2.21192e-05,8.7267364e-07,"2008-02-25",2.67
"MOHK","2008-04-03",0.1004141379,0.0345018467,0.0028313304,0.2606278518,1.555,0.105,674.9469737,23.007411593,162.17229209,0,0.0200051192,0,0.007416066,0.0021313733,0,0.0003712989,0,0.0001376436,3.95587e-05,0.0117132619,0.0069539704,0.0012686315,0.0136683904,0.0224555092,0.002459395,0,0.0034223638,0,0.0001935755,0.00012554,0,7.86463e-05,0,4.6013083e-06,4.64322e-06,"2008-03-29",1.42
"MOHK","2008-05-01",0.1424651872,0.0427168183,0.0024559794,0.2761908952,2.38,0.235,714.9710657,20.545917842,173.24157757,0.0074156916,0.0200878404,0,0.0094965478,0.0023549223,0.0002852315,0.0007726432,0,0.0003652679,9.05779e-05,0.0073648096,0.0006859252,0.0003298623,0.0103227004,0.0738352831,0.0097956672,0,0.0045037645,0,0.000132936,0.0001724011,4.40165e-05,7.53083e-05,0,3.38937e-05,3.0518095e-06,"2008-04-29",1.38
"MOHK","2008-06-02",0.2921256935,0.0813770656,0.0066326117,0.3969819462,3.665,0.425,722.17965976,18.491772446,161.4713396,0.0044719014,0.0178156839,0,0.0102751151,0.0028429354,0.0002682461,0.0010686702,0,0.0006163507,0.0001705329,0.0230710888,0.0084516712,0.0003279243,0.0032064847,0.1692966217,0.0154455164,0.0016375703,0.0013873156,0,0.0005498713,5.27821e-05,0.0001142088,7.3453389e-06,0,7.48079e-05,7.7691368e-06,"2008-05-21",1.49
"MOHK","2008-07-08",0.306814167,0.0921388965,0.004117989,0.3590083363,5.46,1.18,742.4024182,20.376290022,166.39851792,0.0017927367,0.0154729179,0,0.0106411228,0.0029076936,0.0001553346,0.0013406761,0,0.0009220173,0.0002519418,0.058349061,0.0132767162,0.0005489233,0.0318488016,0.3898964196,0.016403099,0.0032812521,0.0038373432,0,0.0004403428,4.76833e-05,0.0003814045,0.0001237315,0,0.0001534583,2.66306e-05,"2008-06-04",1.37
"MOHK","2008-08-07",0.4005307094,0.1232580599,0.0057366927,0.220332688,7.81,1.445,726.97755701,29.086067495,181.60201519,0,0.014820251,0,0.0097098025,0.0025227766,0,0.0015849509,0,0.0010384143,0.0002697982,0.0175903195,0.0013562271,0.0007844676,0.0061118775,0.6897214327,0.0451054767,0,0.004062908,0,0.00031716,0.0002199597,0,0.0003823393,0,0.0001175519,4.50069e-05,"2008-07-18",0.92
"MOHK","2008-09-04",0.442575833,0.1347620353,0.0053947141,0.1240822641,9.655,1.96,675.90612947,28.027308854,173.57244228,0,0.0116122916,0.0001018247,0.0083500743,0.0021650507,0,0.0014971091,1.31277e-05,0.0010765293,0.0002791281,0.0175178125,0.0227244704,0.0013460607,0.0051243861,0.5136407483,0.0315487121,0,0.0048954199,2.76464e-05,5.45688e-05,0.0001581528,0,0.0005835825,2.5683747e-06,8.5397e-05,1.7637044e-06,"2008-08-27",0.99
"MOHK","2008-09-29",0.630799019,0.1906059047,0.008021392,0.2488808948,9.715,1.68,610.67477854,24.456943484,159.19366936,0,0.0086016271,0.000154553,0.0085344126,0.0021505276,0,0.0013854966,2.48944e-05,0.0013746701,0.0003463936,0.0131796814,0.0083770433,0.002427238,0.0094028246,0.0993591377,0.0484972606,0,0.0011809661,1.90847e-05,0.0011982666,0.0001344777,0,5.76057e-05,4.9853771e-07,8.09049e-05,1.01726e-05,"2008-09-16",1.15
"MOHK","2008-11-07",0.8042078048,0.2781528717,0.0154150488,0.3000864566,12.33,1.465,591.47929201,19.236917597,132.40339383,0.0096075243,0.0294565637,0.000877448,0.0100160678,0.0020606432,0.0022253762,0.0068229788,0.0002032419,0.0023200065,0.0004773036,0.0043326976,0.0051729686,0.0011650171,0.015965269,0.9041062061,0.0635877498,0.0015775983,0.0013770449,9.2381561e-06,0.001161288,5.74466e-05,0.0003172524,0.0005296711,7.4163896e-06,0.0002045403,2.75832e-05,"2008-10-11",1.39
"MOHK","2008-12-03",0.7465093854,0.2954936792,0.0170345903,0.241592227,11.45,1.35,528.1000783,10.666151079,99.920303545,0,0.0109098768,0.0006587401,0.0101542215,0.0016736949,0,0.0031282532,0.0001888844,0.0029115797,0.0004799084,0.1338962467,0.0451138847,0.0061418545,0.0101442646,0.8699311498,0.0082860624,0,0.0014948498,9.67279e-05,0.0004468007,2.8764355e-06,0,0.0006969405,4.14539e-05,5.17016e-05,3.19436e-05,"2008-11-14",1
"MOHK","2009-01-12",0.8994604723,0.2621523909,0.0177174186,0.3349433592,11.46,1.165,496.42311156,9.1108737698,98.023550879,0,0.0127797044,0.0005676532,0.0101861597,0.0018272672,0,0.003559026,0.000158086,0.0028367485,0.0005088765,0.1726274015,0.071887498,0.0017404328,0.0021766593,1.64048633,0.0187466156,0,0.0015155198,2.48685e-05,0.0003962118,0.0001455242,0,0.0005994462,1.9067843e-06,0.000274352,7.23728e-05,"2008-12-26",1.41
"MOHK","2009-02-04",1.0509044137,0.2867837181,0.0224417417,0.5116734259,11.595,1,400.86517743,6.5822278911,77.087303803,0,0.012715056,0.0006102107,0.0112563588,0.0022503601,0,0.0034875332,0.0001673709,0.0030874363,0.0006172372,0.0089091998,0.027835568,0.0009983447,0.0181248848,0.5264781293,0.0113143195,0,0.0063675943,0.0001192169,0.0009585727,0.0002372561,0,0.0024078508,3.0583596e-06,0.0008352625,4.48555e-05,"2009-01-26",0.99
"MOHK","2009-03-02",1.0029884576,0.2828242394,0.0253252443,0.5417315901,9.59,0.785,504.30093518,8.9847511988,88.782128862,0,0.0217542501,1.9698442e-06,0.0121580053,0.0027372054,0,0.0061955972,5.6101043e-07,0.0034625925,0.0007795544,0.1151810387,0.0550918431,0.0009928594,0.0240566581,0.0966576975,0.019514323,0,0.0018397629,5.2918458e-07,0.0003528717,0.0003111004,0,0.0007725713,1.8331947e-07,0.0002685059,0.0001247525,"2009-02-16",1.34
"MOHK","2009-04-02",0.9155513838,0.2416805076,0.0231047173,0.5363454214,9.55,0.69,608.45512673,14.208898524,111.20990216,0.0071981791,0.0285844161,1.26672e-05,0.012344215,0.0031186403,0.0018838612,0.0074809299,3.3151783e-06,0.0032306487,0.0008161905,0.2042262835,0.0583403067,0.0026721932,0.0121939252,1.3792508981,0.0394489701,0.0038104863,0.0069132076,6.0050923e-06,0.0001176154,0.0002653345,0.0014443666,0.0003083371,9.1779703e-07,0.0006484627,0.0002367711,"2009-03-22",1.16
"MOHK","2009-05-05",1.2074623799,0.3156382143,0.0322080467,0.5273340107,11.855,0.61,600.9473736,13.329356315,123.79613231,0.0067619258,0.0232415186,0,0.0123004511,0.0032296156,0.0018731608,0.0064382697,0,0.0034074203,0.0008946548,0.1720190571,0.0348434057,0.0089843307,0.0133903846,1.0067429137,0.020396621,0.001587947,0.0045185983,0,0.000630835,0.0001107062,0.0004062031,0.0016810547,0,0.000382857,2.44288e-05,"2009-04-04",1.48
"MOHK","2009-06-02",1.1209143484,0.2787771923,0.0187495761,0.5745114892,9.945,0.555,630.77678925,14.523783832,131.24001916,0.0051107444,0.0227353282,0,0.0124141536,0.0034737623,0.0015170036,0.0067484442,0,0.0036848478,0.0010311042,0.0274893264,0.0250933269,0.0026475712,0.006716835,0.3387151902,0.0211525679,0.0017423331,0.0012481529,0,0.0004961208,0.0003310531,0.0004957489,0.0009621731,0,0.0005225811,6.3238504e-06,"2009-05-08",1.59
"MOHK","2009-07-01",0.753101095,0.2009274487,0.0096896185,0.4666887744,8.165,0.455,722.87543319,12.497793914,132.94937671,0,0.0162346183,0,0.012188327,0.0036679685,0,0.0038594828,0,0.0028975512,0.0008719922,0.0559736028,0.0321356514,0.0021525793,0.0012654685,0.3820009456,0.0316179184,0,0.0058584564,0,0.0013388347,5.81929e-05,0,0.0008377226,0,2.87369e-05,0.000125403,"2009-06-20",1.15
"MOHK","2009-08-06",0.4275471349,0.1145625287,0.0057957723,0.1956554632,7.435,0.43,670.90756878,29.931992858,143.05513044,0.0039750234,0.0271147591,0,0.0101042007,0.0029306504,0.000611051,0.0041681518,0,0.0015532442,0.0004505072,0.0461106092,0.0134834963,0.0001804816,0.0107426769,0.2259665593,0.019554135,0,0.0134974003,0,0.0010161193,0.0001157507,3.97368e-05,0.0021220329,0,0.0002164155,5.9861527e-06,"2009-07-18",1.04
"MOHK","2009-09-02",0.3671024476,0.1100099408,0.0064914609,0.1754286991,6.63,0.365,573.9552999,21.364870807,122.68660064,0.008264576,0.0342193011,0,0.0082066537,0.0021364837,0.000927871,0.0038418301,0,0.000921368,0.0002398648,0.0251679957,0.0184092277,0.0004604448,0.0087762727,0.2932344143,0.011635596,0.0019408241,0.000705341,0,1.15039e-05,0.0001056504,0.0002273852,3.6026e-05,0,2.58569e-05,1.85952e-05,"2009-08-08",1.03
"MOHK","2009-10-05",0.2467163602,0.0723981092,0.0035700978,0.0509618262,5.245,0.33,617.46589649,28.386954487,136.888424,0.0067619258,0.0370829203,0,0.0067114001,0.0019811716,0.0006078732,0.0033336235,0,0.0006033311,0.0001781003,0.0078695123,0.0076983154,0.0002628102,0.001178111,0.0960537718,0.0035142204,0.0033030603,0.0029972677,0,0.000387501,6.99142e-05,0.0002650121,0.0001417719,0,5.67309e-05,8.9079683e-07,"2009-10-04",1.36
"MOHK","2009-11-02",0.1954922765,0.0532390871,0.0022507554,0.0304562534,4.18,0.31,567.65259497,25.859781898,125.10341891,0.0079694125,0.0388183948,0,0.0052776566,0.0018269177,0.0004967223,0.0024194962,0,0.0003289489,0.0001138692,0.0156838154,0.0059420768,0.0001015936,0.0006676637,0.3304206078,0.0182238339,0.0018715089,0.0001944632,0,0.0008009106,7.63655e-05,0.0001393761,0.0002819129,0,8.70992e-05,7.7664582e-06,"2009-10-14",1.49
"MOHK","2009-12-03",0.1592504728,0.0419111048,0.0020632922,0.0992813174,3.255,0.26,622.85463717,33.012114222,150.34309939,0.0100049977,0.032451221,0,0.0060082206,0.0020925862,0.0004737313,0.001536548,0,0.000284486,9.90828e-05,0.0032330051,0.0006147951,0.0001838905,0.0068811935,0.0866825985,0.0128687363,0.003516161,0.0044643651,0,8.79877e-05,0.0001618413,0.000160424,0.000281176,0,1.97299e-05,2.6220946e-06,"2009-11-28",1.75
"MOHK","2010-01-07",0.2186331051,0.0652934264,0.0044394826,0.3288646004,3.33,0.205,530.56437149,15.330704415,112.04986634,0.0115847174,0.044360805,0,0.0086154984,0.0021507705,0.0006109921,0.002339643,0,0.0004543919,0.0001134343,0.0228539433,0.0149163226,0.0008612933,0.0165522603,0.4876786228,0.0098649785,0.0122457925,0.0058373275,0,0.0002987067,0.0001791438,0.0005370525,0.0006265862,0,3.98968e-05,3.6560278e-06,"2009-12-14",1.37
"MOHK","2010-02-02",0.0404687927,0.0130321164,0.000824041,0.2114760678,0.78,0.09,560.23453513,9.1449271516,109.34657648,0.0196471394,0.0565773147,0,0.0095137876,0.0022040544,0.0006371712,0.0018348441,0,0.0003085392,7.14791e-05,0.0004755335,0.0006065603,8.8140156e-06,0.0044571476,0.0217658361,0.0041709607,0.016835647,0.0051563286,0,0.0012972143,0.0003242877,0.0006291907,8.55518e-05,0,1.20573e-05,5.1834519e-07,"2010-01-20",2.03
"MOHK","2010-03-08",0.0084503191,0.0024320085,0.0001450672,0.1345721179,0.2,0.025,602.15599956,16.349413875,127.89385974,0.0104904395,0.0448608583,0,0.0080762456,0.0019713675,6.62416e-05,0.0002832728,0,5.09973e-05,1.24482e-05,0.0003116716,0.0001574507,1.6875962e-06,0.0294894757,0.007210895,0.0001080328,0.0069977,0.0074275822,0,0.00025453,4.51487e-05,4.26021e-05,4.5547e-05,0,1.4222963e-06,3.0051221e-07,"2010-02-28",2.45
"MOHK","2010-04-08",0.0148906192,0.004925876,0.0005136005,0.2166796805,0.285,0.035,730.0897996,30.851805495,159.10979061,0.0130795196,0.030183765,0,0.008188545,0.0021442488,4.62161e-05,0.0001066534,0,2.8934e-05,7.5766344e-06,0.0019165928,0.0005965626,9.46354e-05,0.0276867149,0.0207044907,0.00308257,0.005732456,0.0125521751,0,0.0002911518,0.0002308684,1.25529e-05,2.99865e-05,0,1.999232e-06,1.2470636e-07,"2010-04-02",1.46
"MOHK","2010-05-03",0.0309602401,0.0093489139,0.0009488123,0.5112997124,0.425,0.06,738.17015651,33.497540818,163.35771805,0.0080268278,0.012816625,0,0.010237466,0.0027996851,5.54078e-05,8.84709e-05,0,7.06674e-05,1.93257e-05,0.0147466075,0.0045195866,0.0003456497,0.040795289,0.0698442612,0.0029518275,0.0100882909,0.0018063097,0,0.0013292021,0.0001515322,5.28527e-05,4.4739718e-06,0,1.21485e-05,5.4409685e-06,"2010-04-21",1.67
"MOHK","2010-06-04",0.020860659,0.0075515343,0.0006277739,0.1862600753,0.545,0.13,864.50278115,37.318473425,188.52206934,0.0216608494,0.0038469624,0,0.0094309671,0.002843049,0.0001823468,3.23848e-05,0,7.93924e-05,2.39336e-05,0.005060273,0.0020231553,0.0003129772,0.0272841372,0.0700203023,0.0024687425,0.0216734692,0.0017245343,0,0.0009232867,0.00038898,0.0002209942,1.95863e-05,0,2.232989e-06,5.8818312e-06,"2010-05-21",1.59
"MOHK","2010-07-02",0.0256288991,0.0078315338,0.0004026649,0.0904507229,0.83,0.215,850.48792215,49.309292991,203.94244226,0.0037628756,0.0056404256,0,0.0068768796,0.0021284068,2.89391e-05,4.33787e-05,0,5.28879e-05,1.63689e-05,0.0019480273,0.0012396788,0.0001221494,0.0103696619,0.0332373284,0.0004750781,0.0056352257,0.0015335184,0,0.0005832486,5.26523e-05,4.0346e-05,9.108183e-06,0,7.4928133e-06,1.2794979e-06,"2010-06-21",1.45
"MOHK","2010-08-04",0.1365803001,0.0425305641,0.0018012228,0.1344898511,4.61,1.685,840.42835916,53.611573799,212.94479392,0,0.0034969734,0,0.0066490202,0.0022748093,0,7.17121e-05,0,0.0001363509,4.66493e-05,0.016620832,0.0029056117,4.02539e-05,0.013342268,0.214834018,0.0580165466,0,0.0002528543,0,0.000336802,0.0003659001,0,3.8794084e-06,0,9.1041062e-06,6.7036024e-06,"2010-07-18",0.95
"MOHK","2010-09-01",0.386248621,0.1085251123,0.0072717138,0.2525348259,6.925,1.9,822.93604009,20.503307411,161.32935546,0,0.0042973281,0,0.0080999877,0.002540698,0,0.0003027463,0,0.0005706433,0.0001789919,0.0153287265,0.0040390843,0.0001205409,0.0043622843,0.3031028101,0.0386113607,0,6.93866e-05,0,0.0009619014,4.52522e-05,0,8.570046e-06,0,9.4565e-05,6.0574614e-06,"2010-08-30",1.15
"MOHK","2010-10-04",0.5261287888,0.1993996774,0.0137892783,0.340327512,7.465,1.58,708.28765926,13.134684258,127.82264836,0,0.0064335961,0,0.0101397315,0.002175897,0,0.0009610747,0,0.0015147111,0.0003250437,0.0871528809,0.0259592455,0.0041150081,0.0095709795,0.5203659281,0.0236351189,0,0.0005853998,0,0.001028018,5.81667e-05,0,3.996811e-06,0,5.2192049e-06,1.89869e-05,"2010-09-20",1.1
"MOHK","2010-11-05",0.3780165464,0.1380592824,0.0095817661,0.1505365128,6.815,1.195,620.36135455,12.16791213,110.87077406,0,0.012735525,0.0017919672,0.0096470904,0.0017535961,0,0.0021249796,0.0002989978,0.0016096604,0.0002925954,0.0400976508,0.0211591754,0.0005558941,0.0043252577,0.3134560061,0.065628966,0,0.0014802771,0.0001531262,0.0002299485,6.61058e-05,0,0.0002530358,2.70535e-05,2.66238e-05,1.28134e-05,"2010-10-26",1.09
"MOHK","2010-12-03",0.4729263622,0.1431825668,0.0117840306,0.1718366332,8.97,1.12,556.21129243,14.738557243,109.73983865,0,0.0102947779,0.0031551157,0.0087225199,0.0017171077,0,0.001447501,0.0004436262,0.0012264331,0.0002414346,0.0692652437,0.0218580945,0.0034248193,9.48358e-05,0.8111841435,0.0780744011,0,0.0009424554,0.000183882,0.000969516,2.28599e-05,0,0.0004028122,4.21417e-05,4.10871e-05,4.03041e-05,"2010-11-11",1.13
"MOHK","2011-01-07",0.4855600465,0.1847019,0.0139709673,0.1533262062,8.595,0.845,511.5362124,9.6094389647,94.324609088,0.0019712249,0.0182257847,0.0002763717,0.0086793082,0.0015895314,0.0003214323,0.0029719366,4.50658e-05,0.0014152671,0.0002591925,0.0368098505,3.81089e-05,0.0005255348,0.0071708162,0.6718518917,0.0711466128,0.0028910736,0.002419405,3.26189e-05,0.00055459,0.0001516573,0.0005212746,0.0001775446,2.6282374e-06,0.0001990186,6.8941009e-06,"2010-12-09",1.26
"MOHK","2011-02-08",0.6393489899,0.2263647563,0.0138612299,0.292250144,9.74,0.81,598.50814804,7.63381746,107.77289084,0,0.0125552781,0,0.009174823,0.0017114721,0,0.0025716676,0,0.0018792571,0.0003505567,0.0338617535,0.0020277142,0.0024182797,0.0019557916,0.057127104,0.0072766844,0,0.0007683145,0,0.000203402,0.0001436619,0,0.0001307916,0,4.88649e-05,2.95281e-05,"2011-01-19",1.14
"MOHK","2011-03-01",0.5640935643,0.143794058,0.0108040557,0.3108123568,8.73,0.605,648.92783856,9.4621820449,115.21763881,0,0.0117063809,0,0.0099922722,0.0022764494,0,0.0021301839,0,0.0018182714,0.0004142404,0.0789266734,0.0325019236,0.0008580707,0.0091411884,0.0169352169,0.0101958249,0,0.0022124087,0,0.0001124381,7.55391e-05,0,0.0001672534,0,0.0001667568,2.85651e-05,"2011-02-19",1.49
"MOHK","2011-04-01",0.9223506961,0.2331282342,0.0196905837,0.3854376852,11.805,0.675,696.65967706,14.428269561,124.76042084,0.0130795196,0.0307930522,0.0001127595,0.0103410332,0.0030509778,0.0024181132,0.0056929526,2.08467e-05,0.0019118278,0.0005640582,0.083373063,0.0292125584,0.0033702939,0.0050032953,0.4401140806,0.0186914938,0.0021740153,0.0027614033,2.05973e-05,0.0007632225,6.60975e-05,0.0003733021,0.0003946086,4.8650637e-06,0.0002163056,3.00373e-05,"2011-03-20",1.61
"MOHK","2011-05-01",0.8895768715,0.2698065751,0.019201617,0.4060453922,11.85,0.605,876.25301276,21.446228285,193.13646416,0.0055684695,0.0082394328,2.49962e-05,0.0108247985,0.0034075212,0.0013978025,0.0020682703,6.2745782e-06,0.0027172512,0.0008553592,0.0042688738,0.0078212588,0.0047478387,0.0054409488,0.1619022358,0.0050216318,0.0075060264,0.0026039841,3.8006991e-06,0.0006049347,0.0003454707,0.0017779725,0.0005489509,6.0951361e-07,6.6051e-05,3.17111e-05,"2011-04-25",1.41
"MOHK","2011-06-02",1.1291016793,0.3419372312,0.0275209551,0.4299836051,14.47,0.58,967.70762333,23.812690903,217.71884425,0,0.0193478857,0.0003810079,0.0110209142,0.0034197991,0,0.0058904468,0.0001159975,0.0033553077,0.0010411548,0.0726084231,0.0236235857,0.0013147632,0.003521765,0.81206096,0.0347547903,0,0.0039755148,3.0082e-05,0.001001841,8.5780166e-06,0,0.0011306346,1.19326e-05,0.0002367889,2.67343e-05,"2011-05-27",1.35
"MOHK","2011-07-07",0.8041622413,0.2233344362,0.0114214892,0.4642051875,9.625,0.445,832.45065287,21.728092437,188.40407176,0.0082194878,0.0161690348,4.48622e-05,0.0112827006,0.0033004249,0.0022886222,0.0045020824,1.24914e-05,0.0031415387,0.0009189655,0.0539244256,0.0168310524,0.0021893596,0.0307398999,0.009341957,0.0048279176,0,0.0008528566,7.1077647e-06,0.0002851648,4.18382e-05,3.0626703e-06,0.0002271126,1.9198509e-06,7.36105e-05,1.01992e-05,"2011-06-05",1.29
"MOHK","2011-08-03",0.9631916954,0.3417820685,0.0164413574,0.3994871143,11.795,0.475,876.61393884,22.447461791,178.2331693,0.0027447397,0.0172757009,0.0002189095,0.0111358249,0.0030323349,0.0007640556,0.0048090522,6.0938e-05,0.0030998894,0.0008441137,0.1533268269,0.0437134086,0.0037797438,0.0036614606,1.2096559647,0.0417130143,0.0020962497,0.0004132196,1.76774e-07,5.52948e-05,0.0001680587,0.0006206104,0.0003096223,1.6440185e-06,7.58775e-05,7.491e-05,"2011-07-27",1.05
"MOHK","2011-09-06",0.8988091561,0.2401424954,0.0127363504,0.4013514239,11.495,0.41,737.72831365,11.740999529,137.18983347,0.0023541973,0.0093082736,0.0002160669,0.0108506683,0.0026861445,0.0006779596,0.002680588,6.22227e-05,0.0031247654,0.0007735534,0.0646040605,0.0230221514,0.0013160724,0.003887015,0.2160400054,0.0128196278,0.0018095981,0.0023311741,5.1309e-05,0.0006768227,8.87835e-05,0.0003874064,0.0003373796,7.4436032e-06,0.0001567011,6.41619e-05,"2011-08-28",1.16
"MOHK","2011-10-03",0.6851031483,0.1408869641,0.0074989101,0.3563556832,9.26,0.395,676.4287657,15.85009578,131.35446819,0,0.0126722473,0.0017881139,0.0109494936,0.0032706023,0,0.0023586173,0.000332812,0.0020379704,0.0006087396,0.0521701983,0.008633521,0.0013460446,0.0038389013,0.6491647092,0.0014486161,0,0.0042070352,5.91264e-05,0.0001556294,0.0002319914,0,0.0006668012,1.82945e-05,7.90548e-05,2.30558e-05,"2011-09-09",1.19
"MOHK","2011-11-01",0.5965591647,0.1509381339,0.0091359191,0.1876737434,10.455,0.365,663.49977895,13.075432898,127.06012641,0,0.0131149569,0.0033081421,0.0097615366,0.0030608467,0,0.0019128798,0.0004825085,0.0014237673,0.0004464393,0.0216839944,0.0218105156,0.0007404523,0.0060175027,0.3087747849,0.0052776897,0,0.0021426113,0.0002965241,0.0001047466,5.31904e-05,0,0.0001777579,9.15318e-05,0.0001279663,5.80894e-05,"2011-10-07",1.1
"MOHK","2011-12-06",0.5446500537,0.1364469615,0.0086948431,0.2126909651,9.47,0.37,599.55375003,14.445665037,122.22808399,0.0019712249,0.0121879429,0.0027995904,0.008863636,0.0024468999,0.0002830101,0.0017498313,0.0004019391,0.0012725582,0.0003513031,0.035099757,0.0133476958,0.0020254359,0.0027214136,0.5015195731,0.0304480875,0.0028910736,0.0002701882,9.4836e-05,0.0004680192,0.0002626174,0.0004157652,9.00328e-05,2.49352e-05,2.56713e-05,2.63513e-05,"2011-11-25",1.24
"MOHK","2012-01-10",0.5752975976,0.2305736927,0.0169437342,0.2346475735,9.48,0.39,536.106729,10.113486467,111.40990905,0.0068903445,0.01553116,0.0004311208,0.0090344861,0.0018462832,0.0012362236,0.002786506,7.73491e-05,0.0016209124,0.0003312489,0.0470713853,0.0014249648,3.74136e-05,0.0009593554,0.1090301854,0.0141549882,0.0017578953,0.0018227623,2.07463e-05,0.0002727626,7.70359e-05,0.0002846881,0.0002239021,1.066099e-06,0.0001274745,3.0143e-05,"2012-01-06",1.4
"MOHK","2012-02-15",0.4566211356,0.1187130053,0.0075639096,0.2980075263,8.07,0.325,609.63675779,10.441145379,117.62476194,0.002647505,0.0231822722,0,0.0093861475,0.0019516669,0.0004461046,0.0039062128,0,0.0015815658,0.0003288559,0.016071004,0.0009611267,0.0003537941,0.0167733543,0.4719987627,0.010046414,0,0.0139012504,0,0.0002082422,0.0002747391,8.62635e-08,0.0026350233,0,3.93246e-05,5.20425e-05,"2012-01-24",1.46
"MOHK","2012-03-08",0.7770719101,0.2707296612,0.0228092821,0.5079937569,7.93,0.26,666.83974702,8.8311604717,116.90816846,0,0.0040303388,0,0.0109053264,0.002571505,0,0.0007431705,0,0.0020108774,0.0004741702,0.0573169685,0.0225991776,0.0056614141,0.0033536873,0.6508774595,0.0135417478,0,0.0009144541,0,0.0006366905,7.26051e-05,0,0.000238348,0,0.0002325291,4.14392e-05,"2012-03-02",1.31
"MOHK","2012-04-10",0.437738779,0.1117948174,0.0098044883,0.4555576821,5.7,0.265,764.4582743,14.601209215,131.89372424,0.0028881873,0.0187772214,0,0.011504444,0.0029569428,0.0005190013,0.003374228,0,0.0020673249,0.0005313565,0.0348014391,0.0284145876,0.0008242664,0.0764271882,0.1994177525,0.0106692515,0.0068236604,0.0101499746,0,0.001295145,3.95286e-05,0.0012161483,0.0016090675,0,5.94534e-05,5.81396e-05,"2012-04-01",1.92
"MOHK","2012-05-04",0.465138392,0.1249858468,0.0107961628,0.4364130002,5.345,0.21,750.58078232,12.064617462,123.32658815,0.003625474,0.0162543801,0,0.0112946199,0.003346671,0.0004287767,0.001922369,0,0.0013357893,0.0003958033,0.0578636577,0.0240560739,0.0037472925,0.0021135965,0.1731741065,0.0038519945,0,0.00171415,0,0.0004718887,0.0002014111,1.54316e-05,0.0002585465,0,0.000103427,9.2182441e-06,"2012-04-14",1.71
"MOHK","2012-06-01",0.4147878041,0.1079260269,0.0066359767,0.3821284474,5.415,0.22,911.69509157,13.994185595,153.93204409,0,0.0113820442,0,0.011071201,0.0036033553,0,0.0013231328,0,0.0012869981,0.0004188806,0.0234685106,0.0189223438,0.0016416469,0.0110820312,0.4024525991,0.0050004955,0,0.0008995835,0,9.91427e-05,5.222572e-06,0,0.0001226048,0,4.7286008e-06,4.5707365e-06,"2012-05-24",1.55
"MOHK","2012-07-02",0.5790168714,0.1665573372,0.0067577699,0.4688505245,6.855,0.21,864.45105329,16.818945503,152.98235077,0,0.0119325366,0,0.0110063769,0.0034429453,0,0.0016124237,0,0.0014872733,0.0004652394,0.0959314133,0.0334534171,0.0007547961,0.0304448549,0.1358913948,0.0008927965,0,0.0065993425,0,0.001186764,2.23257e-05,0,0.0006281948,0,0.0004454375,8.26336e-05,"2012-06-05",1.48
"MOHK","2012-08-03",0.3026902489,0.0887011523,0.0028910237,0.344827766,4.735,0.185,934.01960221,12.655004554,159.9620378,0,0.0139876877,0.0005205325,0.0107376885,0.0034156933,0,0.0017284328,6.43212e-05,0.0013268364,0.0004220709,0.0112401612,0.0030327514,0.0003770035,0.0158181927,0.3788603119,0.0026557265,0,0.0019908316,6.63414e-05,0.0010379494,0.0003656909,0,8.92605e-05,8.6931574e-07,5.7264943e-06,8.15876e-05,"2012-07-03",1.17
"MOHK","2012-09-06",0.2415115569,0.0727248626,0.0028453829,0.2898919862,4.16,0.16,984.8348442,49.805206426,223.16807023,0.0049133554,0.0175972452,0,0.0099174934,0.0031769428,0.0003952735,0.001415677,0,0.0007978503,0.0002555812,0.0110038345,0.0093560367,0.0001163433,0.0041979796,0.3302437153,0.0013901729,0.0059829984,0.0017282924,0,0.0011986558,1.28537e-05,0.0004330535,6.74402e-05,0,0.0001543083,1.74433e-05,"2012-09-02",1.1
"MOHK","2012-10-10",0.310245094,0.0967249179,0.0031137543,0.2126047342,5.225,0.195,829.1374071,39.29013195,205.64334159,0.0023541973,0.0104932947,0.0009377236,0.0093589371,0.0025886966,0.0001981181,0.0008830662,7.89144e-05,0.000787604,0.0002178525,0.0003017429,0.0086635757,0.00022167,0.001087072,0.1661915865,0.0057015005,0.0018095981,0.0043908223,5.79922e-05,0.0002394095,9.59667e-05,0.0001168348,0.0004456079,1.2686e-05,0.0001044238,1.46911e-05,"2012-09-09",1.1
"MOHK","2012-11-05",0.1991438669,0.078878247,0.0031359624,0.2104847686,3.55,0.135,621.83063839,28.176942243,160.29521724,0.0033465914,0.0290314975,0.0009857309,0.0091893583,0.0019253607,0.0002928216,0.002540211,8.62499e-05,0.0008040546,0.0001684661,0.0079574313,0.0165109817,0.0001956569,0.0157624992,0.1285879425,0.0029143374,0,0.0225171367,0.0001635725,0.0006695279,0.0001727852,0,0.002340792,2.8679303e-07,0.0001850861,7.952027e-06,"2012-10-24",1.12
"MOHK","2012-12-05",0.1773508286,0.0577528804,0.0033657821,0.2448774154,2.98,0.17,482.79314133,21.033576977,128.11145001,0.023104906,0.0261459055,0.0031907133,0.0090252287,0.0016680172,0.0015657655,0.0017718469,0.0002162272,0.0006116187,0.0001130376,0.0114928104,0.0084114711,0.00086297,0.0422084801,0.0834522147,0.0057127029,0.0042973603,0.0001879724,0.0006592094,2.81912e-05,6.37657e-05,1.16703e-05,0.0002362185,1.22222e-05,0.0001091929,2.54377e-05,"2012-11-29",1.55
"MOHK","2013-01-03",0.202314577,0.0531763658,0.0040199192,0.3797151155,2.69,0.17,488.54188521,15.350209961,117.24776935,0.0062869502,0.0239811605,0,0.0097666384,0.0022178082,0.0003485054,0.001329351,0,0.0005413954,0.0001229401,0.0021526646,0.0053999172,0.0001994643,0.0021345516,0.1187161641,0.0083472523,0.0023239474,0.017937335,0,0.0017482256,0.0001025663,0.0001020956,0.0008882948,0,0.0001704026,9.9546599e-06,"2012-12-19",1.42
"MOHK","2013-02-11",0.1719061441,0.0507458394,0.0040271732,0.3933707238,2.145,0.135,523.70687791,11.993809141,115.50621554,0.0046749117,0.007401292,0,0.0107784422,0.0025271736,0.0002428693,0.0003845092,0,0.0005599576,0.0001312908,0.0067808086,0.0040601856,0.0005120728,0.021735131,0.0095740976,0.0044659979,0.0052159473,0.0002613861,0,2.64247e-05,0.0001228542,0.0002767676,1.78599e-05,0,7.2721324e-06,8.0021421e-06,"2013-01-07",1.38
"MOHK","2013-03-05",0.2872791353,0.1087715234,0.0093441067,0.5353876901,3.06,0.165,768.13764,10.934469716,134.69676321,0.0039550626,0.0018470788,0,0.0112130808,0.0026771602,0.0003010089,0.0001405761,0,0.0008533967,0.0002037513,0.0046271669,0.0033324822,0.0026233296,0.0690861899,0.2240363611,0.0141581749,0.0058600368,0.0008844088,0,4.73988e-05,0.0003114339,0.0004284729,6.30374e-05,0,1.81723e-05,1.98575e-05,"2013-02-21",1.35
"MOHK","2013-04-04",0.2090977786,0.0715169064,0.0033743667,0.4270753007,2.62,0.125,752.72927989,13.192543847,138.9085344,0.0026680903,0.021708186,0.0001979727,0.0115752697,0.0025553067,0.0002370498,0.0019286904,1.75891e-05,0.001028419,0.0002270294,0.0105990836,0.0070715423,0.0008216734,0.0163945729,0.0229171643,0.0012709477,0,0.0008582594,3.30861e-05,0.0007336267,7.84793e-05,7.0533538e-06,1.0690155e-06,2.1159294e-06,2.7885e-05,9.6441681e-07,"2013-03-09",1.49
"MOHK","2013-05-01",0.1183751821,0.0339600295,0.0021305662,0.4007373035,1.85,0.115,870.52103548,13.632049904,155.05270085,0.0061871883,0.0050624983,0,0.0109823146,0.0029157292,0.0003211976,0.0002628112,0,0.0005701286,0.0001513652,0.0015134978,0.0008063664,0.0002175911,0.0226272365,0.0677855584,0.0046589239,0.0024960916,0.0017862308,0,0.0001682151,0.0001152181,0.0001381977,9.81995e-05,0,3.27219e-05,1.31416e-05,"2013-04-08",1.46
"MOHK","2013-06-04",0.1467275579,0.0468952898,0.0027574698,0.3423448849,2.395,0.15,1007.1790784,13.79618466,172.01155276,0.0049133554,0.0237731663,0,0.010410408,0.0031788468,0.0001969291,0.0009528374,0,0.0004172531,0.0001274094,0.0097250266,0.0046235466,0.0005914101,0.0285729816,0.1155525891,0.0134968271,0,0.0001157449,0,0.0006283479,0.0003863429,5.8581243e-06,5.29265e-05,0,4.3234672e-06,7.028012e-06,"2013-05-27",1.6
"MOHK","2013-07-01",0.1765877316,0.0514204353,0.0017996076,0.3738225363,3.155,0.255,815.98079788,41.463023081,191.12616549,0,0.0032869323,0,0.0102629211,0.0028990939,0,0.0001614644,0,0.0005041468,0.0001424126,0.0048708768,0.0032660012,8.37096e-05,0.0260137772,0.1572164315,0.0039553793,0,2.88139e-05,0,0.0012210295,0.0001857225,0,1.44217e-05,0,1.82384e-05,3.0293246e-06,"2013-06-19",1.27
"MOHK","2013-08-06",0.4269943103,0.1428871193,0.006981913,0.3902163167,6.38,0.515,783.31958853,81.475330095,221.63377285,0,0.0026307194,0,0.0104010673,0.00282495,0,0.000235439,0,0.0009308544,0.0002528219,0.0528177457,0.030886389,0.0003121664,0.0563118833,0.1401774586,0.0007520689,0,0.0015205308,0,0.0007252529,3.42985e-05,0,0.000156563,0,2.37554e-05,2.20936e-05,"2013-07-15",1.31
"MOHK","2013-09-03",0.4081286349,0.1177245492,0.003724773,0.2330685547,7.83,0.355,772.01106779,43.697747971,191.8387052,0,0.0043443557,0,0.0096951826,0.0026364085,0,0.0005643314,0,0.0012594033,0.0003424692,0.0193378446,0.0111328786,0.000547072,0.0121724979,0.3624340423,0.0090423174,0,0.0018888436,0,0.0002918527,1.07644e-05,0,0.0001559353,0,0.0002300879,5.42939e-05,"2013-08-09",1.03
"MOHK","2013-09-30",0.2073987477,0.0581051797,0.0024233043,0.3501250421,2.58,0.375,721.19435945,32.330229095,165.73667075,0,0.0049346716,0,0.0099743462,0.0026134985,0,0.0004628434,0,0.0009355354,0.0002451309,0.0113074211,0.0023300241,0.0009301193,0.0263231548,0.1198667604,0.0140975908,0,0.0012397494,0,0.0002773155,6.78655e-05,0,6.79461e-05,0,7.4484e-05,2.15112e-05,"2013-09-25",1.33
"MOHK","2013-11-05",0.2991866087,0.087666881,0.0029613229,0.0705209219,6.15,0.385,647.83913101,56.678096047,179.32525423,0,0.0056562203,0.002802757,0.0084761105,0.0023462862,0,0.0004065446,0.00020145,0.0006092262,0.0001686409,0.0367844279,0.0117455031,0.0003377189,0.0005927528,0.1611345889,0.0031197439,0,0.0010249384,0.0001065706,0.0003994507,0.0001902622,0,4.21641e-05,2.43096e-05,8.19248e-05,3.2759431e-06,"2013-10-28",1.13
"MOHK","2013-12-03",0.2880758276,0.0815039129,0.0025101765,0.1681490511,5.39,0.33,548.67066782,31.328072052,141.05915862,0,0.0182196811,0,0.0076955399,0.0019883561,0,0.0015404369,0,0.0006506422,0.0001681115,0.0102059158,0.0084395191,0.0002829094,0.0143188793,0.009351488,0.0096105644,0,0.0025840005,0,0.0003748263,0.0001484956,0,0.0003050529,0,4.7475e-05,3.24402e-05,"2013-11-15",1.14
"MOHK","2014-01-03",0.2271357926,0.0645827184,0.0018206178,0.1720202918,4.415,0.33,549.51500613,18.831776119,123.20946121,0,0.0019375824,0,0.008865564,0.0020555788,0,0.0001408922,0,0.0006446637,0.0001494724,0.0312016776,0.0088350978,0.0003458511,0.0012309214,0.047744984,0.0145377501,0,0.000174096,0,0.0008023467,0.0001381224,0,8.3037016e-06,0,4.28431e-05,6.5103912e-06,"2013-12-08",1.06
"MOHK","2014-02-03",0.3468978342,0.0975830726,0.0052611781,0.3001425507,5.28,0.28,542.17156623,12.574482551,109.88820963,0.0025820228,0.0434920467,0,0.0090716006,0.0022009628,0.0002064353,0.0034772331,0,0.0007252836,0.0001759692,0.0024262261,0.0064685898,0.0005036751,0.030263682,0.4946366202,0.0267292802,0.0018257659,0.0118775526,0,0.0001257419,0.0001924153,0.0001373457,0.0011362177,0,6.14121e-05,9.8794744e-07,"2014-01-30",1.07
"MOHK","2014-03-12",0.0639251622,0.0183128391,0.0007459614,0.121714489,1.865,0.17,653.49246246,20.594139907,154.89724732,0.0060309068,0.0221735702,0,0.008296667,0.0025302488,0.0003113627,0.0011447737,0,0.000428339,0.0001306313,0.01535079,0.0054996195,0.0004070206,0.0039072506,0.3381682143,0.0044447706,0.0015296957,0.0007803646,0,0.0001447065,0.0001368419,9.81898e-05,2.29996e-05,0,3.18174e-05,6.0680213e-08,"2014-03-01",2.51
"MOHK","2014-04-03",0.0846869564,0.0321006551,0.0024800028,0.1250522736,2.045,0.21,836.85870401,26.364321071,198.43791524,0.0036383049,0.0198483783,0,0.0070803658,0.0020180427,8.93757e-05,0.0004875796,0,0.0001739307,4.95736e-05,0.0174964256,0.0056001217,0.0008471095,0.0037982608,0.4015429025,0.0016644158,0,0.0076069843,0,0.0001606178,0.0001691491,0,0.0002949105,0,3.79135e-05,1.5286e-05,"2014-03-17",1.49
"MOHK","2014-05-01",0.1767563744,0.0670412349,0.0051893772,0.2168269381,3.325,0.305,887.66612912,23.124784635,214.93183014,0,0.0114490857,0,0.0083296744,0.0020186128,0,0.000543211,0,0.0003952081,9.57747e-05,0.010846277,0.0028172341,0.001436414,0.0116291328,0.1828443176,0.0075452624,0,0.0014160694,0,0.0005251073,2.96689e-05,0,0.0001369386,0,1.26653e-05,1.04363e-05,"2014-04-26",1.53
"MOHK","2014-06-02",0.328358812,0.0980834738,0.0026458893,0.4272772946,4.28,0.33,1025.6693798,20.848265518,204.43800195,0,0.0043410122,0.0003141693,0.0101969538,0.0030053775,0,0.0003541415,2.56301e-05,0.0008318715,0.0002451799,0.0019684741,0.0079872901,0.000192467,0.0114108529,0.4806762698,0.0006835852,0,0.0013686069,3.19785e-05,0.000390063,7.28361e-05,0,0.0001313463,9.7094682e-07,2.37178e-05,9.294458e-06,"2014-05-10",1.42
"MOHK","2014-07-02",0.2149074369,0.0745012362,0.0019967101,0.2978368548,4.065,0.435,937.82457458,9.2667063662,153.11004024,0,0.0136474393,0.0001255464,0.0106809242,0.0029231491,0,0.0011703034,1.07659e-05,0.000915917,0.0002506676,0.0105532628,0.0117785,0.0005145752,0.0277338976,0.3101326831,0.005164159,0,0.0002435934,2.12909e-05,0.0001828886,2.16668e-05,0,1.15329e-05,1.98124e-06,4.55976e-05,7.2750538e-06,"2014-06-27",1.22
"MOHK","2014-08-01",0.3469770035,0.1358500461,0.0039394076,0.2025332309,7.145,1.125,953.91024995,15.943891045,174.23165965,0,0.0048506121,5.78491e-05,0.0091526447,0.0021448016,0,0.0004953579,5.9077134e-06,0.0009346933,0.000219033,0.0042904113,0.0052996046,0.0003089213,0.0052372223,0.2626280841,0.024743129,0,0.0003346256,2.02133e-05,0.0004411034,2.72846e-05,0,6.00773e-05,2.2575186e-06,2.9067724e-06,1.42534e-05,"2014-07-25",1.04
"MOHK","2014-09-02",0.3175546401,0.1193987034,0.0029705999,0.1349771331,7.17,0.925,877.59084904,19.684256235,164.65403549,0.0081988833,0.0082834629,0,0.0081793182,0.001825102,0.0010449268,0.0010557063,0,0.0010424333,0.0002326046,0.0106795815,0.0134374782,9.58662e-05,0.0197369112,0.0186234992,0.0045800501,0,0.003265007,0,0.000453125,0.0001092804,3.64702e-05,0.000442924,0,2.01826e-05,2.26708e-05,"2014-08-29",1
"MOHK","2014-10-09",0.4348523209,0.1705838708,0.0042511804,0.039059286,10.41,1.94,701.51682067,34.160308518,151.88020573,0.0045149753,0.0020570352,0.0007558977,0.0066601929,0.0015097968,0.000647776,0.0002951286,0.0001084507,0.0009555564,0.0002166147,0.0012774164,0.0084911925,1.51811e-05,0.0028825858,0.3016722407,0.0574450496,0.0016628739,0.0003513102,1.68315e-05,0.0001866309,0.0001314963,0.0002477177,5.87916e-05,5.1439411e-06,2.0983678e-06,1.25535e-05,"2014-09-19",1.12
"MOHK","2014-11-04",0.4027552057,0.1255986123,0.0045694812,0.10169648,10.21,1.895,569.37041275,57.15647373,151.65112341,0.0064251571,0.0123224477,0.0019385292,0.0057250022,0.0015977121,0.0009441473,0.001810727,0.0002848579,0.0008412627,0.0002347764,0.0405304332,0.0172937931,1.41254e-05,0.0090332983,0.6365669042,0.0730532009,0,0.0025572458,0.0001585902,9.65588e-05,0.0001462995,8.46201e-05,0.0002206089,3.2249346e-07,8.94522e-05,1.7001306e-07,"2014-10-22",1.33
"MOHK","2014-12-01",0.3708841703,0.1466735294,0.0060336463,0.057420692,9.005,1.39,557.09762211,56.062566749,150.6952029,0,0.0111458833,0.00044807,0.0058528119,0.0016176615,0,0.0015143216,6.08765e-05,0.000795185,0.0002197816,0.025640828,0.0157721115,0.0006130103,0.0018243796,0.0332023472,0.0502782004,0,0.0078804305,7.26789e-05,0.0001118734,0.000343076,0,0.0008990133,5.3843153e-06,7.55899e-05,2.43041e-05,"2014-11-20",1.19
"MOHK","2015-01-07",0.5240965439,0.1954545458,0.0083697875,0.15322217,9.445,1.18,511.302751,18.616519202,112.28506571,0,0.0215378748,4.46088e-05,0.0068738178,0.0014066165,0,0.0036592521,7.5789618e-06,0.0011678512,0.000238982,0.0585788337,0.0134736044,0.0028096922,0.0038973935,1.2313223804,0.01680789,0,0.010735262,2.04689e-05,0.0001001159,0.0002278011,0,0.00184865,3.3552553e-06,3.36524e-05,3.5212e-05,"2014-12-12",1.7
"MOHK","2015-02-06",0.4763714759,0.1967127664,0.0081527407,0.159428268,9.065,0.78,534.25910454,15.313018445,108.53634265,0.003177006,0.0171252656,0.0005926981,0.0082060524,0.0014296279,0.0006229568,0.0033579732,0.000116218,0.0016090672,0.0002803257,0.0680294884,0.0231399991,0.0006706413,0.0031017627,0.5337425548,0.0342493422,0.0047298537,0.0119918347,0.0001100141,0.0004755651,4.99259e-05,0.0009644951,0.0024780671,2.44743e-05,5.56063e-05,1.66129e-05,"2015-02-06",1.07
"MOHK","2015-03-09",0.3988108645,0.1593384222,0.0061242693,0.2284198051,6.615,0.64,603.75867013,23.978566738,133.98171336,0.0199690067,0.0364286467,0.0008720156,0.0085385374,0.0015324253,0.0035418988,0.0064613419,0.0001546692,0.0015144787,0.000271806,0.0321222934,0.0057330748,0.0015928479,0.0074727727,0.1041899117,0.0260566802,0.0026866188,0.0045403556,4.50333e-05,0.0007803578,3.11806e-05,0.0002663166,0.0013082673,2.01309e-05,1.46533e-05,1.59754e-05,"2015-02-10",2.19
"MOHK","2015-04-08",0.3554868168,0.1056199065,0.004019702,0.0909728475,7.57,0.57,718.16239577,38.420125016,166.694881,0,0.0082471569,0,0.0077276591,0.0018888636,0,0.0010774387,0,0.0010095696,0.000246768,0.0452929198,0.0177671716,0.0012592058,0.0052927436,0.5585877063,0.0300363267,0,0.0021217076,0,0.0005148849,0.0001035217,0,0.000185454,0,4.116968e-06,3.7112022e-06,"2015-04-02",1.45
"MOHK","2015-05-07",0.5323835048,0.2204000699,0.0153573745,0.2669784292,8.4,0.55,781.96755511,31.961397228,162.62273729,0.0069196792,0.0254339322,0.0003954045,0.0080208949,0.0019105458,0.0010797234,0.0039686252,6.16976e-05,0.0012515534,0.0002981151,0.0253259799,0.0106542035,0.0030294712,0.0122304722,0.4149487991,0.0141945211,0.0048929521,0.0018209189,0.0001031898,0.0013065521,6.96203e-05,0.0006592538,0.0002937255,9.9182716e-06,0.000311077,2.33896e-05,"2015-04-15",1.3
"MOHK","2015-06-02",0.7611637317,0.2605019633,0.0123338569,0.4107743069,8.64,0.58,842.98468556,10.621989875,134.99180238,0,0.0032635722,0,0.0107384879,0.0022641536,0,0.0007829069,0,0.0025760842,0.0005431538,0.0105413443,0.0034759788,0.0016296279,0.0034054254,0.0764550157,0.0149464528,0,7.02446e-05,0,0.00077242,3.37153e-05,0,3.31307e-05,0,0.00013554,1.70014e-05,"2015-05-19",1.19
"MOHK","2015-07-02",0.7625678415,0.2718008153,0.0103883097,0.4331635416,8.55,0.595,682.70013041,8.7887748053,112.71523553,0,0.0096132936,0.0001916243,0.0118557351,0.0023104504,0,0.0025582071,5.09934e-05,0.0031549464,0.0006148372,0.1382226202,0.03857177,0.0024568912,0.0309604358,0.2688454249,0.030925803,0,0.0012010718,6.80854e-05,0.000586017,0.0001511858,0,0.0004980631,1.52595e-05,0.0003676204,8.03436e-05,"2015-06-29",1.02
"MOHK","2015-08-06",0.7590430604,0.2332563252,0.0071211626,0.4096497036,9.355,0.565,705.47648797,16.208971693,127.78975054,0,0.0096156094,0.0006633034,0.0116984168,0.0025001591,0,0.0024234945,0.0001671774,0.0029484402,0.000630134,0.0263533456,0.0099738914,0.0015344861,0.0053546345,0.0932209871,0.0267024082,0,0.0027608452,5.99676e-05,0.0002957099,3.10136e-05,0,0.0009449824,3.0887e-05,0.0003817769,4.71031e-05,"2015-08-05",1.03
"MOHK","2015-09-02",0.4546218436,0.1836841118,0.0055767411,0.2083992202,7.475,0.395,694.25127829,54.671830821,174.94176528,0.0106548916,0.0323940034,0,0.0104539734,0.0022932392,0.0022107214,0.006721243,0,0.002169034,0.0004758108,0.0130073813,0.0015747872,0.002156367,0.02363233,0.3282492529,0.0152720446,0,0.0071287243,0,0.0002275806,0.0002526706,8.37679e-05,0.001782033,0,0.0001128125,6.94935e-05,"2015-08-14",1.1
"MOHK","2015-10-02",0.304114264,0.1029337493,0.0022172656,0.0509286224,5.87,0.375,669.18772537,160.59897065,255.97592091,0,0.0227888075,0,0.0075700854,0.0019181923,0,0.003177522,0,0.0010555231,0.0002674602,0.0173919229,0.0030653943,0.0003028854,0.0049578325,0.022092179,0.0217281478,0,0.0020098115,0,0.0001560778,0.0001423359,0,0.0002363019,0,3.3780209e-06,2.67887e-05,"2015-10-01",1.01
"MOHK","2015-11-09",0.1152794761,0.0459643697,0.0017651105,0.0235418969,2.86,0.25,582.27537894,158.46781652,234.36172267,0.023038651,0.0190588696,0,0.0051299551,0.0018083234,0.0016279666,0.0013467456,0,0.000362495,0.0001277805,0.0330639359,0.0109323556,0.0005885438,0.0058731871,0.5292625271,0.0167981188,0.0095054806,0.003011281,0,0.0001696499,0.0001518517,0.0005312283,0.0003236427,0,1.82825e-05,2.28043e-05,"2015-10-19",1.29
"MOHK","2015-12-02",0.110158235,0.0384838773,0.0015242658,0.0069149169,3.015,0.295,542.03941643,123.04869786,205.1613608,0,0.0104753232,0,0.0042348402,0.0015985604,0,0.000441152,0,0.0001783437,6.73209e-05,0.0090132613,0.0082670952,0.000405506,0.0013952566,0.034675745,0.0137832938,0,0.002423741,0,0.0007045581,2.22994e-05,0,7.39266e-05,0,4.84653e-05,7.8828174e-06,"2015-11-16",1.2
"MOHK","2016-01-09",0.0228798959,0.0069134478,0.0005265697,0.1855724889,0.45,0.08,511.7154195,38.618440765,134.5609245,0.0083803613,0.0469659064,0,0.0067224454,0.0015405898,0.00015411,0.000863676,0,0.0001236219,2.83306e-05,0.0022786433,0.0005743116,0.0001285881,0.0091593969,0.0122176761,0.0045155634,0.0041522715,0.0046896836,0,0.0006062282,0.0001805143,6.42392e-05,0.0001627662,0,2.7612337e-06,3.9259355e-07,"2016-01-07",1.89
"MOHK","2016-02-07",0.0071856597,0.0028002739,0.0001862758,0.1740386122,0.125,0.04,533.94026746,19.335958056,110.01208894,0.0176146767,0.0687041932,0,0.0098065281,0.0017713093,8.01683e-05,0.0003126881,0,4.46317e-05,8.0616248e-06,0.0010243859,0.0001685568,1.24604e-05,0.0414589686,0.011992685,0.0005557958,0.0169010025,0.0332224208,0,1.12967e-05,6.42883e-05,6.76772e-05,0.0001322978,0,9.8112934e-07,1.0221374e-07,"2016-01-24",1.74
"MOHK","2016-03-10",0.003911945,0.001057649,5.88119e-05,0.0935657497,0.095,0.02,609.21478259,37.067008882,154.0216828,0.011146092,0.0203765544,0,0.0085860202,0.0017455098,1.99487e-05,3.6469e-05,0,1.53668e-05,3.1240286e-06,0.0012380095,0.0003921914,2.46382e-05,0.0550919145,0.006503076,0.0015809309,0.0074350563,0.00202819,0,0.0001568773,0.0002948904,5.3697047e-06,2.3812973e-06,0,2.9897077e-06,1.0437648e-06,"2016-03-08",1.77
"MOHK","2016-04-07",0.0044567377,0.0015613051,0.0001109565,0.1231923768,0.095,0.02,718.14383883,100.47697122,225.67066895,0.0209923809,0.025893744,0,0.0074390345,0.002169136,2.71467e-05,3.34851e-05,0,9.6199475e-06,2.8050649e-06,0.0014228243,0.0004743514,4.96389e-05,0.0477770173,0.0108168932,7.3467e-05,0.0056352257,0.0009433147,0,0.0003488189,0.0001327865,1.6825e-05,9.6404244e-06,0,3.3258683e-06,1.1019777e-06,"2016-03-13",1.7
"MOHK","2016-05-03",0.0099644904,0.0035501616,0.0002866778,0,0.22,0.03,775.67336314,56.709532286,237.3828121,0.0077181037,0.0110695178,0,0.0058782244,0.0018466667,1.86862e-05,2.68003e-05,0,1.42317e-05,4.4709489e-06,8.89038e-05,8.99779e-05,3.29059e-05,0,0.0317133467,0.0012331497,0,0.0031245789,0,0.0006898462,4.13606e-05,2.0889846e-06,7.3776884e-06,0,2.9065037e-06,5.8411901e-07,"2016-04-25",1.45
"MOHK","2016-06-01",0.0166390638,0.0056862978,0.0002810384,0.043445064,0.94,0.315,841.31345897,96.932905052,270.91098546,0.004061484,0.0110937765,0,0.0042246956,0.0019916805,1.84175e-05,5.03068e-05,0,1.91577e-05,9.0316396e-06,0.0028591043,0.0010744311,1.14889e-05,0.0027317967,0.1259231214,0.019080855,0.0028719029,0.0029908096,0,0.0002641112,5.07733e-05,1.06179e-05,5.0697202e-06,0,3.1931104e-06,7.4331993e-07,"2016-05-21",1.14
"MOHK","2016-07-07",0.1857580229,0.0592765066,0.0022959885,0.0291141081,4.49,1.29,783.69689599,28.832241748,194.10850736,0,0.0033907787,0,0.0048048387,0.0018691312,0,7.75173e-05,0,0.0001098445,4.27306e-05,0.0190869737,0.0033927456,0.0002411756,0.0024707978,0.2451063872,0.0069723026,0,0.000152612,0,0.0003676837,5.46958e-05,0,1.49911e-05,0,1.96762e-05,3.4974929e-06,"2016-06-16",1.12
"MOHK","2016-08-02",0.155520203,0.0514454765,0.0016251494,0.0482477087,4.775,1.535,792.23069241,80.051083477,252.15213389,0,0.0057876804,0,0.0051988229,0.0020687554,0,0.0003198767,0,0.0002873314,0.0001143371,0.0052041143,0.0033111227,0.0002369183,0.000218852,0.2491339313,0.0295715233,0,0.0009941387,0,0.0003770379,2.97616e-05,0,7.78892e-05,0,3.87087e-05,5.2323852e-06,"2016-07-12",1.15
"MOHK","2016-09-01",0.1417520564,0.0504057434,0.0023778827,0.0038732144,5.38,1.12,775.56194355,87.0139013,255.97212543,0,0.0122082921,0,0.0047590558,0.0019509866,0,0.0006216931,0,0.0002423494,9.93517e-05,0.0258618447,0.0095902372,0.0002770708,0.000282563,0.3926340552,0.0434028453,0,0.004380288,0,0.0005879543,5.00405e-05,0,0.0002912684,0,2.3944016e-06,1.6181e-05,"2016-09-01",1.02
"MOHK","2016-10-06",0.2098100851,0.0804006655,0.0038992957,0.0060263853,6.325,1,701.63603062,51.742947755,208.44973615,0,0.0184959678,0,0.0040627451,0.0016098718,0,0.001188187,0,0.0002609921,0.0001034187,0.0159726675,0.0024824666,0.0006681467,0.0006593457,0.103194904,0.056031669,0,0.0061676998,0,0.0004868746,0.0001141897,0,0.0002985731,0,1.08948e-05,8.5881171e-07,"2016-10-03",1.38
"MOHK","2016-11-01",0.4142577072,0.1240644736,0.0077915836,0.0465052384,9.385,1.4,620.02582579,33.299299493,168.17607325,0,0.0200880569,0.0001575925,0.0046448752,0.0017287638,0,0.0020220463,1.58631e-05,0.0004675491,0.0001740159,0.0417589452,0.014644873,0.0001825039,0.0002234382,0.9357614783,0.0733098484,0,0.0003580139,1.3685018e-06,0.0005600366,1.9723681e-06,0,7.23923e-05,5.9788328e-07,7.86326e-05,8.9228003e-06,"2016-10-18",1.13
"MOHK","2016-12-08",0.6221138852,0.2221811452,0.012131201,0.2666213729,10.25,1.13,556.07102362,18.982694435,145.43939906,0.0023516588,0.0213966442,0.0008353376,0.0076276906,0.0018439227,0.0003959846,0.0036028791,0.0001406585,0.0012843905,0.0003104894,0.0504384622,0.0240992134,0.0001357979,0.0033103181,0.4562132561,0.0262288303,0.0016628739,0.0183177517,0.0002149659,4.41995e-05,0.0001574215,0.0003087393,0.0028345379,5.06368e-05,0.0001494877,6.5743145e-06,"2016-11-17",1.6
"MOHK","2017-01-04",0.8721935219,0.2218789394,0.0170973075,0.3266189827,12.19,1.35,507.28478547,12.161277066,120.41795252,0,0.0133548236,0.000458714,0.0102406726,0.0021749704,0,0.0029651716,0.0001018483,0.0022737366,0.0004829087,0.0557883103,0.0154687993,0.0030018142,0.0054423885,0.3317596111,0.0282002012,0,0.0071885654,4.28209e-05,1.83718e-05,1.46954e-05,0,0.0016057579,7.6464711e-06,3.92812e-05,4.1070882e-06,"2016-12-24",1.55
"MOHK","2017-02-01",0.2474185961,0.0722118936,0.0046139089,0.1850955027,5.15,0.6,527.7747832,9.8052393046,118.12477092,0.0312667406,0.0628240367,0.0002752079,0.0093170063,0.002475843,0.0041688085,0.0083763568,3.66936e-05,0.0012422406,0.0003301053,0.000593122,0.0101286037,0.0001705765,0.0008568049,0.0428543663,0.0265422342,0.0102395403,0.0201575789,6.27776e-05,0.0004224272,9.61999e-05,0.0013652347,0.0026760104,7.762055e-06,6.82597e-05,8.7397319e-06,"2017-01-21",1.65
"MOHK","2017-03-07",0.1939196559,0.0777729606,0.0052156812,0.2750109042,3.47,0.38,591.66110316,28.478947726,149.52269789,0.0073916008,0.0293710413,0,0.0088169604,0.0019341089,0.00055406,0.002201596,0,0.0006609022,0.000144977,0.0023580324,0.0024398782,0.0012478951,0.0038554545,0.2491379818,0.0160091737,0.0059829984,0.0050861438,0,0.0005581009,0.0001230531,0.0004239786,0.0001896051,0,9.74459e-05,3.2143264e-06,"2017-02-18",2.06
"MOHK","2017-04-11",0.2572839225,0.0836168383,0.0071733557,0.208800645,4.665,0.425,721.88643299,49.137120331,215.35733805,0.0030103004,0.0142193771,0.0004737877,0.0090412313,0.002132922,0.0002428097,0.0011469295,3.82155e-05,0.0007292623,0.0001720407,0.0646218248,0.0265145178,0.0006124559,0.0373581926,0.4418949816,0.0132888601,0.0021286039,0.0013648081,2.76799e-05,7.57465e-05,5.0154631e-06,0.0002011551,2.49974e-05,4.1868264e-06,0.0001263087,3.26032e-05,"2017-03-30",1.74
"MOHK","2017-05-03",0.5639519031,0.1473871833,0.0160679347,0.4404398346,7.47,0.515,777.82211571,38.191668321,225.95611676,0,0.0107489698,0.0002022597,0.0099595549,0.0031788355,0,0.0012093218,2.27554e-05,0.0011205081,0.0003576375,0.0038588522,0.0012087371,0.0031428255,0.0153245322,0.1952420337,0.0234465703,0,0.0048058848,4.4235e-05,0.0007862377,4.43807e-05,0,0.000760988,8.9807442e-06,0.0002500188,4.58632e-05,"2017-04-27",1.47
"MOHK","2017-06-01",0.5912878913,0.214596966,0.0135168795,0.4216995025,8.03,0.435,841.31345897,24.607024412,203.60054606,0.0030003923,0.0069492301,0,0.0113295379,0.0030826487,0.0005367485,0.0012431672,0,0.0020267726,0.0005514636,0.0501485392,0.0415112867,0.0009209208,0.0112126768,0.4660050595,0.0063554233,0,0.000751897,0,0.0012096922,0.0002820806,0,4.38487e-05,0,0.0004205896,3.05391e-06,"2017-05-06",1.38
"MOHK","2017-07-07",0.5178970111,0.1731205679,0.0068767977,0.4155149444,6.68,0.315,783.69689599,15.950185984,175.58731677,0.0024169827,0.0114890302,0,0.0112807374,0.002586781,0.0004667605,0.0022187271,0,0.0021785022,0.0004995514,0.1030322368,0.0388946751,7.0727198e-06,0.0053383603,1.032006352,0.0140136669,0.0105868911,0.0014071026,0,0.0014741027,0.0001651055,0.0021638114,0.0003651982,0,0.0003571681,4.80951e-05,"2017-06-12",1.29
"MOHK","2017-08-01",0.8111687104,0.2669878476,0.0088265016,0.4894936809,8.245,0.37,792.95504769,17.634932237,183.60954455,0,0.0096094372,0,0.0116236889,0.0028728289,0,0.0020821347,0,0.0025185748,0.0006224732,0.0862295809,0.0197991539,0.0015436735,0.0102000352,0.7094780975,0.0036473482,0,0.0018142021,0,0.0014603843,0.0001076378,0,0.0006329291,0,8.34326e-05,7.4768e-05,"2017-08-01",1.25
"MOHK","2017-09-07",0.764981747,0.2289633455,0.0068321476,0.362879088,10.29,0.405,768.71825381,31.624049427,207.99618606,0.0023516588,0.015979036,0,0.0114081942,0.0029361659,0.0005820096,0.0039546347,0,0.0028234019,0.0007266686,0.0046588803,0.0201833984,0.0006586849,0.0068201722,0.0106180248,0.014979856,0.0016628739,0.0012076483,0,0.0005433249,0.0003360275,0.0004264241,0.000606807,0,0.0003675381,2.19278e-05,"2017-08-30",1.01
"MOHK","2017-10-03",0.5192992917,0.1769512484,0.0082723559,0.2274557275,7.915,0.315,700.3857821,37.886778682,204.35473496,0.0033465914,0.0154150117,8.00754e-05,0.0099719024,0.0025169137,0.0006754815,0.003111391,1.61625e-05,0.002012745,0.0005080179,0.145826272,0.0510046378,0.0032971505,0.0016071804,1.3503631568,0.0164267852,0.0025920952,0.0044044734,2.61915e-05,0.0021726559,0.0001944295,0.000602879,0.0005813513,3.876843e-06,0.0005919376,7.82859e-05,"2017-09-21",1.41
"MOHK","2017-11-03",0.4379116644,0.1173393003,0.0063658952,0.0978693312,7.16,0.345,621.78553054,27.632193546,165.54650729,0.0028068186,0.0213927164,0.0005965748,0.0080050853,0.0020909078,0.0004072982,0.0031043025,8.65691e-05,0.00116162,0.0003034122,0.0377900524,0.0097830962,0.0019977293,0.002660231,0.7109463374,0.0148201626,0.0019847205,0.0041711212,6.55367e-05,9.91098e-05,0.0001420044,0.0003263369,0.0002970231,2.20832e-05,0.0001141908,1.03985e-05,"2017-10-20",1.56
"MOHK","2017-12-07",0.3578043514,0.1125935827,0.0053082213,0.242342981,5.415,0.365,554.33933306,28.743901714,160.62054492,0,0.0091680868,0.0015502004,0.0082604225,0.0021437755,0,0.0010538726,0.0001781957,0.0009495365,0.0002464272,0.0085640737,0.0066288828,0.0015569418,0.0083705652,0.0593583992,0.0201205653,0,0.0003365504,0.0002728698,0.0003547502,7.70055e-05,0,2.3689e-05,3.54124e-05,2.93341e-05,1.28965e-05,"2017-11-27",1.12
"MOHK","2018-01-24",0.3064612984,0.090472606,0.0052710022,0.4046764219,3.825,0.255,514.11951421,20.001070698,134.55954001,0.0029812676,0.0414544904,0,0.0104207707,0.0021896806,0.0003014962,0.0041923006,0,0.0010538545,0.0002214428,0.025598139,0.0126702207,0.0018232399,0.0074125875,0.3700409226,0.0103981273,0,0.0031590961,0,6.30198e-05,0.0003212486,4.67248e-05,0.0006026259,0,0.0001016971,7.9819743e-06,"2018-01-10",1.42
"MOHK","2018-02-16",0.2558967661,0.0688802175,0.0026579912,0.3297073818,3.575,0.215,565.01746971,22.097921219,144.21982901,0.0067022035,0.0191922791,0.000293116,0.0108281944,0.002582116,0.0005307232,0.0015197669,2.32108e-05,0.0008574454,0.0002044684,0.0224291883,0.0150653693,0.0002229957,0.0394022023,0.1658548227,0.0016225324,0.0024608148,0.000829324,7.33836e-05,0.0002704602,0.0001472738,0.0002512012,0.0002852483,8.7007349e-06,0.0001712847,2.91186e-05,"2018-01-26",1.25
"MOHK","2018-03-07",0.3393883319,0.1218048675,0.0093550782,0.4278889565,4.42,0.295,601.8825366,24.467350655,164.73845784,0,0.0150407647,0,0.0108699361,0.0024179706,0,0.0013964133,0,0.0010091856,0.000224489,0.0006466462,0.0047570152,0.0016779852,0.0337225169,0.5485300216,0.0043006468,0,0.0016706393,0,8.04398e-05,0.0002244613,0,2.69804e-05,0,0.0001296416,5.6841228e-06,"2018-02-19",1.18
"MOHK","2018-04-03",0.4207514972,0.11207526,0.0116264851,0.4203502537,5.135,0.265,710.20365557,15.613166509,167.75223084,0,0.0072469602,0,0.0112266299,0.0028040492,0,0.0008469709,0,0.0013120851,0.0003277164,0.016962329,0.0110268427,0.0024419167,0.0014204734,0.1012944917,0.0048348581,0,0.0020881521,0,0.0005089665,6.0450509e-06,0,0.0002816907,0,0.0001079091,9.1882996e-06,"2018-03-15",1.27
"MOHK","2018-05-04",0.5508750304,0.1654466664,0.0089652682,0.5395981712,5.355,0.225,776.53398167,15.150342614,187.07022283,0.0023905797,0.0107458044,0,0.0117249177,0.0033883226,0.0003275885,0.0014725306,0,0.0016067015,0.0004643123,0.0986947573,0.0337251902,0.0007994264,0.0170918668,0.2081395845,0.006619058,0.0018257659,0.003292196,0,8.84297e-05,0.0002282827,0.0002615474,0.0004980006,0,9.61292e-05,5.72849e-05,"2018-04-12",1.39
"MOHK","2018-06-04",0.724438827,0.2586365077,0.0170962747,0.5896001303,6.555,0.24,834.13197847,14.098035524,184.44674947,0,0.0071741255,0,0.0122654796,0.0032497187,0,0.0014964042,0,0.0025583767,0.0006778377,0.1353535927,0.0486064651,0.0011465324,0.0295390744,0.2557067242,0.0028011449,0,0.0011173942,0,0.0003258438,6.03748e-05,0,1.60027e-05,0,0.0004161031,0.0001416062,"2018-05-11",1.21
"MOHK","2018-07-05",0.5602685091,0.1472290833,0.0069497819,0.6180942973,4.465,0.16,785.7529111,13.196941501,172.68507355,0,0.0085291155,0,0.0125014779,0.0033850078,0,0.0016864566,0,0.0024719094,0.0006693155,0.0220150003,0.0041031871,0.0004258824,0.0015805834,0.0057522075,0.0012373109,0,0.0029536152,0,2.55792e-05,7.14871e-05,0,0.0007957652,0,0.0002891227,8.2428e-05,"2018-06-10",1.33
"MOHK","2018-08-03",0.4834520217,0.1434526325,0.0078673801,0.5400749306,4.82,0.18,789.34240733,29.738233188,204.15458725,0,0.0066064076,4.56922e-05,0.0123239227,0.0038356878,0,0.0009601269,6.6405636e-06,0.0017910687,0.0005574508,0.0139408692,0.0135140924,0.0008711036,0.0150095846,0.2118066696,0.008895441,0,0.0008357324,2.4143138e-06,0.0006459317,0.0004222499,0,3.9007e-05,1.6262348e-08,2.85236e-05,2.23124e-05,"2018-07-24",1.24
"MOHK","2018-09-07",0.1997601545,0.0607746786,0.0037088635,0.0663029875,4.13,0.165,768.56689432,93.642572842,261.77416337,0.0047729738,0.0274211011,0,0.0088904442,0.0031625145,0.0004594844,0.0026397729,0,0.0008558647,0.0003044488,0.0045736558,0.0011709925,0.0008204376,0.0155171954,0.3521894589,0.0035793664,0.0016171069,0.0167567792,0,0.0005235442,0.0003091566,0.0001432928,0.0013613164,0,0.0001001467,1.03682e-05,"2018-08-31",1.12
"MOHK","2018-10-04",0.1554747909,0.041876811,0.0021117473,0.0743157879,3.43,0.145,698.45042608,55.000262874,221.43038348,0.0029645447,0.0128874556,0,0.0061450919,0.0022503872,0.0001504227,0.0006539168,0,0.0003118055,0.0001141859,0.0015793569,0.0022108546,0.0003094998,0.0041080035,0.1105691938,0.0092633997,0.0075341461,0.0012045512,0,9.82514e-05,0.0001100801,0.0003336142,4.26744e-05,0,9.6924951e-06,3.0616055e-06,"2018-09-16",1.11
"MOHK","2018-11-02",0.1185088324,0.0345240147,0.0014608062,0.1372698337,2.19,0.18,620.58150363,25.078269149,161.53261295,0.0032865579,0.0457013203,0,0.0074483805,0.0021317927,0.0001251593,0.001740406,0,0.0002836506,8.11833e-05,0.0103595479,0.00040271,0.0003647229,0.002854927,0.2491533607,0.0020196505,0.0048929521,0.0144625769,0,0.0003117556,0.0001960908,0.0001699064,0.0004615464,0,1.76411e-05,8.4872078e-06,"2018-10-07",1.22
"MOHK","2018-12-11",0.0384417816,0.0126817631,0.0006215173,0.0158691947,0.57,0.045,553.86582482,42.0675479,172.52777015,0.0195420526,0.0789768903,0,0.0064572505,0.0019930401,0.0004262073,0.0017224663,0,0.000140831,4.34677e-05,0.0094092557,0.0032358502,1.03147e-05,0.0132268388,0.0626927013,0.0022850511,0.0147029296,0.0176934263,0,0.0002870818,0.000314404,0.0003695056,0.0005665952,0,1.04139e-05,1.2655693e-06,"2018-11-30",1.67
"MOHK","2019-01-04",0.0291803224,0.0096309911,0.0003850531,0.0695469094,0.58,0.05,503.82758635,31.17023545,146.19105552,0.0104714345,0.0541563025,0,0.0057440053,0.0016237511,0.0001160916,0.0006004042,0,6.3681e-05,1.80017e-05,0.001536106,0.000693259,2.52079e-05,0.0116379852,0.0352988968,0.0005775327,0.004541708,0.0023558417,0,5.41122e-05,2.35185e-05,6.21408e-05,4.27556e-05,0,5.9903141e-06,1.7025571e-06,"2018-12-25",1.39
"MOHK","2019-02-07",0.0108089336,0.0031381787,0.0001896657,0.1053634425,0.23,0.03,532.42777319,20.962394067,132.00662872,0.067723091,0.0676530086,0,0.0065669711,0.0016928272,0.0003921308,0.000391725,0,3.80241e-05,9.8018214e-06,0.0002891862,0.0001194987,3.25396e-05,0.004194987,0.025201215,0.0018871273,0,0.0010632588,0,9.81695e-05,0.0003921316,9.9239816e-06,2.5803871e-06,0,4.723525e-07,1.7542921e-06,"2019-01-18",1.33
"MOHK","2019-03-04",0.0099830086,0.0025962599,0.0001425036,0.0519416662,0.21,0.04,595.38583025,66.184584127,184.74947414,0.0277258872,0.0352361888,0,0.0065006553,0.0021951946,7.9259e-05,0.0001007284,0,1.85832e-05,6.2753225e-06,0.0040380506,0.0010275052,4.89929e-05,0.0053710611,0.0299777375,0.0046905168,0.0196051629,0.0027371475,0,0.000955968,0.0001066757,3.5093e-05,2.00349e-05,0,6.5054976e-06,1.5046235e-06,"2019-02-14",1.14
"MOHK","2019-04-01",0.0061831286,0.0021757282,0.0001486528,0.2367889094,0.13,0.05,697.82521539,37.728707728,191.19822735,0.0089755153,0.0263504423,0,0.0077587418,0.0022050141,2.136e-05,6.27089e-05,0,1.84643e-05,5.2475029e-06,0.0023797644,0.0006999225,3.59659e-05,0.053085392,0.0119564962,0.0014102736,0.0072650694,0.0058864392,0,0.0002423147,0.0001474864,1.55026e-05,1.11141e-05,0,8.2504996e-07,8.8810991e-08,"2019-03-13",1.52
"MOHK","2019-05-03",0.0233395116,0.0074626259,0.0004375561,0.2927417429,0.375,0.05,773.28075998,35.42793474,202.06797156,0,0.0073877964,0,0.0094059556,0.0024534659,0,3.16894e-05,0,4.03461e-05,1.05239e-05,0.0030949329,0.0015661908,0.000118583,0.0262457107,0.0138613707,0.0029348863,0,0.0014223256,0,0.0011692294,0.0002542732,0,3.9297287e-06,0,1.55407e-05,1.6964453e-06,"2019-04-09",1.58
"MOHK","2019-06-04",0.3015005213,0.0933495458,0.0077178085,0.0241092115,9.71,3.27,835.26621222,55.746833915,238.41449649,0,0.0035979745,0,0.0073221206,0.0021445176,0,0.0001223138,0,0.0002489168,7.29033e-05,0.0110724849,0.0015917351,0.0010377743,0.0007082486,0.6482944947,0.2500410466,0,0.0010944708,0,0.0004325217,9.31605e-05,0,4.47053e-05,0,3.29292e-05,3.0515227e-06,"2019-05-21",1.23
"MOHK","2019-07-10",0.5580677815,0.1770476376,0.0050623376,0.0708552435,14.745,4.62,785.74060439,38.218920353,212.9451973,0,0.0023707543,2.90586e-05,0.0053658806,0.0020298832,0,0.0003100103,3.7998255e-06,0.0007016662,0.0002654365,0.0219457123,0.0005785674,9.7042606e-06,0.0021719177,0.4317518924,0.3321638791,0,0.0012917541,1.69339e-05,6.29247e-05,0.0001112022,0,0.0001522897,1.9586562e-06,3.831709e-06,1.45307e-05,"2019-06-13",0.78
"MOHK","2019-08-09",0.5997446257,0.2040773252,0.0083525262,0.0700328536,15.115,4.375,786.78091618,36.150484884,214.66875172,0,0.0052574681,0,0.0061808814,0.0019786164,0,0.0010001942,0,0.0011758667,0.000376417,0.027639339,0.0192126603,0.0013610363,0.0028036159,0.3981153331,0.0476764687,0,0.0004939858,0,0.000299321,0.0001934931,0,4.05097e-05,0,1.9513067e-06,1.45093e-05,"2019-08-06",0.85
"MOHK","2019-09-12",0.5743006647,0.1549842927,0.00582039,0.0271094462,13.245,3.17,760.55757534,25.09533342,201.9756212,0,0.0051757543,0,0.0054983359,0.0020297139,0,0.000923388,0,0.0009809387,0.0003621141,0.0424985237,0.0089839416,0.0006107908,3.96086e-05,0.5156014103,0.2027396975,0,0.001195093,0,0.0002214884,5.15834e-05,0,0.0002825113,0,0.0001121205,4.00749e-05,"2019-09-09",1.13
"MOHK","2019-10-02",0.6714170409,0.2335339119,0.013845906,0.0222330992,16.09,3.22,694.39784947,27.291193893,187.0795577,0,0.0061330014,9.25933e-05,0.0049060275,0.0018723713,0,0.0011749775,1.77393e-05,0.0009399104,0.0003587141,0.0505399977,0.01366475,0.0023278696,0.0007327144,0.5920115676,0.0440859618,0,0.0011442319,3.79903e-05,0.000263909,0.0001325877,0,0.0002247558,7.4102784e-06,5.74586e-05,2.25336e-05,"2019-10-01",1.07
"MOHK","2019-11-06",0.6472602909,0.1991029095,0.0098628702,0.0263696476,16.105,2.8,621.67912559,29.649076274,172.23906715,0.0022869345,0.017460618,0,0.0050071195,0.001718534,0.0004936598,0.0037690655,0,0.0010808415,0.0003709644,0.0405071045,0.0002652065,0.0030365446,0.001243161,0.4678733603,0.0583057975,0,0.0092603131,0,5.46303e-05,1.0214643e-06,1.47199e-05,0.001990453,0,4.0555e-05,1.03944e-05,"2019-10-19",0.99
"MOHK","2019-12-06",0.637364624,0.1754917032,0.0097327905,0.069460647,13.595,2.91,551.50934294,20.772719035,148.01649954,0,0.0099970454,0,0.0057982253,0.0018679576,0,0.0018699374,0,0.0010845523,0.0003493996,0.0185567949,0.0208774488,0.0004865747,0.0020187294,0.5063581598,0.0495990721,0,0.0033759207,0,0.0004519013,5.93278e-05,0,0.0005284553,0,0.0001376335,7.9277014e-06,"2019-11-20",1.43
"MOHK","2020-01-14",0.6432078159,0.2016054685,0.0067559359,0.141067785,11.915,1.85,510.94838209,11.518445547,119.13775951,0.0042834381,0.0244163134,0.0001171604,0.0073239437,0.001828073,0.0008063435,0.004596293,2.20551e-05,0.001378709,0.0003441289,0.0197360312,0.0162609705,0.0005604913,0.0097102439,0.5290458496,0.0838409209,0.0047569116,0.0004406042,1.1219e-05,0.0001270899,8.58045e-05,0.0009770896,0.0004996409,4.7345271e-08,0.0001602656,1.86853e-05,"2019-12-26",1.32
"MOHK","2020-02-04",0.9050399212,0.264511997,0.0100277386,0.3219453482,13.42,1.545,537.12446268,10.354773332,121.17550531,0,0.0144633321,0,0.0094143607,0.002078981,0,0.0033502404,0,0.0021807127,0.0004815686,0.0299462072,0.0022082017,9.6429379e-06,0.0012610612,0.2794429524,0.0286383141,0,0.0048526423,0,0.0002366546,0.0002544366,0,0.000915768,0,3.40977e-05,3.65074e-05,"2020-02-03",1.23
"MOHK","2020-03-05",0.9593730977,0.2625762247,0.0043932044,0.3287471355,14.22,1.37,594.28227038,10.957946103,134.22870765,0,0.0081622865,0.0002307072,0.0105877745,0.002503307,0,0.0021511129,6.08012e-05,0.0027903331,0.0006597289,0.0681342432,0.0241393481,0.0005907422,0.0014886468,1.4947849852,0.053914835,0,0.0009394896,2.60265e-05,0.0006232438,3.90698e-05,0,0.0003027976,3.3688856e-06,0.0002675451,3.91176e-05,"2020-03-03",0.88
"MOHK","2020-07-08",1.4603453344,0.3883207935,0.0273775313,0.5221675942,13.675,0.8,776.07779889,13.840398248,169.85359445,0.0013364327,0.0211928136,5.03797e-05,0.0113901004,0.0034182067,0.0004294743,0.0068104953,1.61899e-05,0.003660308,0.0010984705,0.0394343018,0.0282144384,0.0031729685,0.0012886793,0.3991720411,0.0250177881,0.0010313665,0.0032066409,6.8501135e-06,0.0023837901,0.0003932244,0.000259976,0.0004222026,1.9970012e-07,0.0009709944,2.25349e-05,"2020-05-05",1.12
"MOHK","2020-08-04",0.9918314093,0.2880599531,0.0111319111,0.4922814173,10.63,0.675,788.41170405,11.782653462,167.16937843,0,0.0223082543,0,0.012037884,0.0035664329,0,0.0074888525,0,0.0040411023,0.001197247,0.1005873001,0.0146249544,0.0009504196,0.0103466556,0.4834299638,0.0315390511,0,0.0110131386,0,0.000586666,0.0002771308,0,0.003249012,0,0.0002406069,6.76158e-05,"2020-07-13",0.8
"MOHK","2020-09-02",0.9131033952,0.2448906866,0.0138705432,0.4170875253,10.995,0.73,775.71853227,15.356211156,183.15071932,0.0053155407,0.0191732428,0,0.0116387821,0.0033483809,0.0014133571,0.0050980024,0,0.0030946533,0.000890306,0.0850179691,0.0061953107,0.0075168014,0.0162704185,0.1918715898,0.0235015471,0.0021215977,0.0073898977,0,0.0001634456,4.54184e-05,0.0006172039,0.0017599835,0,8.09802e-05,4.63899e-05,"2020-08-28",0.86
"MOHK","2020-10-05",0.6678989936,0.177507788,0.007634503,0.318883736,9.385,0.665,702.10411332,18.070748593,176.47441866,0.0043363892,0.0383085966,3.27692e-05,0.0110566452,0.0030857983,0.0009080199,0.0080216431,6.8617293e-06,0.0023152104,0.0006461519,0.0930677142,0.0288477736,0.001717865,0.001749915,1.0646605622,0.021044617,0.0030662902,0.0026074348,1.86014e-05,0.0019698715,1.86961e-05,0.0005823836,0.0012834678,2.9606163e-06,0.0001887871,6.0909e-05,"2020-09-04",0.81
"MOHK","2020-11-04",0.4316114595,0.1245446428,0.0060449564,0.2440582624,6.83,0.59,618.78246637,28.146442296,168.83575377,0.0060773852,0.0222568976,0.0007986734,0.0101640788,0.0026211945,0.0009083595,0.0033266388,0.0001193741,0.0015191793,0.0003917782,0.0011269455,0.0073714199,0.0002986201,0.0049460563,0.0900289321,0.0257753142,0,0.0013572161,1.86058e-05,0.0017783601,1.21365e-05,0.0001039224,0.0001300351,1.08471e-05,0.0004284815,4.45506e-05,"2020-10-19",0.81
"MOHK","2020-12-03",0.3169362966,0.0828303325,0.0052656905,0.2543964952,4.785,0.41,557.2639266,27.03418379,161.37700709,0.0023790645,0.024323882,0.0007073313,0.0098054904,0.0024061962,0.0002433154,0.0024876902,7.23413e-05,0.0010028425,0.0002460903,0.0163960537,0.0054445983,0.0003687224,0.0091177065,0.2865634631,0.0222576117,0.0018069741,0.0007701859,0.00035473,0.00026753,0.0002195287,0.0001833727,7.22987e-05,3.56766e-05,2.93281e-05,2.15873e-05,"2020-11-07",1.34
"MOHK","2021-01-12",0.1634693393,0.0406371375,0.0035487623,0.3491198055,2.11,0.205,510.53628006,18.272858204,130.97701334,0.0084118059,0.023507716,0,0.0103582213,0.0025167173,0.0004984061,0.0013928507,0,0.0006137328,0.0001491175,0.0177451836,0.0041162815,0.0004023041,0.005923828,0.1405054368,0.0093797506,0,0.0012915157,0,1.00274e-05,2.55464e-05,5.4747152e-06,8.99581e-05,0,5.6319677e-06,2.8763673e-06,"2020-12-28",1.97
"MOHK","2021-02-04",0.2028961247,0.0530094417,0.0044911345,0.500482194,2.315,0.18,537.58638008,16.686775977,133.92568065,0,0.0170349614,0,0.0113448246,0.0029293097,0,0.0007929703,0,0.0005280968,0.0001363581,0.0480197209,0.0156434131,0.0013503004,0.0114131857,0.4136396451,0.0112552273,0,0.0001872695,0,0.0005941542,0.0002040332,0,7.41197e-05,0,1.93759e-05,2.6929326e-06,"2021-01-26",1.55
"MOHK","2021-03-08",0.2213993946,0.0651961367,0.0040273081,0.4242736311,2.885,0.205,597.14974814,32.773703301,166.65644757,0.0023158741,0.0159630601,4.07025e-05,0.0116586662,0.0029490096,0.0001363883,0.0009401091,2.397086e-06,0.0006866114,0.0001736754,0.0218512727,0.0042419422,0.0010830384,0.0209929194,0.195636508,0.0115831374,0.0016375703,0.0008913231,2.7851272e-06,0.0015953435,0.0002687266,9.29244e-05,0.000119011,4.9777575e-07,1.1622e-05,1.19542e-05,"2021-02-14",1.2
"MOHK","2021-04-01",0.1662883976,0.0472270882,0.0037830204,0.3975359243,2.315,0.145,706.95817433,22.352611315,174.55399915,0.0030878322,0.0073287892,0,0.011202337,0.0029520743,0.0001720837,0.0004084307,0,0.0006243021,0.000164518,0.0097877044,0.0006920015,0.0003285075,0.0103167662,0.2030833978,0.0175604621,0,0.0007561816,0,0.0006576283,1.88576e-05,0,2.63283e-05,0,1.03106e-05,5.8505909e-06,"2021-03-16",1.18
"MOHK","2021-05-07",0.3398550011,0.1030107146,0.0081207584,0.5513963767,3.235,0.115,778.12678899,25.624895792,193.45385366,0,0.0047704955,0,0.0115836118,0.0033161337,0,0.0003412327,0,0.0008285736,0.0002372024,0.0741835908,0.0084272846,0.0031371294,0.0374742461,0.1932239363,0.0037341051,0,0.0005343488,0,0.0008737257,0.0002584262,0,5.70333e-05,0,1.58145e-05,3.07279e-05,"2021-04-10",1.09
"MOHK","2021-06-01",0.3443206835,0.1071885271,0.0094884921,0.6015874399,3.37,0.17,845.22040904,44.170066989,224.15519386,0.0066821634,0.0022205868,0,0.012266468,0.0036329292,0.0007022004,0.0002333521,0,0.0012890314,0.0003817692,0.0085161152,0.0066367172,0.0007517235,0.0168049468,0.114573126,0.0058640772,0.0024610534,0.0002196064,0,0.0008496327,0.0005299774,0.0002643764,2.55404e-05,0,0.0001056399,6.05364e-05,"2021-05-21",1.14
"MOHK","2021-07-09",0.3927452957,0.1172680436,0.0073001135,0.5149633952,4.08,0.195,784.41071541,42.227263714,212.78155877,0,0.0050333016,0,0.0122266807,0.0034328032,0,0.0005644989,0,0.0013712565,0.0003849985,0.0169736428,0.011457182,0.0004162109,0.0186057219,0.4420095646,0.0021977381,0,0.0016008634,0,0.0002534204,0.0002172412,0,0.0002323131,0,0.0001309734,2.4689678e-06,"2021-06-15",0.94
"MOHK","2021-08-02",0.329355906,0.1115828069,0.0048285181,0.3968022045,4.785,0.335,791.81162803,31.668079759,208.70801671,0,0.0110621091,0,0.0113924875,0.0030530712,0,0.0012655261,0,0.001303322,0.0003492771,0.062876848,0.0128976796,7.43159e-05,0.0040194539,0.5202074352,0.0066530166,0,0.0038194205,0,0.0002152675,0.0003575716,0,0.0004834677,0,3.44501e-05,4.6407e-05,"2021-07-30",0.89
"MOHK","2021-09-02",0.1511214786,0.0443417444,0.0016551626,0.3590714083,2.43,0.255,773.79015395,49.375211002,223.73386154,0,0.0038124641,0,0.0108522911,0.002783469,0,0.000328572,0,0.0009352898,0.0002398895,0.0239318537,0.008654544,0.0004355912,0.0441028331,0.0770164476,0.0115516297,0,3.38203e-05,0,0.0003569656,7.62361e-05,0,2.61385e-05,0,0.0001411818,3.18096e-05,"2021-08-05",1
"MOHK","2021-10-04",0.1703755573,0.0475890147,0.0014656254,0.2619319393,3.055,0.385,704.34750975,31.541007629,189.11211868,0.0027191055,0.0136984732,0,0.0102480956,0.0027432475,0.0001249327,0.0006293936,0,0.0004708616,0.0001260419,0.0183542969,0.0017748321,0.0004096022,0.0284991717,0.3912742265,0.0041624546,0.001922698,0.0046552266,0,0.0016673588,0.0001146407,0.0001000674,0.0001412612,0,0.0001334033,2.04601e-05,"2021-09-29",0.83
"MOHK","2021-11-01",0.1444807114,0.0406960465,0.0024411985,0.2339779497,2.68,0.355,622.07770586,44.190749739,173.40900229,0.0031075492,0.0471234503,0,0.0094988296,0.0024980591,0.0001368959,0.0020759147,0,0.000418449,0.0001100462,0.0197630671,0.0075726579,6.52787e-05,0.0130679178,0.1363322432,0.0049001826,0.0021973691,0.0068802569,0,0.0003772373,0.0002783483,9.70672e-05,0.0001630989,0,1.43162e-05,4.4503017e-06,"2021-10-26",1.38
"MOHK","2021-12-03",0.1577299457,0.0409124727,0.0021774771,0.4096498828,2.21,0.26,560.50836019,46.87099316,178.25130602,0,0.0077938159,0,0.0104893794,0.0026906194,0,0.0003180201,0,0.0004280104,0.0001097885,0.0105927836,0.0028718506,0.0002436079,0.0226872002,0.1091461745,0.000228445,0,0.0020900883,0,0.000785845,6.61158e-05,0,0.0001069485,0,5.84412e-05,9.3084807e-06,"2021-11-05",1.08
"MOHK","2022-01-06",0.0836878066,0.0261610934,0.00206997,0.3906415978,1.04,0.145,511.40620207,18.619507934,129.22086795,0.0070930017,0.0293364512,0,0.0112486487,0.0025644569,0.0002339905,0.0009677778,0,0.0003710808,8.45987e-05,0.0046655397,0.0007466774,0.0004027703,0.0104736098,0.0560246115,0.0029970306,0.0015412426,0.0132831598,0,0.0001778893,0.0002365035,5.18475e-05,0.0004811789,0,2.906963e-06,6.01906e-06,"2021-12-25",1.71
"MOHK","2022-02-03",0.0688880914,0.0203708347,0.0011600189,0.384724511,0.865,0.14,529.15754081,14.588609121,124.01958576,0.0059662173,0.0408832883,0,0.0110574552,0.0023287181,0.0001380904,0.0009462592,0,0.000255929,5.38991e-05,0.0017867665,0.0002789012,5.2386849e-06,0.027835801,0.0018860358,0.0135095578,0,0.0139582467,0,0.002825866,7.6719418e-06,1.1989223e-06,0.0003205007,0,6.84285e-05,6.4346634e-07,"2022-01-12",0.9
"MOHK","2022-03-07",0.0281447911,0.0078412446,0.000612786,0.4748320833,0.42,0.09,594.5312181,33.287423812,164.09780938,0.0458230334,0.0967086283,0,0.0111090001,0.0027063257,0.0006013825,0.0012692061,0,0.0001457948,3.55179e-05,0.0015791984,4.15879e-05,3.97369e-05,0.0107388659,0.0173895186,0.000197254,0.0153165335,0.013288122,0,0.0009703824,0.0001528048,0.0002028196,0.0001791218,0,1.17265e-05,1.7870698e-06,"2022-03-05",1.43
"MOHK","2022-04-05",0.0083909996,0.0023639708,0.0001188788,0.2399156815,0.195,0.065,710.83673302,34.311431556,190.06593512,0.058784417,0.0813246091,0,0.0097403796,0.0031497712,0.0002685268,0.0003714902,0,4.4494e-05,1.43881e-05,0.0004982361,5.48786e-05,1.83783e-05,0.0825219227,0.0023706931,0.0034306602,0.0098864527,0.0076208533,0,0.0003348101,0.0001712363,4.09135e-05,3.03811e-05,0,1.164905e-06,6.4934435e-07,"2022-03-20",1.61
"MOHK","2022-05-06",0.0069302029,0.0021860996,0.0001427419,0.0880262998,0.255,0.08,781.42794501,39.724040181,210.11028738,0.0130795196,0.0198437096,0,0.0069781181,0.0024593099,2.97412e-05,4.51221e-05,0,1.58674e-05,5.5921654e-06,0.0014530596,0.0003241114,1.68712e-05,0.0017014533,0.0225840164,0.0045782891,0.0209004965,0.0019221197,0,0.0002794815,0.0001425939,5.02345e-05,7.7029755e-06,0,7.3785947e-07,2.1204955e-07,"2022-04-23",1.42
"MOHK","2022-06-03",0.0487457213,0.0138579461,0.001301844,0.4192438514,0.74,0.14,839.22013996,50.230912896,209.06606427,0,0.0041629845,0,0.0080528254,0.0032137682,0,2.63111e-05,0,5.08958e-05,2.03118e-05,0.0002251795,0.0001984173,0.0001924074,0.0128817345,0.0319116424,0.0045204022,0,0.0001758168,0,8.52384e-05,0.0001395683,0,2.5095279e-06,0,2.8506966e-06,3.5021145e-07,"2022-05-09",1.25
"MOHK","2022-07-08",0.058824664,0.0177491928,0.0008716586,0.1841394577,1.535,0.425,784.4193131,96.808460034,234.40751876,0.0145950178,0.0420507142,0,0.0091917072,0.0028774736,0.0002294833,0.0006611802,0,0.0001445249,4.52437e-05,5.89665e-05,0.0002063467,1.52321e-05,0.0012736014,0.0766648126,5.7921e-05,0.0058120556,0.0156035246,0,0.0007863929,0.0002248727,9.3537e-05,0.0002508069,0,1.26699e-05,3.6076632e-06,"2022-06-07",1.08
"MOHK","2022-08-04",0.0979111029,0.0303359152,0.0012232258,0.1508335633,2.9755,0.65,788.41170405,115.8787053,268.70614575,0,0.0038345694,0,0.0076060191,0.0025366731,0,9.00473e-05,0,0.0001786124,5.95688e-05,0.0037288766,0.0050988539,5.37845e-05,0.0080360458,0.1412472432,0.0412539077,0,0.0013018691,0,0.0001716063,8.49359e-05,0,2.17717e-05,0,2.08666e-05,3.7666438e-06,"2022-07-24",0.83
"MOHK","2022-09-09",0.3310062483,-99999,-99999,0.2766612913,5.23,0.785,768.27942337,77.773210375,255.95285951,0.005574186,0.0265205255,0,-99999,-99999,-99999,-99999,-99999,-99999,-99999,0.0208296795,-99999,-99999,0.0008748799,0.3409683105,0.0169733778,0.0018720687,0.0050427608,0,-99999,-99999,-99999,-99999,-99999,-99999,-99999,"2022-08-07",0.86
"MOHK","2022-10-10",0.284026174,0.0785698885,0.0039284285,0.0784154771,5.9,0.94,692.32156438,62.309821854,215.88280798,0,0.0108695489,0.0007935054,0.0085602937,-99999,-99999,-99999,-99999,-99999,-99999,0.0280590305,0.0137887471,0.000697876,0.0030422936,0.4146757215,0.0133607628,0,0.0017747389,1.04292e-05,5.26207e-05,-99999,-99999,-99999,-99999,-99999,-99999,"2022-09-10",1.35
"MOHK","2022-11-07",0.3237965617,0.0842675819,0.0069928078,0.1874791127,5.675,0.715,603.82894137,47.748879619,185.32937553,0,0.0101285274,0.000791136,0.0078535317,0.002377315,0,0.0008243152,6.4387e-05,0.0006391636,0.000193479,0.0161736011,0.0139265968,0.0005592073,0.0098160985,0.235947963,0.0093586649,0,0.000953835,3.6004e-05,0.0003689705,1.91093e-05,0,9.17129e-05,2.3400109e-06,2.2653e-05,5.9124211e-07,"2022-11-03",1.01
"MOHK","2022-12-01",0.4030823362,0.1251211807,0.0065125629,0.3007926122,6.325,0.74,556.15535789,22.419249081,150.45637283,0,0.0188618796,0.0006622356,0.0096639007,0.0022859874,0,0.0019494156,6.84435e-05,0.0009987848,0.0002362617,0.0416683974,0.0152013576,0.0002092973,0.0091543618,0.3941799686,0.0022571254,0,0.0020764555,2.29426e-05,0.0002525979,0.000207847,0,0.000159,2.9553998e-06,1.14377e-05,1.61858e-05,"2022-11-09",1.16
"MOHK","2023-01-23",0.0123885403,0.0029162856,0.000257236,0.0029545375,0.395,0.11,514.5672934,13.095233904,119.58363386,0.0180285178,0.0721804076,0,0.007428443,0.0020853402,0.0005861106,0.0023465988,0,0.0002415001,6.77948e-05,0.0020135462,0.0005411009,3.0359127e-06,0.0015023218,0.0158079157,0.0015619991,0,0.0119212544,0,0.0006640858,1.94932e-05,4.73617e-05,0.0002071428,0,3.24751e-05,4.089631e-06,"2023-01-06",2.6
"MOHK","2023-02-16",0.0148302626,0.0034260474,0.0002826479,0.1151774837,0.37,0.11,563.99252499,12.881647834,124.41744706,0,0.0072404484,0,0.0057755916,0.0022756633,0,2.29111e-05,0,1.82759e-05,7.2009406e-06,0.0035421794,0.0006993852,0.0001552153,0.0010326106,0.0139055991,0.0068210174,0,0.0016875688,0,0.0001696483,0.0002314211,0,1.0957332e-06,0,3.3238467e-06,2.1864831e-06,"2023-02-14",1.3
"MOHK","2023-03-09",0.0178582347,0.0049010738,0.0004606095,0.1673847737,0.36,0.065,610.92631645,23.12160565,151.77120842,0.0063586377,0.0247552564,0,0.0073638405,0.0024087963,2.61953e-05,0.0001019828,0,3.03364e-05,9.9233825e-06,0.0041439347,0.0012458859,2.16742e-05,0.0274566909,0.0353956175,0.0025557456,0,0.0019901711,0,0.0006900247,0.0001357798,6.0386855e-06,3.39561e-05,0,4.3904337e-06,1.7578543e-06,"2023-02-25",1.83
"MOHK","2023-04-06",0.0257648077,0.0070186573,0.0006170499,0.1988890059,0.485,0.05,714.94630365,59.355429895,194.99286189,0,0.0188208135,0,0.0076610317,0.0025957512,0,0.0001109794,0,4.51743e-05,1.53062e-05,0.0054447038,0.0022988987,8.32754e-05,0.0283526553,0.0524455844,0.0016882334,0,0.0022426637,0,0.0006013322,0.0002972895,0,1.91838e-05,0,5.7145504e-06,2.5714599e-06,"2023-03-22",2.58
"MOHK","2023-05-05",0.0238001575,0.0065176931,0.0005504716,0.1675291507,0.52,0.1,781.87871314,94.16067049,223.18671757,0.0116024909,0.02150876,0,0.0076715786,0.0027473041,7.84918e-05,0.0001455086,0,5.18989e-05,1.85857e-05,0.0037129029,0.0018522209,1.3776987e-06,0.0471170429,0.0462967465,0.0055524589,0,0.0023140941,0,0.0002173841,7.98512e-05,3.4850105e-08,1.73175e-05,0,1.5634119e-06,5.7274768e-07,"2023-04-19",1.06
"MOHK","2023-06-05",0.0495876327,0.0127080148,0.0008076531,0.133010067,1.035,0.105,831.3058069,100.82457899,242.81604533,0.0064732482,0.0101610358,0,0.0075803785,0.0028425704,6.00131e-05,9.42024e-05,0,7.02772e-05,2.63533e-05,0.006028694,0.0018557387,0.0001241701,0.0194021961,0.1154461837,0.0015763394,0.0050898812,0.0017074619,0,0.0003188309,4.84015e-05,4.93297e-05,1.16998e-05,0,6.3084637e-06,7.6537249e-07,"2023-05-10",0.85
"MOHK","2023-07-05",0.0597232556,0.0163580909,0.0007506349,0.3172148292,1.21,0.29,786.91793053,54.284070759,206.33193782,0.0135155036,0.0451048359,0,0.0086683884,0.002909852,0.0001953846,0.0006520506,0,0.0001253131,4.20658e-05,0.0001134244,0.0010438549,4.17324e-05,0.0299331964,0.0272270044,0.0093861794,0.0027761728,0.0035765328,0,0.000213458,0.000251025,5.76593e-05,2.63487e-05,0,1.6162e-05,1.0119462e-06,"2023-06-27",0.99
"MOHK","2023-08-03",0.1737550333,0.0498466293,0.0018243356,0.2599111731,3.565,0.925,789.34240733,214.78201961,328.04433032,0,0.0016130442,0,0.0091543832,0.0032172395,0,4.84806e-05,0,0.0002751383,9.66953e-05,0.0018473409,0.0003887036,0.0003078727,0.0202363924,0.0544258985,0.0105139632,0,9.45488e-05,0,0.0004918431,0.0004503585,0,1.8229003e-06,0,8.9316575e-06,1.12645e-05,"2023-08-03",0.84
"MOHK","2023-09-08",0.2495981825,0.071365733,0.0023896121,0.1350229157,5.92,1.385,767.28927472,100.83386138,251.608618,0,0.0035218622,0,0.0081214052,0.0026985745,0,0.000211185,0,0.0004869921,0.0001618174,0.0054864866,0.0003995262,7.2674592e-06,0.0082753153,0.2006329631,0.0184264354,0,0.0014107869,0,4.07219e-05,0.0003152674,0,8.00965e-05,0,5.6522229e-06,1.93557e-05,"2023-08-05",0.87
"MOHK","2023-10-05",0.3413707438,0.1012685522,0.0039415571,0.1130761008,7.205,1.295,695.03349419,26.560879996,180.50439286,0.0029645447,0.0163288534,0.0003156398,0.007328118,0.0021955379,0.000253311,0.0013952492,2.69704e-05,0.0006261646,0.0001876018,0.0108308183,0.0001496113,0.000342029,0.0147469635,0.0975395367,0.0603396689,0.0020962497,0.0041457458,4.93012e-05,0.000314518,0.0002012433,0.000171085,0.0003449691,3.9625806e-06,2.35189e-05,1.71182e-05,"2023-09-10",0.92
"MOHK","2023-11-02",0.4460232212,0.1129977749,0.0072034132,0.1801580786,8.18,1.37,620.23386349,29.62812906,167.46119819,0,0.0066836427,0.0001281068,0.0075266918,0.00233303,0,0.000715324,1.37108e-05,0.0008055522,0.000249695,0.0176255051,0.0074061499,0.0010540087,0.0190212935,0.4753085185,0.0158528502,0,0.0018792437,3.23838e-05,0.0004962068,6.6715e-05,0,0.0002145514,2.9462102e-06,2.30114e-05,2.6196346e-06,"2023-10-12",1.27
"MOHK","2023-12-05",0.4746696767,0.1253424049,0.0052966826,0.2576232861,8.38,1.2,558.0256828,20.580201368,149.48604312,0,0.0091102089,0.0002779883,0.0088390387,0.0024855616,0,0.0010846929,3.30983e-05,0.0010524064,0.0002959395,0.0365619065,0.0039875855,0.0012708494,0.0028595757,0.5695656865,0.0467736586,0,0.0034648366,3.8876e-05,0.0003424163,0.000144424,0,0.0004240391,4.1302715e-06,5.6379e-05,1.17641e-05,"2023-11-19",1.39
"MOHK","2024-01-09",0.3142558551,0.078702729,0.0050031896,0.4005758435,5.0425,0.76,511.31594972,13.323215554,123.09030224,0.0044043051,0.0546988713,8.46436e-05,0.0102958032,0.0025480569,0.0004414009,0.005481939,8.4830076e-06,0.0010318488,0.0002553671,0.0005392858,0.0085982859,0.0007501854,0.0044855457,0.0152038806,0.0314608338,0.0016171069,0.0045149625,1.56615e-05,0.0011087835,0.0004517108,0.0001532994,0.0002967869,1.858694e-06,7.79078e-05,3.73935e-05,"2023-12-30",1.86
"MOHK","2024-02-14",0.3789503874,0.0937823344,0.0064927211,0.409051765,4.845,0.54,545.68424955,13.103288333,126.58526417,0.0079911687,0.0305521279,0,0.0111421642,0.0029401448,0.0006874192,0.0026281661,0,0.0009584752,0.0002529182,0.0186212301,0.0173890119,0.0003248392,0.020374136,0.0106050127,0.0155114636,0.0018720687,0.0015752844,0,0.0017265115,0.000264658,0.0001768695,8.1771131e-06,0,0.0001038757,1.03793e-05,"2024-02-05",1.37
"MOHK","2024-03-08",0.3852525636,0.103827083,0.0075798939,0.4022836206,4.515,0.46,604.24320172,16.265134446,147.65838836,0.0087248128,0.0283439771,0.0002860321,0.0108858485,0.0030123691,0.0008613096,0.0027981047,2.8237e-05,0.0010746461,0.0002973797,0.0066058293,0.0016552952,0.0026006312,0.0054165703,0.2492725889,0.0022143557,0,0.0093087624,5.80339e-05,0.0004488098,0.0002591127,0.0001354016,0.0012114312,7.6325108e-06,5.81712e-05,7.3524266e-06,"2024-02-20",2.11
"MOHK","2024-04-09",0.4478050792,0.1156652915,0.0136985308,0.4162975913,5.43,0.425,721.40896599,33.08502891,192.86496287,0,0.0075421367,0,0.010762884,0.0033260135,0,0.0008269175,0,0.0011800393,0.0003646631,0.0179583781,0.0004802731,0.0022324782,0.028020939,0.0568719068,0.0087300013,0,0.0009968233,0,0.0003161273,0.0001472445,0,0.0001106305,0,4.41698e-05,1.91084e-05,"2024-04-05",1.27
"MOHK","2024-05-10",0.4020408767,0.1106681186,0.0082901439,0.4396199263,4.935,0.32,784.88498059,30.685090402,200.95568786,0,0.0190579363,0.0001046223,0.0112643472,0.0034889971,0,0.0021563734,1.18378e-05,0.0012745419,0.0003947741,0.0016775073,0.0007776815,0.0007751832,0.0006852222,0.2034181385,0.0026936716,0,0.0029171381,1.32509e-05,0.0004946317,5.357e-05,0,0.0003578178,1.4994284e-06,6.58118e-05,4.0532593e-06,"2024-04-30",1.18
"MOHK","2024-06-03",0.4986593427,0.123441261,0.0119813325,0.4565134325,5.44,0.27,843.96263955,31.666364765,206.36646783,0.003625474,0.0118703089,0,0.011621799,0.003789921,0.0004239573,0.0013880955,0,0.0013590351,0.0004431875,0.0834352201,0.0074733174,0.0063743994,0.0003354874,0.6433356402,0.0034193184,0,0.0005560081,0,0.0007049162,0.0005580402,1.42653e-05,2.2012e-05,0,0.0001260053,8.04214e-05,-99999,-99999
"MOHK","2024-07-09",0.8611492395,0.228841563,0.0150204476,0.5883921301,6.91,0.305,784.62932107,68.934197519,214.97526054,0.005574186,0.0214091454,0,0.0121750462,0.0039840715,0.0009518139,0.0036556946,0,0.0020789363,0.0006802956,0.0350217157,0.0192074188,0.0003699727,0.000670643,0.1101879457,0.0117849707,0.0039415447,0.0048696098,0,0.0010218058,0.0003234066,0.0006437377,0.0005597284,0,2.97776e-05,0.0001071301,-99999,-99999
"MOHK","2024-08-08",0.7633350457,0.1933241213,0.0101713734,0.4630684875,8.465,0.315,788.44979432,170.50867996,299.63806076,0.0035120172,0.0177144714,0,0.0121135389,0.0041171709,0.0007395742,0.003730382,0,0.002550916,0.0008670098,0.0166442245,0.0190276604,0.0005917351,0.0079211662,0.0759035969,0.0002632287,0.0024833712,0.0021659097,0,0.00085322,0.0003224415,0.0004544362,2.06426e-05,0,0.0004011587,1.41617e-05,-99999,-99999
"MOHK","2024-09-05",0.6968895685,-99999,-99999,0.3837657433,8.815,0.33,771.44584596,64.503538903,219.9017428,0,0.0170628063,0.000785646,-99999,-99999,-99999,-99999,-99999,-99999,-99999,0.0702439659,-99999,-99999,0.0012985007,0.6689391492,0.0089429048,0,0.0004014799,0.0002587199,-99999,-99999,-99999,-99999,-99999,-99999,-99999,-99999,-99999
