YEAR,season,SITE,PLNT_DNS,FRND_DNS,DRY_WT,Dry_CAN_WT,Dry_WC_wt,Dry_SUB_wt,N_blade,C_blade,C_WT,N_WT,elapsed,g_bar_dry,g_barC,g_barN,dry_prod_per_day,C_prod_per_day,N_prod_per_day,f,p,d,c,b,l,dry_wt_lost_as_fronds,dry_wt_lost_as_plants,dry_wt_lost_as_dissolved,dry_wt_lost_as_cut_fronds,dry_wt_lost_as_blades,C_lost_as_fronds,C_lost_as_plants,C_lost_as_dissolved,C_lost_as_cut_fronds,C_lost_as_blades,N_lost_as_fronds,N_lost_as_plants,N_lost_as_dissolved,N_lost_as_cut_fronds,N_lost_as_blades,Mean_TEMP,mean_ambient_N,sfc_par,Subsfc_par,Bottom_par,dry_wt_stD,dry_can_wt_stD,dry_wc_wt_stD,dry_sub_wt_stD,c_blade_stD,n_blade_stD,C_wt_stD,N_wt_stD,plnt_dns_stD,frnd_dns_stD,g_bar_dry_stD,dry_prod_per_day_stD,g_barC_stD,C_prod_per_day_stD,g_barN_stD,N_prod_per_day_stD,f_stD,p_stD,d_stD,c_stD,b_stD,l_stD,dry_wt_lost_as_fronds_stD,dry_wt_lost_as_plants_stD,dry_wt_lost_as_dissolved_stD,dry_wt_lost_as_cut_fronds_stD,dry_wt_lost_as_blades_stD,C_lost_as_fronds_stD,C_lost_as_plants_stD,C_lost_as_dissolved_stD,C_lost_as_cut_fronds_stD,C_lost_as_blades_stD,N_lost_as_fronds_stD,N_lost_as_plants_stD,N_lost_as_dissolved_stD,N_lost_as_cut_fronds_stD,N_lost_as_blades_stD
2002,3-Summer,ABUR,0.2163082437,7.8825268817,1.1675023138,0.6649323626,0.3462628913,0.1563070599,2.5596236559,31.056451613,0.3416123476,0.0247423455,93,0.0270335604,0.0257527705,0.0266923283,0.0310036119,0.0087653632,0.0006475405,0.0093012458,0,0.0034384636,1.5607539E-6,0.0127051869,0.0254464571,0.0106452441,0,0.0039042527,2.0235518E-6,0.0144130746,0.0031742236,0,0.0011675498,5.42495E-7,0.0043149013,0.0002263895,0,0.000082402,4.4204119E-8,0.0003041704,14.879378869,1.0074258336,776.02600066,173.27440919,35.628893702,0.0960966773,0.058373518,0.0283698935,0.0121588394,1.1299776964,0.214280743,0.0305364272,0.0029387195,0.0119650794,0.5306651882,0.0023925803,0.0037836054,0.0025305378,0.0011807585,0.0028756925,0.0001030498,0.0016078107,0,0.0001552578,4.9992514E-7,0.000613796,0.001743614,0.0020415839,0,0.0003607127,6.7532907E-7,0.0013642762,0.0006271991,0,0.0000980465,1.8133424E-7,0.0004287356,0.0000471918,0,9.909552E-6,1.5513971E-8,0.0000380862
2002,4-Autumn,ABUR,0.1284490741,3.9116435185,0.564532715,0.3084303058,0.1661344333,0.0899679758,2.6193888889,27.346111111,0.1437431185,0.0125306321,90,0.0255374211,0.0247822907,0.0241415157,0.0184622583,0.0046161344,0.0004019404,0.0197686291,0.0081875209,0.0033322604,0.000130863,0.0122594528,0.0436787262,0.0135686613,0.0038935861,0.0024841421,0.0001023966,0.0088961027,0.0035067125,0.0009929358,0.0006479796,0.0000261434,0.0023197715,0.0003014447,0.000085493,0.0000548071,2.3303969E-6,0.0001960127,15.139479062,0.8363069998,582.94286977,140.03660137,35.711269644,0.053790694,0.0316387579,0.0155547543,0.0084434861,1.0160339235,0.2414242534,0.0149433005,0.0018208092,0.0081538922,0.3155448822,0.0051734466,0.0038866488,0.005280661,0.0010202822,0.0055198798,0.0000990281,0.0040324155,0.0032986625,0.0001690044,0.000048171,0.0005763209,0.005221465,0.0032265475,0.0021294449,0.0002816853,0.0000368646,0.0009349523,0.0008376099,0.00054037,0.0000659993,9.3882253E-6,0.0002565827,0.0000787027,0.0000491082,8.3260246E-6,8.9966624E-7,0.0000281083
2003,1-Winter,ABUR,0.0168539326,0.8649578652,0.1278389385,0.0651635973,0.0403925122,0.0222828289,2.2664606742,28.784606742,0.035791065,0.0023090364,89,0.0462644369,0.047758662,0.0466633427,0.0065889508,0.0018624755,0.0001223389,0.0211669305,0.0129074427,0.0030388298,0,0.0123225357,0.0494357388,0.0033736065,0.002299588,0.0004596762,0,0.0018597998,0.0009207179,0.000598583,0.0001244972,0,0.0005035131,0.0000624536,0.0000434894,8.3825431E-6,0,0.0000338438,14.470369491,1.9528203732,585.07541616,122.1012421,16.727251815,0.0193790838,0.0110211271,0.0058952323,0.0034168566,1.0584326033,0.1802525933,0.0056643141,0.0003882291,0.0013952507,0.1069419821,0.0061723065,0.0014462072,0.0061864403,0.0004047899,0.006365865,0.0000288707,0.0032852155,0.0044101067,0.0001451497,0,0.0005507645,0.0055292397,0.0006614091,0.0008866597,0.0000625112,0,0.0002476466,0.0001826509,0.0002306316,0.0000162809,0,0.0000691028,0.0000130833,0.0000173974,1.282151E-6,0,5.1398455E-6
2003,2-Spring,ABUR,0.028718638,0.8546818996,0.0974433811,0.0410815101,0.035515585,0.020846286,3.4437634409,33.203924731,0.0301247687,0.002644341,93,0.0333605313,0.0347349034,0.0355074203,0.0039302967,0.0012164255,0.0001043684,0.0163079372,0.0087178518,0.0030499627,0,0.0119477461,0.0400234977,0.0021772757,0.0010229439,0.0003465638,0,0.0013459748,0.0006468868,0.0003064789,0.0001044673,0,0.0004074569,0.0000492716,0.0000245948,8.5705108E-6,0,0.0000333986,12.880689972,5.4910958375,800.47739423,168.17879171,26.070924659,0.0130496007,0.0062676549,0.0051615597,0.0025919319,1.245117513,0.3159831956,0.0041525405,0.0004492507,0.0019034768,0.0933595607,0.0054952818,0.000822812,0.0055601597,0.0002520015,0.0059083159,0.0000226279,0.0030596096,0.0035359139,0.000151491,0,0.0005288736,0.0047590022,0.0005492477,0.0004344258,0.0000494561,0,0.0001827486,0.0001631573,0.0001289967,0.0000141416,0,0.000056451,0.0000124799,0.0000109511,1.4246947E-6,0,5.4383928E-6
2003,3-Summer,ABUR,0.076859319,0.9603270609,0.08558898,0.0299259115,0.0291582191,0.0265048494,2.8396236559,35.355967742,0.0287315953,0.001866801,93,0.028145951,0.0287014054,0.0285528118,0.0024875223,0.0008474798,0.0000524142,0.0106156209,0.0045447642,0.00255418,0,0.0111406944,0.0288552595,0.0009238141,0.0004187752,0.0002189569,0,0.0009535243,0.0003053664,0.0001406044,0.000072345,0,0.0003154553,0.000019758,9.1393433E-6,4.7155665E-6,0,0.0000207191,15.113338895,1.076188741,774.35819842,173.6484713,35.981504118,0.0074861413,0.0038728881,0.0025440688,0.0021003868,1.2244474596,0.2489864197,0.0027006483,0.0002322109,0.0035097832,0.0558024541,0.0036120642,0.0003601775,0.0036479148,0.0001246481,0.0039905579,9.7862103E-6,0.0016765912,0.0021939632,0.0001308218,0,0.0004673366,0.0028255927,0.0001748843,0.0002119696,0.0000261095,0,0.0001034813,0.0000585157,0.0000708606,8.2601493E-6,0,0.0000357009,4.0091248E-6,4.6254459E-6,6.6256603E-7,0,2.692428E-6
2003,4-Autumn,ABUR,0.0735416667,1.0633796296,0.0927589517,0.0278449423,0.0328496647,0.0320643447,2.6772222222,29.936333333,0.0262209248,0.0020459026,90,0.0353950554,0.032420125,0.0362294831,0.0032950076,0.0008924975,0.0000756018,0.0149646732,0.0059659965,0.0022496212,0,0.010543731,0.0337240219,0.001407005,0.0005631881,0.0002109896,0,0.0009885024,0.0004225942,0.0001682602,0.0000631731,0,0.0002973521,0.0000305172,0.000012709,4.6677884E-6,0,0.0000218069,15.683874868,0.8732621092,583.86062574,139.81722053,35.515804516,0.0091120406,0.0035726625,0.003220546,0.0029745223,1.1545454985,0.2308585469,0.0027372925,0.0002640311,0.0040157235,0.0853018765,0.0044008477,0.0005123919,0.0043966535,0.0001518862,0.0047569262,0.0000138968,0.0029744374,0.0026106331,0.0001174337,0,0.0004203374,0.0038963306,0.0003037624,0.0002515176,0.000022649,0,0.0001016416,0.0000950186,0.0000755649,6.4315113E-6,0,0.0000327473,6.6492901E-6,5.6228844E-6,6.164319E-7,0,2.8014312E-6
2004,1-Winter,ABUR,0.0285648148,0.4771296296,0.0504578792,0.0204856753,0.0185371529,0.011435051,2.7438333333,26.735055556,0.0131551424,0.0012386178,90,0.0195676017,0.0193887571,0.0184322739,0.0019185938,0.0005020763,0.0000466683,0.0139468954,0.0151127008,0.0027887444,0,0.011112614,0.0429609546,0.0009942315,0.0010079881,0.0001769214,0,0.0007471252,0.0002622784,0.0002656679,0.0000466734,0,0.0001971734,0.000025239,0.000025269,4.4684884E-6,0,0.0000189336,13.502658722,2.1580109947,584.69574158,122.02229408,16.645191933,0.0073062661,0.0040650002,0.002413116,0.0013816786,0.9339730169,0.2296195698,0.0020299647,0.0002279853,0.0019178666,0.0503914131,0.0052012203,0.0005576367,0.0052804597,0.0001509459,0.0055645077,0.0000155263,0.0021050475,0.0051128899,0.0001492401,0,0.0004400269,0.0055185591,0.0002191951,0.0003938827,0.0000276108,0,0.0001041393,0.0000585567,0.0001048297,7.1179862E-6,0,0.0000289533,6.1336696E-6,0.0000103095,8.2117902E-7,0,3.2351505E-6
2004,2-Spring,ABUR,0.0152777778,0.0478718638,0.0020920537,0.0002142793,0.000267422,0.0016103525,2.7105913978,26.885860215,0.0005325433,0.0000442756,93,0.0223828136,0.0236659815,0.0253288542,0.000048294,0.0000129655,1.1099907E-6,0.0134417663,0.0020876991,0.0026629181,0,0.0073820937,0.0255744772,0.0000429692,3.7363105E-6,8.4911843E-6,0,0.0000265861,0.0000105912,9.3211784E-7,2.0866728E-6,0,6.497095E-6,8.6654038E-7,7.8825984E-8,1.698911E-7,0,5.2512322E-7,14.019995873,2.1711083442,798.14002151,168.07695486,26.10499038,0.0002569163,0.0000717285,0.0000655397,0.0002062813,1.0421574246,0.2578349532,0.0000673061,6.9144215E-6,0.0010944227,0.0039862876,0.004564506,8.7699957E-6,0.004639121,2.3201558E-6,0.0051018891,2.3253236E-7,0.0019883106,0.0013084389,0.0001688572,0,0.0003271973,0.0023984652,8.2933025E-6,2.4080872E-6,1.3683509E-6,0,4.5347867E-6,2.0720174E-6,6.0830577E-7,3.2431003E-7,0,1.1509502E-6,1.8396052E-7,5.187096E-8,3.1178921E-8,0,1.0520776E-7
2004,3-Summer,ABUR,0.1334005376,0.5394489247,0.0262908152,0.0032240292,0.004102037,0.0189647489,1.7822580645,30.653870968,0.0075993636,0.0003523227,93,0.0580564323,0.0588389681,0.0516772078,0.0010409643,0.0003006944,0.0000136253,0.0209336334,0.001264663,0.0021071453,0,0.0052928021,0.0295982439,0.0004429648,0.0000383256,0.0000424084,0,0.0001177922,0.0001293401,0.0000111443,0.0000122777,0,0.0000340827,6.0073014E-6,4.9206631E-7,5.8310682E-7,0,1.5909446E-6,15.891023711,0.9608579586,777.85519173,173.82836261,35.903990398,0.002950061,0.0006295382,0.0006610685,0.0021000978,1.1421135406,0.150686051,0.0009255301,0.0000477454,0.0092757737,0.0469285678,0.0044532742,0.0001516063,0.0044961177,0.0000457034,0.0047883252,2.2733618E-6,0.0035610045,0.0009465382,0.0001085821,0,0.0002607735,0.0036512386,0.0000997549,0.000027934,5.1572064E-6,0,0.0000152943,0.000029719,8.0728702E-6,1.436363E-6,0,4.6864493E-6,1.4056718E-6,3.574149E-7,8.3349136E-8,0,2.3617837E-7
2004,4-Autumn,ABUR,0.1453472222,1.2285185185,0.0881309837,0.0183423422,0.0307701419,0.0390184996,1.516,28.863944444,0.0245327956,0.0010025969,90,0.0363988632,0.0357815128,0.0371646965,0.0027678321,0.000769843,0.0000338262,0.015999788,0.0023089421,0.0022405661,0.0000596193,0.0091864041,0.0297953196,0.0012386884,0.0001471399,0.0001747811,6.8503886E-6,0.0007360555,0.00034454,0.0000403686,0.0000486774,1.9364023E-6,0.0002049868,0.0000145671,1.7888159E-6,2.0566013E-6,7.8163099E-8,8.647539E-6,16.530485213,0.6720650607,585.69327554,139.61829795,35.323160746,0.0098269187,0.0022676931,0.0035364558,0.0042445443,1.0127931555,0.1293101005,0.0029637369,0.0001458194,0.0096982417,0.1129777292,0.0034981413,0.0003892023,0.0035982793,0.0001137307,0.0041506188,6.0864224E-6,0.0025386869,0.0012101366,0.0001134636,0.0000119353,0.0003350196,0.0028993626,0.0002470583,0.0000898555,0.0000197381,1.6971364E-6,0.00008022,0.0000695847,0.0000249578,5.2216153E-6,4.8566925E-7,0.0000239116,3.1253812E-6,1.0602997E-6,2.971757E-7,2.133155E-8,1.2220348E-6
2005,1-Winter,ABUR,0.0259831461,0.3158005618,0.0205838611,0.002306957,0.0056892992,0.012587605,1.6162359551,26.504494382,0.0050112515,0.0002682469,89,0.0132521381,0.0133309149,0.013220715,0.0004876303,0.0001098777,6.1515234E-6,0.0154672909,0.0069197692,0.002242841,0,0.0084214376,0.0330513387,0.0006092421,0.0002124486,0.0000859882,0,0.0003473831,0.0001585812,0.0000545954,0.0000223975,0,0.0000906917,7.9882447E-6,2.7427389E-6,1.1336299E-6,0,4.58188E-6,14.67764615,1.143563655,581.96235258,121.5844575,16.654264482,0.0025194842,0.0003121074,0.000696,0.0016946394,1.273740961,0.1759097431,0.0006425787,0.0000451258,0.0014339687,0.0293525439,0.0046386837,0.0001903901,0.0047130995,0.0000481615,0.0049601013,2.6211256E-6,0.0031577883,0.0027831923,0.00013872,0,0.0003789022,0.0043008711,0.0001547382,0.0000929992,0.000011327,0,0.0000428753,0.000041131,0.0000241789,2.8650089E-6,0,0.00001245,2.224432E-6,1.2416001E-6,1.9884038E-7,0,7.8035297E-7
2005,2-Spring,ABUR,0.0240143369,0.4941532258,0.047201954,0.0189320156,0.0138835189,0.0143864195,3.1612365591,28.592580645,0.0126388044,0.0011999543,93,0.0420874166,0.0419835233,0.0491326566,0.001429947,0.0003785303,0.0000378849,0.0115497575,0.0014086096,0.0031232888,0.0000318676,0.009392876,0.0255063995,0.000428457,0.0000656887,0.0001169306,1.815012E-6,0.0003492361,0.0001157346,0.0000169372,0.0000313345,4.6171588E-7,0.0000938228,0.0000108037,1.7679438E-6,2.9094606E-6,4.6598398E-8,8.6257296E-6,12.781276478,5.3730922075,803.38704307,169.31195535,26.542826748,0.005150394,0.0028181582,0.001359735,0.0015443624,1.0760440578,0.272581713,0.0014378644,0.0001772295,0.0009968714,0.0366338309,0.003525503,0.0001915137,0.0038036743,0.0000524049,0.0039917123,6.4149528E-6,0.0017960184,0.0011138016,0.0001680995,8.5123724E-6,0.0003451569,0.0021208999,0.0000822319,0.0000517795,0.0000142419,5.029105E-7,0.0000359991,0.0000223587,0.0000133966,3.5925575E-6,1.2870013E-7,0.0000101905,2.3706977E-6,1.4170823E-6,4.571538E-7,1.4411448E-8,1.2105806E-6
2005,3-Summer,ABUR,0.2408378136,1.0513888889,0.0526524039,0.010304403,0.0112906272,0.0310573737,1.8383870968,28.494193548,0.0141174666,0.0007754325,93,0.0283765695,0.0292309268,0.0190002322,0.0015169683,0.0004147499,0.0000162193,0.0157907895,0.0007748967,0.0029069911,0.0001146215,0.0088526832,0.028439982,0.0008014715,0.0000465764,0.0001516957,7.3762008E-6,0.0004628242,0.0002136211,0.0000121565,0.0000398629,1.9833706E-6,0.0001215988,0.0000124969,9.7782621E-7,2.7631769E-6,1.136995E-7,8.454152E-6,15.16290655,1.3250201097,773.61525822,173.46982119,35.722770029,0.0047617931,0.0013301015,0.00101243,0.0029503481,1.1090297954,0.1670550968,0.0013624356,0.0000978807,0.0112765735,0.0775522362,0.0032580873,0.0002071124,0.0033296241,0.0000578717,0.0036988918,3.6609036E-6,0.002524634,0.0005945948,0.0001494523,0.0000149297,0.0003336515,0.0026354425,0.0001437102,0.0000358438,0.0000174006,1.1138603E-6,0.0000473172,0.0000387863,9.2719584E-6,4.2397815E-6,3.0665469E-7,0.0000127374,2.3828398E-6,8.703451E-7,4.2469513E-7,2.1557619E-8,1.1862767E-6
2005,4-Autumn,ABUR,0.275462963,1.6361805556,0.0962000671,0.0108678338,0.017847874,0.0674843592,1.7061666667,29.551944444,0.0263571042,0.0012045762,90,0.0297842779,0.0297243738,0.0332587229,0.0027093159,0.0007402895,0.0000351518,0.0140872064,0.003362443,0.0021283816,0.0008582402,0.0071417021,0.0275779733,0.0011495853,0.0002690337,0.0001922566,0.0000829388,0.0006364352,0.0003152126,0.0000737333,0.0000526876,0.000022742,0.0001744109,0.0000140508,3.4026556E-6,2.3067725E-6,9.5896428E-7,7.6895257E-6,15.187742485,0.8982080544,583.88989161,139.56922944,35.597553334,0.0100536184,0.0014291579,0.0019339763,0.0071352503,1.0302877326,0.1365756636,0.0029206372,0.0001712567,0.0126785051,0.1319609383,0.0029880734,0.0003921682,0.0031260105,0.0001119159,0.0035405475,6.2548216E-6,0.0017852999,0.0013037326,0.0001115317,0.0000733735,0.0002585894,0.0022093782,0.0001783892,0.0001244333,0.0000215696,0.0000118447,0.0000679077,0.0000503721,0.0000341351,5.4547803E-6,3.3585499E-6,0.0000193161,2.4671176E-6,1.5469478E-6,3.1340729E-7,1.5866583E-7,1.0169192E-6
2006,1-Winter,ABUR,0.0363529963,0.3721910112,0.0260521346,0.0068164412,0.007021675,0.0122140184,2.487752809,29.527640449,0.0071245519,0.0005009902,89,0.0242321484,0.0226929482,0.0297161259,0.0006450439,0.0001683187,0.0000162634,0.0158755192,0.0071110384,0.0022988242,0,0.008634384,0.0339197658,0.0006840988,0.0002908932,0.0000845625,0,0.0003232689,0.0001877312,0.0000790712,0.0000230866,0,0.000088525,0.000010867,4.9202335E-6,1.4314614E-6,0,5.3665572E-6,13.446795526,3.2561288021,583.91469585,121.60767145,16.405346062,0.0025592009,0.0009672472,0.0007565793,0.0011906388,1.1053241947,0.216439926,0.0007546515,0.000061361,0.0016837347,0.0271278369,0.0034182565,0.0001280205,0.0035787271,0.0000393156,0.0042577204,3.3067729E-6,0.0024387734,0.0021864826,0.0001165296,0,0.0003312058,0.0032741658,0.0001376873,0.0000929768,0.0000102801,0,0.0000385715,0.000039455,0.0000258648,2.7137881E-6,0,0.0000112194,2.3916861E-6,1.5732807E-6,1.8639068E-7,0,7.0636106E-7
2006,2-Spring,ABUR,0.0227598566,0.4008960573,0.0299687474,0.0085566599,0.0087096091,0.0127024784,2.4386021505,32.324301075,0.0087550756,0.0006171544,93,0.031335445,0.0336447584,0.0278339974,0.0009410642,0.0002837833,0.0000196463,0.011180645,0.0093857952,0.0027218582,0.0014092025,0.0093032371,0.0340007379,0.0003354972,0.0002717215,0.0000858603,0.0000351516,0.0002901861,0.0000954693,0.0000779144,0.0000240038,0.0000110412,0.0000817429,7.4036017E-6,5.9484215E-6,1.9347233E-6,6.7001919E-7,6.4787016E-6,13.022176442,4.6228005781,803.28926288,169.35494816,26.639408681,0.0029109576,0.0011974931,0.0008908049,0.0012168573,1.219012622,0.2109467205,0.0008978261,0.0000858799,0.0009886434,0.0280281025,0.0044969549,0.0001507578,0.004503423,0.0000440083,0.0054825982,4.3703941E-6,0.0018045755,0.00290419,0.0001401878,0.0001788963,0.0003611635,0.0035202178,0.0000617524,0.0000882273,0.0000104763,6.2535408E-6,0.0000318487,0.0000181849,0.000025485,2.6335471E-6,2.0171257E-6,9.2286549E-6,1.4563422E-6,2.0039036E-6,3.1454776E-7,1.4353318E-7,9.7211665E-7
2006,3-Summer,ABUR,0.0242159498,0.3405241935,0.0179101779,0.0004270281,0.0011129891,0.0163701607,0.9777956989,31.729623656,0.0053551293,0.0001394848,93,0.022460845,0.020991266,0.0166913932,0.0004142575,0.0001185936,2.2913232E-6,0.0142442797,0.0020799628,0.001901008,0.0013635378,0.0049518436,0.0245406319,0.0002609588,0.0000393224,0.000035116,0.0000262132,0.0000920423,0.0000796017,0.0000122161,0.000010773,8.1883978E-6,0.0000283534,2.205655E-6,3.7513654E-7,3.1813117E-7,2.6494719E-7,8.710954E-7,15.58630725,0.9341744375,772.88066699,173.4892411,36.177171083,0.0024040931,0.0000719792,0.0001444114,0.0022757668,1.1294662361,0.0830581047,0.0007474361,0.0000215104,0.000941017,0.0303939124,0.0033544728,0.0000843743,0.0034623744,0.0000267296,0.0038543399,7.1600556E-7,0.0022069534,0.0012678039,0.0000946747,0.0001174988,0.0002103149,0.0026280993,0.0000519488,0.000024213,4.5956802E-6,4.4789455E-6,0.0000111912,0.000016138,7.5325869E-6,1.3373862E-6,1.3974992E-6,3.5486575E-6,4.5090314E-7,2.2727245E-7,4.5226791E-8,5.0517187E-8,1.1963209E-7
2006,4-Autumn,ABUR,0.0313194444,0.2871990741,0.0152731224,0.0017289836,0.0032818695,0.0102622693,1.4198888889,30.761555556,0.0044142378,0.0001464066,90,0.0187967563,0.0175819595,0.0247986993,0.0003532449,0.0000969749,4.039566E-6,0.0085917536,0.0128352113,0.0019673278,0,0.0069828718,0.0303771644,0.000146074,0.000151634,0.000031964,0,0.0001134253,0.0000424527,0.0000415422,9.2339242E-6,0,0.0000327338,1.26103E-6,1.6950299E-6,2.8418429E-7,0,1.0152214E-6,16.147753806,0.6824638928,582.78238114,139.68816701,35.393938843,0.0019850065,0.0003386461,0.0004759904,0.0013019974,1.116351769,0.1262472316,0.0006110076,0.0000241638,0.0014084194,0.0258985282,0.0042970646,0.0000862828,0.0044197667,0.0000245137,0.0050847576,1.1019132E-6,0.0012754787,0.0042610817,0.0001034299,0,0.0002639934,0.0044269647,0.0000279646,0.0000538241,4.2688153E-6,0,0.000014798,8.3184567E-6,0.00001531,1.1734615E-6,0,4.4619691E-6,2.6678712E-7,6.4124068E-7,4.6101444E-8,0,1.6321754E-7
2007,1-Winter,ABUR,0.0138810861,0.0910580524,0.0053588554,0.0009084343,0.0012875223,0.0031628988,2.5086516854,31.150786517,0.0015665114,0.0001079233,89,0.036812226,0.0365752703,0.0393501408,0.0001718892,0.0000500764,3.6220836E-6,0.0172186623,0.0082582281,0.0020175082,0,0.0080002316,0.0354946303,0.0000870029,0.0000601051,0.0000107104,0,0.000042144,0.0000251764,0.0000159168,3.0466918E-6,0,0.0000120131,1.6891131E-6,8.7975716E-7,1.9621323E-7,0,7.7687135E-7,13.560884953,2.3833678589,585.7908154,122.43304119,17.369727678,0.0004881793,0.0001596552,0.0001223231,0.0003285472,1.134946535,0.2134684434,0.000157067,0.0000140993,0.000456922,0.005274652,0.0063346497,0.0000362638,0.0064458139,0.0000109349,0.0066846566,8.1527109E-7,0.0051189167,0.0039342466,0.000100691,0,0.0003032269,0.0062739276,0.0000271566,0.0000243478,1.1314154E-6,0,4.1396784E-6,8.0083356E-6,6.8936277E-6,3.0360258E-7,0,1.2409827E-6,5.6919646E-7,4.2602864E-7,2.472037E-8,0,9.3624885E-8
2007,2-Spring,ABUR,0.0362231183,0.1919578853,0.0111608858,0.0024507651,0.002784084,0.0059260367,2.3077419355,29.179408602,0.0030876906,0.0001987749,93,0.0346322216,0.0342700526,0.0320830731,0.0003467427,0.0000960278,5.8044753E-6,0.0114967967,0.001502487,0.0026842938,0,0.0088260073,0.0245095848,0.0001285848,0.0000210963,0.0000255346,0,0.0000825824,0.0000358574,5.9578823E-6,7.0087501E-6,0,0.0000227275,2.25806E-6,3.4704433E-7,4.7448606E-7,0,1.53769E-6,12.975302945,5.2498417087,802.84262124,168.31806214,25.769172014,0.0010693345,0.0003829845,0.0002740617,0.0005732827,1.048931377,0.1933949325,0.0003200072,0.0000258222,0.0016291945,0.0130946893,0.0032295083,0.0000532985,0.0033028384,0.000015539,0.0036973635,1.1141451E-6,0.0022685749,0.0012234819,0.0001480494,0,0.0003478794,0.002629411,0.0000315726,0.0000174467,2.7850788E-6,0,8.1157365E-6,8.97793E-6,4.902039E-6,7.1272679E-7,0,2.3451385E-6,5.772641E-7,2.9424842E-7,6.4858054E-8,0,1.9431608E-7
2007,3-Summer,ABUR,0.1406586022,0.6461021505,0.0301101999,0.003396136,0.0066921038,0.0200219601,1.7432258065,31.411451613,0.0089292206,0.0003775414,93,0.0436275724,0.0441860664,0.0390635783,0.0010918225,0.0003189557,0.0000127732,0.0175612319,0.0015908686,0.0023243137,0,0.0078172316,0.0292936458,0.0003700758,0.0000223373,0.0000531567,0,0.0001785177,0.0001075065,6.3083459E-6,0.0000154756,0,0.000051973,5.3050492E-6,3.6745871E-7,7.3888881E-7,0,2.4832053E-6,15.563454906,0.93977922,766.14667302,179.72388998,29.866290596,0.0028813255,0.0004188855,0.0007042184,0.0019610589,1.1240586844,0.1494606476,0.0009399448,0.000048853,0.0068229117,0.0485574635,0.0040121147,0.0001337038,0.0040660894,0.0000411654,0.0043884327,2.0315014E-6,0.0032624253,0.0012954514,0.0001161445,0,0.0002875257,0.0035366461,0.0000721598,0.000018473,5.0455735E-6,0,0.0000161913,0.0000214627,5.1903943E-6,1.396861E-6,0,5.0937519E-6,1.1252475E-6,3.1155715E-7,9.158413E-8,0,2.9402638E-7
2007,4-Autumn,ABUR,0.1729166667,1.6466435185,0.1267589824,0.0371254423,0.0409756624,0.0486578777,1.926,27.238111111,0.0325616837,0.0018515125,90,0.0376489388,0.035811898,0.0431282575,0.0039657767,0.0010085475,0.0000612401,0.0191809542,0.0036221709,0.0025263553,0.0001473836,0.0094265929,0.0349034569,0.001841387,0.0003374521,0.0002892878,0.0000204313,0.0011013576,0.00047788,0.0000874789,0.0000756188,5.2958869E-6,0.0002873056,0.0000273321,5.0243338E-6,3.9889615E-6,2.8320809E-7,0.0000152927,14.032049158,1.9157903513,566.16991573,144.6175925,24.486729288,0.0132157904,0.0043687321,0.0043540572,0.0048521482,1.0117646852,0.1703958119,0.0036502614,0.000271224,0.0081489166,0.1292555627,0.0041943827,0.0005383495,0.0042580857,0.0001433786,0.0047499062,0.0000102035,0.0031707525,0.0018847338,0.0001362225,0.0000208212,0.0003663541,0.0036855622,0.0003386626,0.0001826183,0.0000319567,3.7012933E-6,0.0001161285,0.0000875311,0.0000478752,7.7317796E-6,9.7953692E-7,0.000032162,5.8426324E-6,2.6340471E-6,5.7753985E-7,6.0211054E-8,2.1212913E-6
2008,1-Winter,ABUR,0.0599074074,0.6721759259,0.0417420844,0.0092526211,0.01170979,0.0207796734,2.9265555556,28.926,0.0112990838,0.0009684069,90,0.043291384,0.0450933557,0.0472151206,0.001996503,0.0005326874,0.0000466496,0.0315941054,0.0107646271,0.0022981187,0.0001741496,0.0084223658,0.0532533665,0.0016865137,0.0004918019,0.0001086361,8.314444E-6,0.0004026711,0.0004341691,0.0001282031,0.0000282907,2.1256312E-6,0.0001047823,0.0000333778,0.0000102348,2.2680747E-6,1.8064524E-7,8.3752384E-6,12.581933802,4.6556956366,543.21074762,123.84679054,14.007346543,0.0043827376,0.0013029401,0.001362619,0.0020611724,1.0376314643,0.2547830668,0.0012558076,0.000140297,0.0027776892,0.0513398817,0.0060561619,0.0003469919,0.0060974229,0.0000918932,0.0062954846,8.4482802E-6,0.0046963994,0.0034047715,0.0001170663,0.0000283912,0.0003028508,0.0057147551,0.0002853093,0.0001580462,0.0000107122,1.7572773E-6,0.0000363071,0.0000741331,0.0000412121,2.5957153E-6,4.6056868E-7,9.9826901E-6,6.3620968E-6,3.4965623E-6,2.9255283E-7,4.2734727E-8,1.0287531E-6
2008,2-Spring,ABUR,0.0477150538,0.9948028674,0.1030991523,0.0453303265,0.0337233947,0.0240454312,2.5180107527,32.956021505,0.0321442973,0.0020294418,93,0.0378516612,0.038051535,0.0350275381,0.0027554927,0.0008501108,0.0000529705,0.0069475766,0.0011197167,0.0026356622,0,0.0104325649,0.0211355205,0.0005041401,0.0000309742,0.0002192417,0,0.0008784048,0.0001561129,9.2060028E-6,0.0000675406,0,0.000270761,0.0000102164,7.7834255E-7,4.3474996E-6,0,0.0000173923,12.57318838,6.1189832141,716.23278785,163.89596773,19.122504171,0.0137661177,0.0074441819,0.0042846671,0.0026406742,1.3020663461,0.2317945095,0.0047317891,0.0003687629,0.0025763552,0.0872848588,0.0027123465,0.0003939439,0.0029317959,0.0001423617,0.0036696011,0.0000112706,0.0012307869,0.0007986761,0.0001357738,0,0.0004505732,0.0015361596,0.0001088587,0.0000222308,0.0000282955,0,0.0001098321,0.00003519,6.7041618E-6,8.6273033E-6,0,0.0000373639,2.3266104E-6,5.7803441E-7,7.1101859E-7,0,2.8166991E-6
2008,3-Summer,ABUR,0.0392473118,1.2750896057,0.0872572867,0.0147104669,0.0238241253,0.0487226945,1.5041397849,32.301075269,0.0261948781,0.0010545378,93,0.0128489444,0.014051423,0.009998415,0.0013219381,0.0004180569,0.0000123514,0.0085094196,0.0016575342,0.0023357761,0.0001296458,0.0088968839,0.0215292595,0.0007918584,0.0001487849,0.0002382451,0.0000116374,0.0009155901,0.000239026,0.000048931,0.0000706279,3.8271942E-6,0.0002711112,0.0000102863,1.8205893E-6,3.41623E-6,1.4239936E-7,0.0000131515,16.304081103,0.7005317709,692.89544276,166.88525634,23.358865565,0.0083492838,0.0019437645,0.0025757838,0.0048522978,1.132942166,0.1288311551,0.0027395108,0.0001399094,0.0017488239,0.0941013745,0.0027175276,0.0003015567,0.0029654559,0.0000991866,0.0034107678,4.5657917E-6,0.0012529232,0.0012659211,0.0001149924,0.0000281085,0.0003377269,0.0017753674,0.0001413222,0.000119213,0.0000257969,3.0103822E-6,0.0000933118,0.0000437966,0.0000395235,7.1302821E-6,1.0069058E-6,0.0000290411,1.9616422E-6,1.4962383E-6,4.9149469E-7,3.9544168E-8,1.8786525E-6
2008,4-Autumn,ABUR,0.0383333333,1.1206481481,0.0954608168,0.0305496511,0.0305472978,0.0343638679,2.0825,33.717833333,0.0305137824,0.0016144473,90,0.0382847033,0.0388301945,0.0453124853,0.0033751812,0.0010829489,0.0000620753,0.0171352714,0.0029709937,0.0020073224,0.0010580167,0.0091647535,0.0323363578,0.0015524853,0.0002764374,0.0001734423,0.0000955678,0.0008165395,0.000494,0.000088016,0.0000550325,0.0000304755,0.0002598306,0.0000257528,4.6413826E-6,2.6985578E-6,1.4595854E-6,0.0000129878,15.259823868,1.0531571984,558.06867012,118.81294115,15.391323569,0.0098522019,0.0040132589,0.0031967691,0.0034521368,1.3124601148,0.1921342688,0.0034081759,0.0002285423,0.0018537274,0.0890785399,0.0039018807,0.000487106,0.0040246597,0.0001639535,0.004523819,0.0000107091,0.0026259501,0.0016007684,0.0001063258,0.0001600462,0.0003509302,0.0031342773,0.0002832918,0.0001502009,0.000019348,0.0000180566,0.0000858686,0.0000924945,0.0000480827,5.7450067E-6,5.9122475E-6,0.0000289124,5.3711184E-6,2.579837E-6,3.8649711E-7,3.1699214E-7,1.8287135E-6
2009,1-Winter,ABUR,0.0260065543,1.0278558052,0.1306443521,0.0673871563,0.0400366179,0.023220578,2.6853932584,30.728988764,0.0380615954,0.0027084235,89,0.0632241326,0.0619340571,0.0655661941,0.0087546743,0.002528904,0.0001825712,0.0402881093,0.0106168493,0.0024800276,0,0.0117985824,0.0651835686,0.005529738,0.0014952063,0.0003277364,0,0.0015609484,0.0016248638,0.0004360773,0.0000966186,0,0.0004611319,0.0001124342,0.0000304913,6.7057722E-6,0,0.0000318556,13.033528859,3.1165226047,494.64379148,92.101664704,9.2602836875,0.0177757627,0.0115708509,0.0049149607,0.0026814517,1.1326206466,0.2215956729,0.0054079779,0.0004263181,0.0012000905,0.0876301688,0.0079182564,0.0016806811,0.0079214891,0.0004984322,0.0080768558,0.0000377788,0.0066402612,0.0038137044,0.0001338704,0,0.0005291413,0.007492792,0.0012146942,0.0006076956,0.0000477374,0,0.0002090991,0.0003595523,0.0001760535,0.0000132179,0,0.0000633389,0.0000262777,0.0000125736,1.11076E-6,0,4.9921982E-6
2009,2-Spring,ABUR,0.0111581921,0.2942090395,0.0258665922,0.0093736881,0.0081370823,0.0083558219,2.9478008475,33.411694915,0.0080553928,0.0006411694,118,0.0324150913,0.0332260321,0.0331694641,0.0011962178,0.0003799825,0.0000325492,0.0271919517,0.0087867765,0.0024379207,0,0.0108708447,0.0492874937,0.0010328152,0.0003734378,0.0000852783,0,0.0003777233,0.0003135134,0.0001135581,0.0000257551,0,0.0001142074,0.0000266504,9.8508977E-6,2.1824767E-6,0,9.692599E-6,13.099908789,4.1693888767,640.51493518,126.85750711,13.539723794,0.0030349851,0.0013429533,0.0009232478,0.0010206566,1.2263515442,0.2502140992,0.0009914277,0.0000956468,0.0004599894,0.0261576393,0.0074200425,0.0003529405,0.0074850649,0.0001093957,0.0077125321,0.0000103584,0.0057821859,0.0038456702,0.0001173572,0,0.0004344369,0.0070569079,0.0002595416,0.0001802802,0.0000109143,0,0.0000467167,0.0000799636,0.0000551316,3.1721118E-6,0,0.0000146298,7.4211522E-6,4.9379959E-6,3.5279343E-7,0,1.5292963E-6
2009,3-Summer,ABUR,0.0135304659,0.1790994624,0.0135562552,0.004009179,0.0043283983,0.0052186779,2.2115053763,35.833387097,0.0044823092,0.0002388731,68,0.0217676554,0.0235758397,0.0203616551,0.0003534028,0.0001197194,6.1899662E-6,0.0121214171,0.0029595207,0.002253137,0,0.0104804999,0.0278145747,0.0001930557,0.0000504518,0.0000341512,0,0.0001569718,0.0000618731,0.0000159403,0.0000110009,0,0.0000506761,3.6697277E-6,9.5888217E-7,6.2536568E-7,0,2.86266E-6,15.141359632,1.0105740623,633.04818598,134.25981285,25.277226152,0.0017173739,0.000795053,0.0005641934,0.0005959574,1.2893554136,0.187509762,0.0005802923,0.0000364896,0.0005578679,0.0146025652,0.0047043284,0.0000858892,0.0047806647,0.0000278721,0.0052371264,1.7761214E-6,0.0027547651,0.0029477287,0.0001206696,0,0.0004473828,0.0040128429,0.0000528454,0.0000496493,4.9296646E-6,0,0.0000213314,0.0000170138,0.0000156717,1.5199979E-6,0,7.0713346E-6,1.0568224E-6,9.5171671E-7,1.0552515E-7,0,4.6185498E-7
2009,4-Autumn,ABUR,0.0022916667,0.0489583333,0.0036202715,0.0007201862,0.0013089529,0.0015911323,1.6228333333,30.8625,0.0011497008,0.0000485827,90,0.0343890376,0.0307799855,0.0284680432,0.0002200367,0.0000687748,2.8015986E-6,0.031127951,0.00741303,0.001872069,0,0.0086589324,0.0543528654,0.000245718,0.0000643442,0.0000122609,0,0.0000603186,0.0000828306,0.0000218821,4.0388975E-6,0,0.0000200855,3.6025097E-6,9.5232577E-7,1.760364E-7,0,8.8017554E-7,16.109764544,0.725393271,587.37115702,132.71121445,26.363333389,0.000678649,0.0002320587,0.000268455,0.0002796125,1.1761120439,0.1429147706,0.000213463,0.0000101922,0.0001301653,0.0060033166,0.0078310395,0.000064127,0.0079381944,0.0000217462,0.008396307,1.0073953E-6,0.0050198789,0.0030611227,0.000118041,0,0.0004099069,0.0069275083,0.0000602688,0.0000313507,2.3194397E-6,0,9.8318805E-6,0.0000208913,0.0000109385,7.2421284E-7,0,3.3453167E-6,1.0035568E-6,4.8451448E-7,3.646759E-8,0,1.6455167E-7
2010,1-Winter,ABUR,0,0,0,0,0,0,2.7975280899,32.331853933,0,0,89,,,,0,0,0,0.0136765997,0.0118252991,0.001660252,,0.0071904822,,,,,,,,,,,,,,,,,14.126408003,1.7082270271,593.48397538,123.72086081,16.118093902,0,0,0,0,1.1759909899,0.2519790403,0,0,0,0,,0,,0,,0,0.0021411279,0.0038162503,0.0001678816,,0.0006194214,,,,,,,,,,,,,,,,
2010,2-Spring,ABUR,0.0010976703,0.0295922939,0.0020704862,0.0004075134,0.0005910562,0.0010719166,3.5404301075,36.791129032,0.0007388436,0.0000559264,93,0,0,0,0,0,0,0.0075182952,0.0016562519,0.0021171721,0,0.009186446,0.0173903,0.0000266724,0,7.5130992E-6,0,0.0000287095,9.9118347E-6,0,2.7919723E-6,0,0.0000106688,8.2214194E-7,0,2.315815E-7,0,8.8493155E-7,12.841186956,5.9813088213,799.2235768,178.42357437,37.206900542,0.000454458,0.0001453118,0.0001339564,0.0002378814,1.2847556887,0.3068502286,0.0001693491,0.0000154357,0.0000947692,0.0042913449,0.009518431,8.617137E-6,0.0076185636,2.2843329E-6,0.0035016952,5.7516522E-8,0.0014124928,0.0012795412,0.000202741,0,0.00062709,0.00268933,0.0000114546,0,2.0453108E-6,0,7.1503925E-6,4.2122256E-6,0,7.580323E-7,0,2.8071231E-6,3.7845807E-7,0,7.771993E-8,0,2.8294515E-7
2010,3-Summer,ABUR,0.0458109319,0.2363351254,0.0135345187,0.0026048661,0.0026690243,0.0082606283,2.2923655914,32.142473118,0.0046527509,0.0002928014,93,0.0390093001,0.0401283016,0.0429860729,0.00039902,0.0001394179,8.9325145E-6,0.0092303053,0,0.0021903523,0,0.006877615,0.0182982727,0.0000872968,0,0.0000189091,0,0.0000680268,0.0000281031,0,6.0280924E-6,0,0.0000221993,1.7779915E-6,0,3.8110749E-7,0,1.4153688E-6,13.954935659,2.1344100933,806.92272965,176.7242906,33.78249624,0.0013841885,0.0005500368,0.000316342,0.00078749,1.1553880787,0.1979018733,0.0005460813,0.0000465595,0.0016609856,0.0159298108,0.0037535124,0.0000488345,0.0039276742,0.0000187784,0.0044956571,1.5690045E-6,0.0016176313,0.0000210261,0.0001252715,0,0.0003106727,0.0016453329,0.0000191413,5.1355524E-7,2.385634E-6,0,8.1966659E-6,6.4870855E-6,1.815042E-7,7.210306E-7,0,2.8675667E-6,4.4074361E-7,1.3013823E-8,5.8792773E-8,0,2.1746561E-7
2010,4-Autumn,ABUR,0.034212963,0.4171064815,0.0286497045,0.0061671205,0.0065232116,0.0159593724,2.8532777778,31.889,0.0087245087,0.0006507937,90,0.0251361449,0.0225450922,0.0257978448,0.0007000692,0.0001879272,0.0000156714,0.0135341831,0.0004224476,0.0020232076,0.000304107,0.0083732649,0.0246572102,0.0003815791,0.0000100565,0.0000572116,9.5336149E-6,0.0002376319,0.000114801,2.7616747E-6,0.0000172942,2.6778076E-6,0.0000723582,8.425474E-6,2.3804552E-7,1.2586163E-6,2.0479597E-7,5.2190914E-6,14.412590674,2.2442759395,592.14000538,109.68594885,12.684231849,0.00235864,0.0010008028,0.0005532917,0.0012082393,1.1011564545,0.2336004698,0.0007779858,0.0000798616,0.0011113645,0.0225388152,0.0027632513,0.0000982533,0.0028008309,0.0000276938,0.0032982884,2.8016859E-6,0.0019331888,0.0004519531,0.0001064961,0.000090484,0.0003508768,0.0019996974,0.0000641654,0.0000108636,5.9177248E-6,2.8175242E-6,0.0000224703,0.0000191925,2.9638324E-6,1.6329738E-6,8.0148408E-7,7.1561958E-6,1.564648E-6,2.6045157E-7,1.6942838E-7,6.5375208E-8,6.6844642E-7
2011,1-Winter,ABUR,0.0175093633,0.2233614232,0.0149634244,0.0021653108,0.0043451827,0.0084529309,2.3968539326,27.655674157,0.003762947,0.0002776759,89,0.0241275632,0.0243658282,0.0224761144,0.0004024281,0.0000997821,6.9200591E-6,0.016175185,0.0090476155,0.0022619913,0,0.0083706296,0.0358554213,0.0002709866,0.0001128799,0.0000388207,0,0.0001443264,0.0000708098,0.0000294781,0.000010002,0,0.0000371891,5.5169606E-6,2.2062015E-6,7.6566431E-7,0,2.8481857E-6,12.99611514,3.6140305463,611.02643558,110.20341593,9.9183817714,0.0013703161,0.0003206045,0.0004718759,0.0007356396,0.9372845336,0.1902078526,0.0003720377,0.0000350811,0.0006407956,0.0146909548,0.0042596555,0.0000724504,0.0044394327,0.000019592,0.004745192,1.685495E-6,0.0025779118,0.0029347961,0.000116343,0,0.0002979132,0.003850007,0.0000460442,0.0000382384,3.885489E-6,0,0.0000128188,0.0000122739,9.974036E-6,9.2420661E-7,0,3.5161224E-6,1.0626423E-6,7.6751014E-7,9.9368797E-8,0,3.435693E-7
2011,2-Spring,ABUR,0.010483871,0.1345654122,0.0085731241,0.0012416121,0.0018305167,0.0055009953,2.6030645161,31.242150538,0.0025006701,0.0001728779,93,0.0332183913,0.0334666524,0.0320056341,0.0002745891,0.0000808896,5.4461314E-6,0.0141093988,0.0068343287,0.0023294792,0,0.0074816873,0.030754894,0.0001230073,0.0000650091,0.0000192221,0,0.0000613448,0.0000351771,0.0000178855,5.5658096E-6,0,0.0000177502,2.5345667E-6,1.2964764E-6,3.9611212E-7,0,1.2651914E-6,12.440880948,7.0702846715,876.79479345,189.20113025,20.234905589,0.0011188538,0.0002461698,0.0002130251,0.0007990474,1.2012778719,0.2262636752,0.0003436708,0.0000279358,0.00046701,0.0117279733,0.0048122846,0.0000536055,0.004892435,0.0000158267,0.0051654494,1.2270221E-6,0.003361629,0.0025832472,0.000126854,0,0.00029579,0.0041406509,0.0000326289,0.0000245298,2.451314E-6,0,7.2891004E-6,9.5151881E-6,6.8546329E-6,6.9210933E-7,0,2.2364174E-6,7.2574132E-7,5.0937107E-7,6.0552856E-8,0,1.8608457E-7
2011,3-Summer,ABUR,0.0434811828,0.3314516129,0.0173982241,0.0016392775,0.0028078621,0.0129510845,2.0278494624,31.444301075,0.0050467182,0.0002671699,93,0.0297445079,0.0293207368,0.0261472325,0.000450289,0.0001300722,6.3457897E-6,0.0044962409,0.0062174364,0.0021413993,0.0012687101,0.0069598758,0.0210836625,0.0000647516,0.0000883285,0.0000314002,0.000019738,0.0001013574,0.0000191929,0.0000265941,9.297653E-6,6.0206903E-6,0.0000300617,1.0792801E-6,1.4936967E-6,5.1740345E-7,3.3883957E-7,1.6749143E-6,15.226838226,1.0334926742,785.9803366,154.80292199,15.469079865,0.0016693826,0.000271928,0.0002354418,0.0013950303,1.1381729332,0.181548498,0.0005115541,0.0000361533,0.0023644839,0.0220575525,0.0036144785,0.0000658131,0.0036970637,0.0000199314,0.0040382322,1.2786455E-6,0.0006867233,0.0027930246,0.0001228085,0.000197281,0.0002797899,0.0029234149,0.0000116065,0.0000404423,3.4619672E-6,4.5934762E-6,9.6386499E-6,3.5266824E-6,0.0000123025,9.6883128E-7,1.4330555E-6,3.0475985E-6,2.1670673E-7,7.0888484E-7,7.1774057E-8,8.8077118E-8,2.1394807E-7
2011,4-Autumn,ABUR,0.0588425926,0.7267592593,0.0477567509,0.0072312348,0.0106613208,0.0298641953,2.5272222222,31.535888889,0.0141143199,0.0009687291,90,0.0286306243,0.0297952385,0.0336663927,0.0011897263,0.0003594098,0.0000257455,0.0083032348,0.0012170022,0.0020553317,0.0001878183,0.0076437977,0.0194071847,0.0003760777,0.0000540204,0.0000857985,6.8807316E-6,0.0003266745,0.000111113,0.0000159192,0.0000249241,1.864865E-6,0.0000953864,7.623868E-6,1.0083528E-6,1.6410097E-6,1.0605868E-7,6.3627734E-6,14.825211746,1.0274597721,617.76060261,122.83984174,13.488605421,0.0046002861,0.0009689946,0.0010439616,0.0030224146,1.2112766731,0.2455175881,0.0015444545,0.0001423078,0.0031358275,0.0548102338,0.0026168273,0.0001652465,0.0027387676,0.0000532996,0.0032515748,4.5916547E-6,0.0013218979,0.0007074698,0.0001115782,0.000038202,0.0003024533,0.0015630105,0.000074734,0.0000334885,8.8820164E-6,1.6771558E-6,0.0000319742,0.0000227795,0.0000100291,2.4750809E-6,4.6364678E-7,0.0000103272,1.7801135E-6,6.6388563E-7,2.3740079E-7,2.9176576E-8,9.1715576E-7
2012,1-Winter,ABUR,0.041412037,0.9904398148,0.0809756617,0.0204410291,0.0239437163,0.0365909163,2.2979444444,28.458722222,0.0218099418,0.001541126,90,0.0297264672,0.0286503738,0.0306162479,0.0022040802,0.0005906269,0.0000441677,0.0079696099,0.0038697317,0.0023019132,0,0.0087427833,0.0228840381,0.0005776586,0.000287821,0.0001727418,0,0.0006572144,0.0001585074,0.0000792526,0.0000470359,0,0.000179201,0.0000107624,5.4905616E-6,3.2135483E-6,0,0.0000122858,13.369365577,3.0537434562,624.89610385,118.37027965,11.03531495,0.0075978107,0.0024835037,0.0022846278,0.0035992523,1.0014297364,0.199337111,0.0021932397,0.0002133259,0.0020289553,0.073080276,0.0028774491,0.000293015,0.0030088487,0.0000857491,0.0035336613,8.0311295E-6,0.0011250377,0.0016582622,0.0001109939,0,0.00032157,0.0020142144,0.0000938443,0.0001251814,0.0000174323,0,0.0000622216,0.0000263136,0.0000342754,4.4082902E-6,0,0.0000177754,1.9804714E-6,2.4254961E-6,4.3120531E-7,0,1.596135E-6
2012,2-Spring,ABUR,0.0366935484,1.2770385305,0.1455056346,0.0682885538,0.0465859349,0.0306311459,2.9375268817,33.616451613,0.0460625361,0.0033341375,93,0.0262053708,0.0273245699,0.0248921337,0.0034706542,0.0011335159,0.0000794792,0.0058714246,0.0018027761,0.0029235267,0,0.0115431784,0.0221409058,0.0007622222,0.0002305027,0.0003931671,0,0.0015377946,0.0002421918,0.0000718454,0.0001256625,0,0.0004920186,0.0000186412,5.5473234E-6,9.5510032E-6,0,0.0000376848,13.276091662,4.0931439619,830.86431245,140.63147645,13.706850168,0.016302196,0.0103566722,0.0047676258,0.0028877326,1.2337074548,0.2695528184,0.0055090096,0.0004967052,0.0013612718,0.0923436207,0.0026596497,0.0005382312,0.0028175531,0.0001862921,0.0033155138,0.0000161022,0.0009231213,0.0011844864,0.0001524302,0,0.0004926325,0.0015814368,0.0001449824,0.0001663739,0.000048764,0,0.0001748919,0.0000482399,0.0000542363,0.0000152896,0,0.0000605702,4.0145982E-6,4.1835831E-6,1.510859E-6,0,5.7093478E-6
2012,3-Summer,ABUR,0.0693100358,2.2582885305,0.2152839986,0.0849864476,0.0678246551,0.062472896,1.4037096774,31.205645161,0.0633131168,0.0023339617,93,0.0268187078,0.027751074,0.0227380821,0.0053227025,0.0015959417,0.0000526843,0.0087536548,0,0.0033910593,0.0002911183,0.0110867521,0.0235225844,0.0018143411,0,0.0006900635,0.0000578479,0.0022492787,0.0005330721,0,0.000202016,0.0000176279,0.000659309,0.0000210226,0,8.239746E-6,6.2490599E-7,0.0000269183,15.596034827,0.8067991145,925.62382542,189.69483575,31.211714869,0.0223588412,0.0108089001,0.0070420948,0.0058871051,1.1313119885,0.1215082623,0.0068613622,0.0003199912,0.0022581618,0.1689751736,0.0026475075,0.0007100743,0.0028683471,0.0002193883,0.0034168223,0.0000101912,0.0014022106,0,0.0001641538,0.0000242459,0.0004690974,0.0014656979,0.0003458486,0,0.000081165,8.3099616E-6,0.0002424932,0.0001031964,0,0.0000218339,2.6235275E-6,0.0000732227,4.2599017E-6,0,1.1513384E-6,1.1426843E-7,3.5756326E-6
2012,4-Autumn,ABUR,0.0477314815,1.8456944444,0.1740629965,0.0643495941,0.0579803487,0.0517330537,2.0483333333,35.192555556,0.054937113,0.0028975401,90,0.0346396335,0.0339989702,0.0410944166,0.0057861542,0.0018175862,0.0001084875,0.013954785,0.0056758403,0.00226234,0.0003845148,0.0110664722,0.0333439524,0.0024414831,0.0007782756,0.0003797527,0.0000736074,0.0018057946,0.0007720323,0.0002710541,0.000122246,0.0000226945,0.0005877198,0.000039344,0.0000104012,5.6233419E-6,8.048418E-7,0.0000273949,16.067117525,0.8043648506,593.25038144,150.66935723,25.930726099,0.0157592708,0.00672463,0.0054353104,0.0046236624,1.2849123235,0.1822477298,0.0055270991,0.0003834796,0.0015206904,0.1282523185,0.0039381231,0.0007958665,0.0041461579,0.0002756947,0.0045712314,0.0000185501,0.0022230205,0.0027793311,0.0001060945,0.0000337211,0.0004269954,0.003571224,0.0004466025,0.000389812,0.0000373291,0.0000103915,0.0001762886,0.0001420259,0.0001371987,0.0000114848,3.2777661E-6,0.0000629453,8.4675632E-6,5.4843087E-6,7.1399766E-7,1.4202709E-7,3.5183943E-6
2013,1-Winter,ABUR,0.0549859551,2.5196629213,0.2555330801,0.103208576,0.0739514081,0.0783730959,2.8290449438,32.241292135,0.080305812,0.0058420971,89,0.0289577239,0.0308581399,0.0315544417,0.0069591974,0.0022765864,0.0001719135,0.0107425965,0.0008993563,0.0025668888,0,0.0105823485,0.0247911901,0.002476443,0.0002286887,0.0006131085,0,0.0025304935,0.0007288921,0.0000738738,0.0001829723,0,0.0007561645,0.000054172,5.6978207E-6,0.0000139428,0,0.000057437,12.963665835,3.581638942,614.72364669,123.32673884,12.302110679,0.0224590085,0.0115542282,0.0063404605,0.007299188,1.2695321486,0.2808939218,0.0083843166,0.000802621,0.0018065649,0.1602782568,0.0027456705,0.0008837763,0.0029622943,0.0003409192,0.0037606644,0.0000328785,0.0017702423,0.000994906,0.0001295333,0,0.0004498255,0.0020745322,0.0004453703,0.0002549404,0.0000575583,0,0.0002270871,0.0001340361,0.000083104,0.0000165703,0,0.000076334,0.0000107218,6.4344908E-6,1.8597945E-6,0,7.4621099E-6
2013,2-Spring,ABUR,0.043077957,3.1042114695,0.3380474502,0.1641030078,0.104480558,0.0694638844,1.8811290323,32.997903226,0.1055183996,0.0051089285,93,0.020132581,0.019766789,0.0225982717,0.0067638727,0.0020614163,0.0001090814,0.0051221538,0,0.0032989221,0,0.0119664992,0.0203875751,0.0017047466,0,0.0011096395,0,0.0040107801,0.0005326711,0,0.0003488798,0,0.0012625298,0.000026485,0,0.0000176986,0,0.0000647022,14.27141052,2.6413569053,892.79816781,166.10851335,18.758977215,0.0281548515,0.0159885464,0.0085137954,0.0058808869,1.2400609066,0.1636926114,0.0096973644,0.0006317381,0.0014415504,0.1946942212,0.0020894428,0.0009098584,0.0022498522,0.0002942681,0.0031643069,0.0000184376,0.0008358631,0.0000295865,0.0001618607,0,0.0005324669,0.0010050015,0.0003169211,9.3372342E-6,0.0001049176,0,0.0003588018,0.0000993209,2.7400313E-6,0.0000297274,0,0.0001212488,5.3844789E-6,1.2418559E-7,2.2029854E-6,0,7.6247109E-6
2013,3-Summer,ABUR,0.0577284946,3.4832437276,0.311940407,0.1235753014,0.094595865,0.0937692407,1.4993548387,33.479946237,0.098505163,0.0037225685,93,0.0197370998,0.0196334787,0.0128403913,0.006231935,0.001959706,0.0000564358,0.0072180835,0,0.0028421016,0,0.0110939283,0.0211541134,0.0022538809,0,0.0008942307,0,0.0034904543,0.0007099276,0,0.0002824837,0,0.0011025001,0.0000273416,0,0.0000117272,0,0.0000455982,15.515711347,0.9092495066,772.19415824,197.73454507,55.674749816,0.0267396213,0.0127032336,0.0079887285,0.0075637188,1.215239365,0.1311780779,0.0093788274,0.0004595102,0.0017380862,0.2203797745,0.002185961,0.0008453362,0.0023728852,0.0002895144,0.002866827,0.0000132772,0.0011523269,0,0.0001364409,0,0.0004537776,0.0012411642,0.0003911596,0,0.0000847773,0,0.0003278128,0.0001265596,0,0.0000252076,0,0.0001121247,5.3730095E-6,0,1.5309514E-6,0,5.9381776E-6
2013,4-Autumn,ABUR,0.0624768519,2.7529166667,0.2337838026,0.0713924581,0.0769168544,0.0854744901,1.1087222222,31.481222222,0.0694653234,0.0020634547,90,0.0187480493,0.0174794419,0.0204093662,0.004506133,0.0012791961,0.0000418576,0.006900524,0.0015281568,0.0024051396,0,0.0105308486,0.0213646689,0.0017087944,0.0003488527,0.0005867393,0,0.0025599999,0.0005212459,0.0001028565,0.0001775129,0,0.0007739219,0.0000142176,2.9894505E-6,4.9900213E-6,0,0.0000217657,15.910931732,0.7147146844,603.84236001,154.98970767,39.06619496,0.0235631707,0.0083511942,0.0081005286,0.0084241969,1.1256509117,0.0940647406,0.0075639514,0.0002722756,0.0021296221,0.2037421994,0.0025800232,0.0007673143,0.0026973759,0.0002378192,0.0032183414,8.4398888E-6,0.001227523,0.001119698,0.0001204028,0,0.0004285482,0.0017381232,0.0003341988,0.0002603432,0.0000607301,0,0.0002574219,0.0001035354,0.0000778836,0.0000172312,0,0.0000826773,2.9552121E-6,2.1867887E-6,6.5119036E-7,0,2.7479731E-6
2014,1-Winter,ABUR,0.0351357678,1.3324438202,0.1257336851,0.0497102014,0.0405323907,0.035491093,2.0700561798,35.980898876,0.0428221918,0.0019866032,89,0.0408192747,0.0432109214,0.0479334241,0.0047480397,0.0017781566,0.0000881893,0.0385591432,0.0220146353,0.0022364996,0,0.0103574235,0.0731677015,0.0032243738,0.001911684,0.0003349877,0,0.0015983607,0.0011308493,0.0006692882,0.0001057177,0,0.000504571,0.0000524088,0.0000308038,4.5723202E-6,0,0.0000218895,14.785370584,1.1545453512,618.18144331,138.55147356,17.953985062,0.0164152672,0.0081137808,0.0052970774,0.0040484168,1.4364379526,0.1888377075,0.0063957078,0.0003802688,0.001280031,0.1255171979,0.014099893,0.0013581298,0.0140481708,0.0004945294,0.0140790713,0.0000253202,0.0125742864,0.00616281,0.0001339575,0,0.0004356328,0.0141963257,0.0010536281,0.0005856568,0.000042582,0,0.0001899921,0.0003824794,0.0002080902,0.0000126313,0,0.0000645937,0.0000188248,0.0000102005,7.7416573E-7,0,3.5967742E-6
2014,2-Spring,ABUR,0.0648521505,0.432437276,0.0204773553,0.0033120937,0.0049871785,0.0121780831,2.5884408602,38.404623656,0.0073758246,0.0003783696,93,0.0345135888,0.0351087774,0.0321548433,0.0005960966,0.000215776,0.0000102269,0.0122949949,0.0028414872,0.0020939265,0,0.008337134,0.0255675426,0.0001892522,0.0000374261,0.0000353882,0,0.0001429731,0.0000673341,0.0000132631,0.0000127073,0,0.0000513719,3.7345215E-6,9.1959829E-7,7.2604424E-7,0,2.9019512E-6,14.120336409,3.0596747586,935.55610956,195.03163227,19.686878381,0.0016843215,0.0004210559,0.0004999465,0.0010623007,1.3585423771,0.2298410968,0.0006604857,0.000046716,0.0038292485,0.0299604308,0.003832538,0.0000722551,0.003859937,0.0000267025,0.0044010319,1.8680549E-6,0.0025213597,0.0022771478,0.0001046678,0,0.000320065,0.0033963546,0.0000372374,0.0000316317,3.4035925E-6,0,0.0000128741,0.0000133516,0.000011354,1.1474345E-6,0,4.9974495E-6,8.1445369E-7,8.3113037E-7,1.0680185E-7,0,4.0298898E-7
2014,3-Summer,ABUR,0.3142249104,1.6198252688,0.0654828149,0.0020297335,0.0053960507,0.0580570307,1.5441935484,41.529623656,0.0257481653,0.0007694266,93,0.0248513403,0.0257719992,0.0230489317,0.0013265116,0.0005295588,0.0000144796,0.0047305573,0.0007495826,0.0015427805,0.0001058246,0.0057470085,0.0128757535,0.0002769188,0.0000630583,0.0000794033,8.9024455E-6,0.0002915578,0.0001073549,0.0000246518,0.0000307685,3.480295E-6,0.0001128397,3.1768504E-6,6.4865704E-7,9.7753723E-7,9.1576157E-8,3.5897949E-6,17.480903212,0.5946985688,871.9879715,163.71717448,19.980424572,0.0057763472,0.00025021,0.0005795819,0.0053628912,1.6349090569,0.1427755981,0.0025949688,0.0001032072,0.015413453,0.1174399174,0.0019013566,0.0001669957,0.0020282064,0.0000716132,0.0026249249,2.6505466E-6,0.0007553982,0.0005407055,0.0000831759,0.000020137,0.0002534893,0.000987343,0.0000573305,0.0000460568,7.2760457E-6,2.0441173E-6,0.0000258925,0.0000227302,0.0000179521,2.5527356E-6,8.1472224E-7,0.0000111271,6.8345518E-7,4.7989576E-7,1.2801611E-7,2.3786786E-8,4.6239038E-7
2014,4-Autumn,ABUR,0.2132407407,1.4827083333,0.0672326151,0.002404671,0.0062536705,0.0585742735,1.6211111111,41.379388889,0.0260736565,0.0008369849,90,0.0384940606,0.0387300885,0.0434250785,0.0025253201,0.0009889219,0.000037121,0.0249318718,0.0112498452,0.0013740997,0.000409305,0.0050581927,0.0430233144,0.0016426675,0.0007190767,0.0000983475,0.0000324323,0.0003583044,0.0006407908,0.0002821589,0.0000380252,0.0000124902,0.0001388495,0.0000213081,9.8346951E-6,1.1292522E-6,3.2677345E-7,4.1989423E-6,18.56218096,0.5615079502,577.33139413,142.69138383,44.271704596,0.0050275725,0.000252794,0.0005640448,0.0045946976,1.3961331661,0.1353081691,0.0021383343,0.0000934898,0.0087227408,0.0907289284,0.0056473434,0.0004237638,0.0056836683,0.0001730682,0.0058953021,7.1371007E-6,0.0039637231,0.0037402619,0.0000623223,0.0000659677,0.000193011,0.0053902447,0.0002766002,0.0002437324,8.2101378E-6,5.9476238E-6,0.0000279042,0.0001115193,0.0000962241,2.8896813E-6,2.3302328E-6,0.0000115941,4.2710236E-6,3.4015062E-6,1.2702814E-7,6.6973408E-8,4.6182132E-7
2015,1-Winter,ABUR,0.1008426966,0.9395131086,0.0511471886,0.0062590734,0.0086663159,0.0362217992,2.4308988764,41.458595506,0.0196728252,0.0009199855,89,0.0413323025,0.0412227222,0.0455238525,0.0021806986,0.0008474428,0.0000403575,0.0252396917,0.0131589416,0.0014606539,0,0.0065679484,0.0464272356,0.0013020093,0.0006779165,0.0000772271,0,0.000355067,0.0005098823,0.0002653223,0.0000299853,0,0.0001378343,0.0000223724,0.0000114579,1.3207443E-6,0,5.976109E-6,16.236449584,0.6388720555,579.44215849,125.84300152,21.814978936,0.0040184454,0.0009347445,0.0008413521,0.0027282926,1.3928132635,0.2007098255,0.0016735543,0.0000992563,0.0037876947,0.0540524183,0.0056321152,0.0003276477,0.0056909407,0.0001311226,0.0059775549,6.4867604E-6,0.0038776133,0.0040496295,0.0000707904,0,0.0002419413,0.0054849401,0.0002219797,0.0002183859,6.9557539E-6,0,0.0000306101,0.0000897051,0.0000854475,2.4766934E-6,0,0.0000127609,4.1273809E-6,3.6990069E-6,1.5422269E-7,0,7.047956E-7
2015,2-Spring,ABUR,0.1912634409,1.3482526882,0.0705101007,0.0110397651,0.0133426577,0.0461276779,2.5327419355,40.687096774,0.0266647352,0.0012313758,93,0.0456159343,0.0449879061,0.0379038709,0.0026473987,0.0009972105,0.0000451451,0.0212591131,0.0058112675,0.0015982439,0,0.0064028587,0.0350714833,0.0011512667,0.0003052479,0.0000957926,0,0.0003967301,0.0004471772,0.0001192374,0.0000366228,0,0.0001515024,0.0000259045,6.9505765E-6,1.9266578E-6,0,7.7594964E-6,14.417659752,1.7253528828,762.84995865,145.26383766,22.352503612,0.006153302,0.001438154,0.0014048785,0.0041826084,1.4667152693,0.2151954783,0.0025001025,0.0001473696,0.0105824424,0.092350759,0.0043988281,0.0003477794,0.0044814628,0.0001377718,0.0047552973,8.0957906E-6,0.0031937095,0.0024342306,0.0000748989,0,0.0002413751,0.0040015438,0.0002158071,0.0001374194,9.3574318E-6,0,0.0000373542,0.0000856191,0.0000538214,3.3695288E-6,0,0.0000151001,5.3534235E-6,3.1536134E-6,2.4959158E-7,0,9.7829859E-7
2015,3-Summer,ABUR,0.2522849462,2.0730958781,0.118470697,0.0258372796,0.0267422085,0.0658912089,1.1697849462,38.877043011,0.0438591965,0.0011381549,93,0.032672836,0.0324191808,0.0307242343,0.004127298,0.0015249399,0.0000373568,0.0209013894,0.0042162984,0.0019144342,0,0.0082200466,0.0352521687,0.0025759799,0.0005482802,0.0002326048,0,0.001036484,0.0009514925,0.0002027902,0.0000857154,0,0.0003821597,0.0000240571,5.1351616E-6,2.2219862E-6,0,9.9711863E-6,18.089496188,0.6258042388,692.39083771,166.79831963,56.318588537,0.0119391826,0.0042363159,0.0033542083,0.0061017901,1.3761286181,0.1031013816,0.0049346368,0.0001650171,0.0100138579,0.1489946044,0.0041555225,0.0006660667,0.0041423796,0.0002575944,0.0044043399,8.0172845E-6,0.0031567978,0.0020067527,0.000098452,0,0.0003232453,0.0037219326,0.0004752521,0.0002787331,0.0000270222,0,0.0001206046,0.0001802008,0.0001041556,9.5308885E-6,0,0.0000479457,5.0327207E-6,2.7160958E-6,3.4439575E-7,0,1.5563796E-6
2015,4-Autumn,ABUR,0.1213425926,1.2301388889,0.0563056697,0.0000858575,0.0002842496,0.0559355626,2.1931111111,39.020222222,0.0213895968,0.0009043295,90,0.0198806935,0.018784106,0.0274609812,0.0013500521,0.000498233,0.0000247382,0.0134264449,0.0118333384,0.0015959115,0,0.0040989254,0.0309546201,0.0008318384,0.0006003681,0.0001005458,0,0.0002520809,0.0003098801,0.0002233787,0.0000379574,0,0.0000948278,0.0000117245,9.2825991E-6,1.4477945E-6,0,3.6350304E-6,18.398368935,0.6056772137,566.24338358,208.78204669,125.29507229,0.0067600419,0.0000326049,0.0000755059,0.0067574354,1.4545757141,0.1994755962,0.0028021733,0.0001445168,0.0054972113,0.1035761954,0.0045701758,0.0003110815,0.00454336,0.0001210362,0.0050615967,5.7328092E-6,0.0019839588,0.0038164483,0.0000799204,0,0.0002056791,0.0042926808,0.0001540796,0.0002158338,0.0000116875,0,0.0000288098,0.0000594075,0.0000828561,4.3301554E-6,0,0.0000117421,2.4817597E-6,3.4571394E-6,2.1813535E-7,0,5.3772446E-7
2016,1-Winter,ABUR,0.0175,0.0753703704,0.0043804283,0.0001694556,0.0006018866,0.0036090861,2.823,36.079888889,0.0014988908,0.000114108,90,0.0178368126,0.0165320402,0.0130047154,0.0001052422,0.0000354676,3.9816565E-6,0.0362801877,0.0268118238,0.0015239292,0,0.0051761539,0.0679078105,0.0002424947,0.0002690476,0.0000165632,0,0.0000558432,0.0000835615,0.0000913948,5.6394075E-6,0,0.0000190595,5.4428363E-6,5.2710906E-6,3.4370097E-7,0,1.186222E-6,15.192710752,0.9266871486,576.70267333,143.8000811,38.85230313,0.0006115783,0.0000421787,0.0001088873,0.0005338862,1.3629842831,0.2561110167,0.0002245265,0.0000215908,0.000896674,0.0075462589,0.0098751396,0.0000921306,0.009405035,0.0000304513,0.0082000433,2.1356291E-6,0.0063300002,0.0071991342,0.0000802405,0,0.0002402893,0.0101709072,0.0000521455,0.0001042865,2.3798387E-6,0,7.6130515E-6,0.0000183212,0.0000353107,7.6992757E-7,0,2.7871927E-6,1.3014593E-6,2.1168342E-6,6.0185809E-8,0,1.9774752E-7
2016,2-Spring,ABUR,0.0222222222,0.0465501792,0.0012725929,0,0,0.0012725929,2.9378494624,33.872903226,0.000378435,0.0000152582,93,,,,0,0,0,0.0401236507,0.0187511554,0.0020833597,,0.0038232,,,,,,,,,,,,,,,,,14.303246477,1.8316495705,786.84204161,236.40670977,71.825681056,0.0002810024,0,0,0.0002810024,1.1804176125,0.2506853237,0.0000871896,3.8505966E-6,0.0023111632,0.0076643768,,0,,0,,0,0.0096496658,0.0072381433,0.000118806,,0.0002060097,,,,,,,,,,,,,,,,
2016,3-Summer,ABUR,0.0542562724,0.2635080645,0.0126796061,0.0002519969,0.0007892225,0.0116383867,1.7027419355,33.437258065,0.0039949484,0.0001782024,93,0.0997963224,0.1005137872,0.1034297288,0.0011548799,0.0003670923,0.0000161726,0.0587914338,0.0315904455,0.0020014735,0,0.0042692388,0.0857217474,0.0005927986,0.0003424143,0.0000236224,0,0.0000529553,0.0001881636,0.0001085602,7.4819695E-6,0,0.0000167558,8.0962886E-6,4.6102396E-6,3.2190466E-7,0,7.2908241E-7,16.476392734,0.7351706427,766.78457791,231.3381032,65.581952606,0.0015882014,0.0000713449,0.0001735373,0.0015024774,1.2729596509,0.1421259897,0.0005287933,0.0000280009,0.0029146833,0.0232506176,0.0152871316,0.0002275885,0.0152792274,0.0000743185,0.015511591,3.4762929E-6,0.0113403191,0.0099341772,0.0001062369,0,0.0002057269,0.0147541789,0.0001486849,0.0001227505,3.0773564E-6,0,6.779383E-6,0.0000482262,0.000039293,9.2701871E-7,0,2.2752602E-6,2.1809363E-6,1.722014E-6,4.9954846E-8,0,1.1242398E-7
2016,4-Autumn,ABUR,0.0576388889,0.4590277778,0.0288977213,0.0036131735,0.0071451648,0.018139383,1.9407222222,29.548833333,0.0079502555,0.000442416,90,0.0607368557,0.059510806,0.0627911211,0.0015816021,0.0004340032,0.0000238466,0.0344668636,0.0101737775,0.0020798724,0,0.0073228425,0.054043356,0.0009147872,0.0002633428,0.0000548284,0,0.0001966142,0.0002536496,0.0000735004,0.0000153063,0,0.0000548103,0.0000129136,3.7695746E-6,8.0184874E-7,0,2.9241585E-6,15.877913323,0.7936542247,587.64666983,159.01652232,28.437497456,0.0030632255,0.0005659452,0.0008747397,0.0020765213,1.063956377,0.1699184204,0.0008806139,0.0000620025,0.0030450288,0.0386896752,0.007315109,0.0002589194,0.0073247684,0.0000727042,0.0075343682,4.3736989E-6,0.005297654,0.0042389682,0.000108143,0,0.0002782173,0.0068188244,0.0001821159,0.0001154175,6.6212003E-6,0,0.0000228074,0.000050878,0.0000322392,1.7303016E-6,0,6.5419835E-6,2.753737E-6,1.6448011E-6,1.1728749E-7,0,4.2198586E-7
2017,1-Winter,ABUR,0.0084269663,0.0833333333,0.0066557677,0.0014726622,0.0020896327,0.0030934728,2.8935526316,34.794342105,0.0023009791,0.0001685596,89,0.0139009381,0.0160118053,0.0177644435,0.0002042876,0.0000636599,4.7901995E-6,0.0390396446,0.040318991,0.0020949577,0,0.0088065639,0.051251037,0.0002543336,0.0004117392,0.0000385313,0,0.000170343,0.0000726765,0.0001212005,0.0000111214,0,0.0000491364,4.8384091E-6,8.6834423E-6,7.5963537E-7,0,3.3510596E-6,14.013155264,1.3974192187,576.98995721,145.19680283,23.440505065,0.0009353505,0.0002749676,0.0003226223,0.0004333243,1.4839488393,0.2744076598,0.000339505,0.0000320006,0.0005440614,0.0087049348,0.0095534107,0.0000850989,0.0100666336,0.0000262037,0.0098311747,1.9101837E-6,0.0101830125,0.0073683006,0.000131627,0,0.0005824514,0.0111103416,0.0000627273,0.0001569785,6.0505824E-6,0,0.0000252187,0.0000180911,0.0000471756,1.6153897E-6,0,7.5502086E-6,1.3551895E-6,3.5858127E-6,1.5419693E-7,0,6.545426E-7
2017,2-Spring,ABUR,0.0017921147,0.0035842294,0.0000490591,0,0,0.0000490591,1.51,37.13,0.0000797516,2.7490532E-6,93,,,,0,0,0,0.0043119244,0,,,0.0038232,,,,,,,,,,,,,,,,,13.655629053,2.630809796,786.40735883,205.86094667,31.591086132,9.5820231E-6,0,0,9.5820231E-6,2.521695022,0.2313687382,0.0000165171,6.8771331E-7,0.0001299745,0.000433144,,0,,0,,0,0.0017448459,0,,,0.0003683274,,,,,,,,,,,,,,,,
2017,3-Summer,ABUR,0.0301299283,0.0813396057,0.0013409812,0,0,0.0013409812,1.1617204301,35.501075269,0.0004389185,0.0000117244,93,0.0397882303,0.038384686,0.0352660544,0.0000369168,0.0000117835,3.1181361E-7,0.0061626079,0,0.0017147656,0,0.0038232,0.0119891947,7.4713749E-6,0,2.1363333E-6,0,4.6173803E-6,2.4741253E-6,0,7.1247929E-7,0,1.5449643E-6,6.7231895E-8,0,1.8971669E-8,0,4.1191355E-8,16.603788386,0.6353821179,766.78912527,195.18207101,26.119418631,0.0001363683,0,0,0.0001363683,1.2834299399,0.0942016416,0.0000460314,1.5866436E-6,0.0012963649,0.0062156403,0.0041161522,5.3642615E-6,0.0042203335,1.7784974E-6,0.0047603755,5.9255183E-8,0.0024884843,0,0.0000982866,0,0.0002051318,0.0029170719,3.4720553E-6,0,2.5798701E-7,0,5.5229737E-7,1.1309549E-6,0,7.8913185E-8,0,1.918183E-7,3.1666471E-8,0,2.8719861E-9,0,6.2637519E-9
2017,4-Autumn,ABUR,0.0836805556,0.3578009259,0.012367629,0.0011051329,0.0015197683,0.0097427278,1.6597222222,30.746888889,0.003600544,0.000183131,90,0.0396906224,0.0392882077,0.0466816124,0.0003347385,0.0000978669,5.1834277E-6,0.0081403905,0.000302572,0.0018963863,0,0.0042716449,0.0146109937,0.000075546,6.6691576E-6,0.0000156269,0,0.0000410006,0.0000219704,1.9342446E-6,4.539257E-6,0,0.0000119078,1.0682005E-6,1.02375E-7,2.160527E-7,0,5.8103868E-7,16.605868646,0.6334993064,589.08878111,163.5217371,28.147047644,0.0013623989,0.000226381,0.0002667814,0.0011262777,1.129716275,0.1483298641,0.0004353207,0.0000283665,0.0039477505,0.0300896908,0.0029313058,0.0000445344,0.0030281684,0.0000139186,0.00344297,8.8818456E-7,0.0020466905,0.00032848,0.0000965977,0,0.0002012356,0.0020851542,0.0000170177,7.3513387E-6,1.7358359E-6,0,4.66314E-6,4.9540488E-6,2.1278522E-6,4.6917964E-7,0,1.4417186E-6,2.6612505E-7,1.1421022E-7,3.1607057E-8,0,8.7963616E-8
2018,1-Winter,ABUR,0.0861189139,0.7297050562,0.0573569003,0.0207070951,0.0190796476,0.0175701575,2.1217977528,29.60011236,0.0158123909,0.001104875,89,0.0496033264,0.0485568573,0.0546586197,0.0022541027,0.0006251962,0.0000456373,0.0171910368,0.0032721601,0.0023876543,0.0000116782,0.0090394309,0.0319019603,0.000709911,0.0001405829,0.0001167835,1.0991941E-6,0.0004480143,0.0002042848,0.0000407248,0.0000329709,2.9837314E-7,0.000126694,0.0000104214,2.0559477E-6,2.1726726E-6,2.7317035E-8,8.1948134E-6,14.42151657,1.6354095807,574.81938393,148.35723293,20.83811082,0.0049842418,0.002197434,0.0016324929,0.001574082,1.0862833429,0.1819757712,0.0014869922,0.0001481081,0.0036657655,0.0483485507,0.0041624638,0.0002663482,0.0042455133,0.0000793334,0.0046971056,7.0462916E-6,0.0029322754,0.002099211,0.0001131726,2.3005122E-6,0.0003345007,0.0036190833,0.0001412634,0.0001023734,0.0000113751,2.6388909E-7,0.0000420431,0.0000413182,0.000029962,2.9883907E-6,7.3452515E-8,0.0000125842,2.1743946E-6,1.6156362E-6,2.9978438E-7,7.3233304E-9,1.074577E-6
2018,2-Spring,ABUR,0.0888216846,1.4824148746,0.1775180408,0.0967942986,0.0525240254,0.0281997168,2.2011735976,32.602809991,0.0558355059,0.0031503641,93,0.0330549829,0.0348314084,0.0283334171,0.0051169316,0.0016633609,0.0000850673,0.0072149276,0.0011329088,0.0033385698,0.000013755,0.0122295975,0.0239297587,0.001215457,0.0002048269,0.000521943,1.294667E-6,0.0019327136,0.0003825222,0.0000662652,0.0001592796,3.514337E-7,0.0005921662,0.0000225253,3.7239537E-6,9.8554988E-6,3.2174904E-8,0.0000363398,13.380549843,4.0741500837,787.11039717,180.51612797,14.528106778,0.0167015908,0.0100364052,0.0047068596,0.0025116454,1.17673426,0.1920991509,0.0058337137,0.000426237,0.0032494099,0.0993874797,0.0029344118,0.0006896842,0.0030107158,0.0002343259,0.0037741217,0.0000181871,0.0017070639,0.0011958704,0.0001483334,2.709619E-6,0.00055183,0.0021651839,0.0003293514,0.000217976,0.0000527799,3.1081726E-7,0.0001947704,0.0001067643,0.0000702441,0.0000153813,8.651479E-8,0.0000641086,6.5604699E-6,4.0498925E-6,1.3728044E-6,8.6256596E-9,5.009832E-6
2018,3-Summer,ABUR,0.054905914,1.4554659498,0.1205166871,0.0465488177,0.0342954385,0.039672431,1.8194521461,32.121797287,0.0364866234,0.0017057748,93,0.0187894709,0.018285122,0.0197713816,0.0023111353,0.0006580656,0.0000345963,0.0169954395,0.0022235903,0.002998005,0.0001710057,0.0104925,0.0328805405,0.0016822571,0.0001854283,0.0004483038,0.0000330265,0.0016048599,0.0005062332,0.0000557783,0.0001379866,0.0000100665,0.0004952929,0.0000252793,2.8213071E-6,6.5711526E-6,4.3099826E-7,0.0000235449,17.654021115,0.6186065777,766.55800254,223.9160366,55.342357156,0.012392092,0.0062215239,0.0037403453,0.0035812352,1.1726442054,0.1581280678,0.0040062694,0.0002468308,0.0020735195,0.1037857509,0.0036826592,0.0005060766,0.0037158961,0.0001580877,0.0042324429,9.9094035E-6,0.0032263724,0.0014135571,0.0001497795,0.000023356,0.0004504035,0.0035342074,0.0003647129,0.0001387072,0.000051304,6.4800256E-6,0.0001729892,0.0001088133,0.0000416484,0.0000147232,2.0464928E-6,0.0000562495,6.0761133E-6,2.1797639E-6,9.1711679E-7,9.7441971E-8,3.1988828E-6
2018,4-Autumn,ABUR,0.0369907407,0.4279398148,0.0214641314,0.0021065801,0.0051846167,0.0141729347,1.4286388445,32.378830742,0.0065287403,0.0002408808,90,0.0530211566,0.0531183407,0.0506170501,0.0015551264,0.0004692366,0.0000163457,0.0605373546,0.0084923961,0.0019792471,0,0.0076104719,0.0786194697,0.001594986,0.0002476096,0.0000589191,0,0.0002208581,0.0004839244,0.0000751622,0.0000179705,0,0.0000673144,0.0000186583,2.9349819E-6,7.1833298E-7,0,2.6688274E-6,17.501802097,0.6152330287,589.08124166,172.47179687,37.106786958,0.0024153903,0.0003173228,0.0006424222,0.0015735243,1.2696393402,0.1240495213,0.0007884647,0.0000350587,0.0013889903,0.0343412907,0.0103685504,0.0003159842,0.010393574,0.0000980316,0.0104392567,3.9322867E-6,0.0096402334,0.00337291,0.0001097662,0,0.0003372455,0.0101698803,0.000288087,0.0001028983,6.8735297E-6,0,0.0000237823,0.0000896336,0.0000315808,1.9685425E-6,0,7.7557305E-6,3.7526965E-6,1.2559128E-6,1.0681804E-7,0,3.7292517E-7
2019,1-Winter,ABUR,0.0047050562,0.0180243446,0.000837069,7.9967806E-6,0.0000510129,0.0007780593,2.210505618,34.134775281,0.0002781013,0.0000113936,89,0.0460396258,0.0457491782,0.0471460362,0.000038778,0.0000134933,5.5214654E-7,0.0322624598,0.0236048561,0.0017179913,0,0.0044438632,0.0620291704,0.0000675602,0.0000191343,2.4804441E-6,0,8.5411074E-6,0.0000218136,6.3533821E-6,7.9794952E-7,0,2.7381344E-6,8.394686E-7,2.5408581E-7,3.1274144E-8,0,1.0621327E-7,14.365932098,1.643970665,575.34808652,159.56302445,38.28163886,0.0001210612,2.9923618E-6,0.0000136242,0.0001115107,1.2178864563,0.1918764289,0.0000435333,2.1597014E-6,0.0002424573,0.0015617447,0.0082616734,0.0000145838,0.0083919736,4.8428177E-6,0.0088239512,2.100617E-7,0.0060431649,0.00733548,0.0000893372,0,0.0002178608,0.0094574197,0.0000154293,6.4706263E-6,3.9244293E-7,0,1.3333278E-6,5.0431248E-6,2.1869692E-6,1.1973112E-7,0,4.4496685E-7,2.111429E-7,9.2800048E-8,5.8710285E-9,0,1.9952604E-8
2019,2-Spring,ABUR,0.0987455197,0.277016129,0.0073412852,0.0001503235,0.0004172992,0.0067736625,2.1320430108,33.08655914,0.0022475035,0.0001124002,93,0.0638270041,0.0636657537,0.0605858165,0.0002260355,0.0000695962,3.1846315E-6,0.0063711205,0.0043939232,0.0021310035,0,0.00637572,0.0192717672,0.0000255955,0.0000176256,8.3843284E-6,0,0.0000226843,7.8904101E-6,5.4175875E-6,2.5658671E-6,0,6.9330006E-6,3.6409014E-7,2.4857574E-7,1.3254237E-7,0,3.693229E-7,13.484933512,3.7519872977,786.98930374,215.0627448,43.273223313,0.000676583,0.0000350893,0.0000574438,0.0006435401,1.2088475235,0.1934377409,0.0002310583,0.0000174087,0.0053300256,0.0209984336,0.0041237276,0.0000268109,0.0041946424,9.0110128E-6,0.0045074999,5.2919737E-7,0.0024970717,0.0016843392,0.0001299326,0,0.0002811028,0.0030543776,8.2202084E-6,0.0000128101,9.4527774E-7,0,2.4154746E-6,2.567531E-6,3.9729394E-6,2.5805752E-7,0,7.8993373E-7,1.2159017E-7,1.8346062E-7,2.0961303E-8,0,5.5991277E-8
2019,3-Summer,ABUR,0.1357526882,0.6044578853,0.0206107689,0.000260743,0.0008177369,0.019532289,1.1787096774,31.789677419,0.0060791929,0.0001986816,93,0.0269498129,0.0266209132,0.0277462558,0.0005047121,0.0001504995,5.2672047E-6,0.0122123339,0.0023326053,0.0019854165,0,0.0044199412,0.0209502969,0.0002398521,0.0000389886,0.0000363236,0,0.0000806653,0.0000710253,0.0000116261,0.0000110219,0,0.00002453,2.3007461E-6,4.1528854E-7,3.5653685E-7,0,7.9667382E-7,16.124425876,0.6999507335,767.11832851,206.91994178,31.52040812,0.001934206,0.0000627382,0.0001182937,0.0018283831,1.1844774749,0.1009146605,0.0005821132,0.0000254452,0.0062969326,0.0420404002,0.0035738995,0.0000825629,0.0036019311,0.0000251126,0.0043939084,1.0331232E-6,0.0026339374,0.0015093731,0.0001050156,0,0.0002119048,0.0030449742,0.000056458,0.0000270498,3.6410865E-6,0,7.736102E-6,0.0000168891,8.005624E-6,1.0122262E-6,0,2.4815807E-6,5.4282027E-7,2.6828152E-7,4.4711322E-8,0,9.70218E-8
2019,4-Autumn,ABUR,0.0761574074,0.4333796296,0.0181206057,0.0006279468,0.001394334,0.0160983249,1.7746666667,37.031222222,0.0064273818,0.0002694618,90,0.0267938954,0.029192416,0.0301102402,0.0005134528,0.0001902862,7.824133E-6,0.0217527022,0.0043433378,0.0015971492,0,0.0048116572,0.0325048464,0.0004126469,0.0000737412,0.0000315353,0,0.0000915288,0.000138236,0.0000254623,0.0000105102,0,0.0000308609,5.3134427E-6,9.8898613E-7,4.0426818E-7,0,1.1981621E-6,16.757610446,0.6005444386,587.93336053,156.61305119,23.330099561,0.0016017061,0.0001207847,0.0001755924,0.001406469,1.3635683962,0.1770860701,0.0006603465,0.0000401903,0.0030981558,0.0261227224,0.0039403779,0.0000888228,0.0040185014,0.0000322158,0.0041344414,1.5291572E-6,0.0030597524,0.0018085474,0.0000804795,0,0.0002011436,0.00352111,0.0000666996,0.0000341634,2.8598629E-6,0,8.1821122E-6,0.000022875,0.0000115553,8.8903818E-7,0,3.0252659E-6,9.6557713E-7,4.4639202E-7,5.1092391E-8,0,1.5318239E-7
2020,1-Winter,ABUR,0.0117361111,0.0747916667,0.0038549606,0.0003877144,0.000836055,0.0026311912,1.062,34.422166667,0.0012138386,0.0000347384,90,0.0583858313,0.0556620916,0.0492069388,0.0004423315,0.0001361289,3.5118886E-6,0.058343649,0.0271609098,0.0017085645,0,0.0060114301,0.0932245535,0.0003709321,0.0001907293,9.4803007E-6,0,0.0000401496,0.0001227808,0.0000621444,3.2181552E-6,0,0.0000137347,4.052152E-6,1.9656265E-6,1.1315979E-7,0,4.9307102E-7,14.948025078,0.9348078729,593.51217793,133.67894165,11.532265959,0.000465757,0.0000954281,0.00011351,0.0003363112,1.2249291132,0.0883026936,0.0001580495,6.145535E-6,0.0005263867,0.006003441,0.0112410898,0.0000965311,0.011562687,0.0000316888,0.0117716022,1.1044149E-6,0.0125914872,0.0075122958,0.0000941906,0,0.0002727734,0.0148123854,0.0000761346,0.000052659,1.2066792E-6,0,4.5025389E-6,0.0000253147,0.0000171504,3.7855535E-7,0,1.6198258E-6,9.2128728E-7,5.8264116E-7,1.7878248E-8,0,7.6225278E-8
2020,3-Summer,ABUR,0.011906362,0.0302643369,0.0007060345,1.3665773E-6,0.000015449,0.0006892189,1.1116129032,30.802526882,0.0002079962,6.8243353E-6,186,0.0376057296,0.0364733097,0.0387061885,0.0000235212,6.9920297E-6,2.2524639E-7,0.0171979103,0.0081093698,0.0017549542,0,0.0039009952,0.0309632295,9.2180354E-6,6.4493602E-6,1.131332E-6,0,2.4701477E-6,2.8424845E-6,1.9386839E-6,3.4498035E-7,0,7.5364727E-7,8.318679E-8,6.2899042E-8,1.0772395E-8,0,2.3377871E-8,14.951202099,1.2361253684,767.72071775,171.93829346,14.175165714,0.000077372,5.2585134E-7,4.0067722E-6,0.0000763163,1.4142609846,0.1106207069,0.0000243627,9.8773587E-7,0.0005687465,0.0022620403,0.0068207888,4.3559871E-6,0.0068455091,1.3541521E-6,0.0069063598,4.8306464E-8,0.0058884834,0.0029566039,0.000099837,0,0.0002539937,0.0066228427,2.4904567E-6,2.9218281E-6,1.3275846E-7,0,2.9390157E-7,7.98291E-7,8.8255035E-7,3.9636135E-8,0,9.5258759E-8,2.2686312E-8,3.0756755E-8,1.7281802E-9,0,3.7356764E-9
2020,4-Autumn,ABUR,0.0053703704,0.0353935185,0.0020942135,0.000645767,0.0004447101,0.0010037364,1.5942222222,29.641777778,0.000584809,0.0000306115,90,0.0507917844,0.0502042507,0.0563226849,0.000097633,0.0000271341,1.4675755E-6,0.0231710254,0.0078937508,0.0021135735,0,0.0060386209,0.0392169706,0.0000405951,0.0000160782,3.4766327E-6,0,0.0000110547,0.0000113455,4.5029026E-6,9.6848054E-7,0,3.0730754E-6,5.446052E-7,2.2093188E-7,4.572157E-8,0,1.5028E-7,15.814972094,1.056063915,589.4590848,159.92314948,24.383284246,0.0003510154,0.0002237378,0.0000746341,0.0001406525,1.0669423706,0.1354151736,0.0001018904,6.7575481E-6,0.0002507759,0.0030388834,0.0072983587,0.0000234092,0.0072822111,6.6308197E-6,0.0076515509,4.014432E-7,0.0055953575,0.0041213769,0.0001099371,0,0.0002729815,0.0070570444,0.000013399,9.0437859E-6,5.4567546E-7,0,1.7252091E-6,3.752802E-6,2.5094682E-6,1.4642627E-7,0,4.9161321E-7,2.0485401E-7,1.3502008E-7,9.0223009E-9,0,2.9764668E-8
2021,1-Winter,ABUR,0.0020833333,0.0849485019,0.007862735,0.0040403734,0.0020190224,0.0018033392,2.3461797753,28.846741573,0.0021270534,0.000146573,89,0.044402022,0.0439081484,0.047955516,0.0002480822,0.0000665256,4.6806743E-6,0.014433879,0.004393327,0.0029882247,0,0.0112346693,0.0330501,0.0000757216,0.0000151763,0.0000206904,0,0.0000768825,0.0000207245,4.2029079E-6,5.6349592E-6,0,0.0000209875,1.3113378E-6,2.3310072E-7,3.8511939E-7,0,1.429809E-6,13.210571919,3.2482209021,575.03810877,150.27486202,23.624067447,0.0013736025,0.000987804,0.0002880455,0.000284335,1.0491563562,0.2003683858,0.000378376,0.0000282436,0.0001266652,0.0086977054,0.0068672708,0.0000557286,0.006971007,0.0000152245,0.0070610518,1.0489888E-6,0.0049957802,0.0030167659,0.0001768031,0,0.0005018834,0.0058599741,0.0000286228,0.0000110524,4.1509337E-6,0,0.0000136747,7.8351731E-6,3.0555594E-6,1.0991341E-6,0,3.8138852E-6,5.1588747E-7,1.7246245E-7,8.3127433E-8,0,2.8454132E-7
2021,2-Spring,ABUR,0.0162634409,0.1889112903,0.0152438578,0.006761278,0.0044459977,0.0040365821,2.7265591398,32.209462366,0.0047104022,0.0003292715,93,0.0279938925,0.0300684743,0.0272215837,0.0003728165,0.0001193705,8.244116E-6,0.0054937433,0,0.0032089583,0,0.0111664747,0.0198691763,0.0000734261,0,0.0000432578,0,0.0001516953,0.0000220866,0,0.0000130167,0,0.0000457244,1.705723E-6,0,9.9480152E-7,0,3.4901782E-6,13.704250662,3.5241929324,788.33104333,203.41144745,33.748285909,0.0023764992,0.0016168548,0.0006303926,0.0005300873,1.1704927725,0.2471958684,0.0007542852,0.0000670195,0.0006692502,0.015953935,0.003760226,0.0000765384,0.0038480211,0.0000245177,0.0045709223,2.4183409E-6,0.0018925083,0,0.0001919695,0,0.0004960664,0.0019978533,0.00002729,0,7.8870154E-6,0,0.0000245349,8.2265995E-6,0,2.3223786E-6,0,7.646555E-6,6.8619845E-7,0,2.2799203E-7,0,7.2491994E-7
2021,3-Summer,ABUR,0.0251792115,0.1997535842,0.0157892034,0.0067921626,0.0047153839,0.0042816568,1.8664516129,32.22827957,0.0049574216,0.0002516655,93,0.0226957348,0.0221002091,0.0269256387,0.0004424344,0.0001373724,8.073322E-6,0.0202703887,0.0012252793,0.0029512307,0,0.0106389634,0.0350858621,0.0002909276,0.0000112045,0.0000493883,0,0.000182806,0.0000911086,3.3692037E-6,0.0000157201,0,0.000058304,5.1246533E-6,2.3016092E-7,8.0626589E-7,0,2.9447036E-6,15.657273659,0.7544572914,765.5625475,210.2701568,39.577321222,0.0026808068,0.001771399,0.0007496766,0.0005288321,1.1310903651,0.1628338464,0.0008551895,0.0000568421,0.0008106331,0.0163001837,0.0049676778,0.0001386248,0.0050352683,0.0000443862,0.005485435,2.8379205E-6,0.004926168,0.0013747451,0.0001717493,0,0.0004509945,0.0051060099,0.000090216,0.0000131071,8.7095578E-6,0,0.0000290205,0.0000288074,3.9066078E-6,2.6813117E-6,0,9.4918351E-6,1.6792651E-6,2.7048219E-7,1.7260017E-7,0,5.6777517E-7
2021,4-Autumn,ABUR,0.009537037,0.0459259259,0.0024037168,0.0003521852,0.0005742462,0.0014772854,2.0768888889,28.598666667,0.0006499723,0.0000397202,90,0.0753823922,0.0765373588,0.0789728085,0.0001737582,0.000046622,2.8127222E-6,0.047905876,0.0230532006,0.0023933415,0,0.0072340717,0.0805864898,0.0001550472,0.0000579078,8.4671479E-6,0,0.0000256698,0.0000430927,0.0000154692,2.3850872E-6,0,7.2598253E-6,2.6814025E-6,9.1210191E-7,1.5122443E-7,0,4.6208649E-7,15.166557523,0.886752588,589.02138938,168.23046452,38.356170957,0.0002888896,0.0000773744,0.0000803159,0.0001932593,1.0403426875,0.1734916003,0.0000822759,6.075893E-6,0.0004902751,0.0038451992,0.0144744554,0.0000414059,0.014448431,0.0000111073,0.0147285459,6.7469672E-7,0.0125790976,0.0066737918,0.0001180037,0,0.0002832907,0.0142578724,0.0000373973,0.0000181181,1.6975292E-6,0,4.5983526E-6,0.0000103395,4.9666158E-6,5.0146985E-7,0,1.4137161E-6,6.6761841E-7,3.0694326E-7,3.881071E-8,0,1.0588745E-7
2022,1-Winter,ABUR,0.0052668539,0.0946395131,0.0079199337,0.0025312666,0.0027783812,0.0026102858,2.6893258427,28.886404494,0.0021215362,0.0001684471,89,0.0531303421,0.0514366811,0.0552277597,0.0003322532,0.0000845032,7.2696559E-6,0.0202712902,0.0076773987,0.0025391718,0,0.010519021,0.0410068817,0.0001301384,0.0000488443,0.0000179211,0,0.0000722927,0.0000333282,0.0000121958,4.879475E-6,0,0.0000197878,2.77724E-6,1.0612535E-6,3.6606585E-7,0,1.4699271E-6,13.794337155,1.8594089984,576.0088414,148.90015677,24.923357124,0.0009410834,0.0004332915,0.0003118014,0.0003248184,1.0482919621,0.229604851,0.000271896,0.0000269219,0.0002668584,0.0076585692,0.0078921843,0.0000661054,0.0079372143,0.0000169275,0.0080464114,1.629938E-6,0.006789013,0.0027900576,0.0001397328,0,0.0004439808,0.0074299456,0.0000511031,0.000015891,2.3854532E-6,0,8.8683362E-6,0.0000127604,4.0314722E-6,6.2639642E-7,0,2.5973392E-6,1.154153E-6,3.5261717E-7,5.9046824E-8,0,2.2198344E-7
2022,2-Spring,ABUR,0.0096998208,0.1413306452,0.0104722799,0.0031436745,0.0031982713,0.0041303341,2.5037634409,27.185913978,0.0027167754,0.0002085224,93,0.0422003503,0.0434657139,0.0401644061,0.000373187,0.0000972909,7.4055298E-6,0.0165189938,0.0065175368,0.0032438048,0,0.0102792002,0.0365595355,0.0001387301,0.0000507313,0.000031211,0,0.0000980513,0.0000343108,0.0000124331,7.860172E-6,0,0.000024701,3.0244273E-6,1.1258031E-6,6.4143906E-7,0,2.0135966E-6,13.925822607,3.3198134271,787.15884546,210.69630768,52.647535917,0.0016168707,0.0007231261,0.0004779336,0.0006530001,0.9443960844,0.2223890326,0.0004319567,0.0000400964,0.0004951007,0.013619413,0.0083261545,0.0000815984,0.0083920245,0.0000209793,0.0085370832,1.9101458E-6,0.0072877447,0.0020193668,0.0001840644,0,0.000443766,0.0076609308,0.0000604466,0.0000171436,5.0876673E-6,0,0.0000144681,0.0000149328,4.2480613E-6,1.2466996E-6,0,3.7337923E-6,1.3591078E-6,3.9276421E-7,1.2819548E-7,0,3.6927145E-7
2022,3-Summer,ABUR,0.01234319,0.1296370968,0.0095040742,0.0031557004,0.0021546923,0.0041936816,1.7948387097,34.098602151,0.0029729376,0.0001258361,93,0.0274204298,0.0286035009,0.0223587498,0.0002247285,0.0000742129,2.3123908E-6,0.008012868,0,0.0028201153,0,0.0080943114,0.0189272946,0.0000848803,0,0.000031959,0,0.0000944971,0.0000266747,0,9.8683701E-6,0,0.0000290943,1.2078794E-6,0,4.7526127E-7,0,1.4180737E-6,15.675678325,0.8547961071,766.55996624,250.30884005,90.437620364,0.0015700185,0.0007270831,0.0003490528,0.000703037,1.2122045857,0.161775712,0.0005102551,0.0000242893,0.0004902198,0.0131578517,0.0041634552,0.0000610323,0.0043067981,0.0000199095,0.004652829,9.1477164E-7,0.0031686712,0,0.0001702999,0,0.0003676678,0.0031835997,0.0000356638,0,6.1225659E-6,0,0.0000169775,0.0000115328,0,1.8700625E-6,0,5.4456398E-6,5.2312799E-7,0,1.0055829E-7,0,2.8696386E-7
2022,4-Autumn,ABUR,0.0073611111,0.1171759259,0.0131411557,0.0064460906,0.0038480425,0.0028470226,2.1525714286,28.606,0.0045717061,0.0002869022,90,0.0551050755,0.052217992,0.0576834532,0.0004158061,0.0001093196,7.3332948E-6,0.0233299711,0.005812555,0.0030652164,0,0.0105332102,0.0269758219,0.0001860807,0,0.0000413243,0,0.0001512748,0.0000516794,0,0.0000113482,0,0.0000413345,3.0227334E-6,0,6.9636216E-7,0,2.5841703E-6,15.743274629,0.9047012435,588.97858861,167.21986385,36.318883023,0.0022197713,0.0014426094,0.0006123719,0.0004593494,1.1508859516,0.2101004698,0.0008042876,0.000056985,0.0003779096,0.0123955828,0.0079247245,0.0001094403,0.0079665984,0.0000300037,0.0082546993,1.9806135E-6,0.0080652246,0.0015132917,0.0001946942,0,0.0005331433,0.0063443119,0.0001016445,0,7.8817355E-6,0,0.0000276125,0.0000284187,0,2.146662E-6,0,7.8788907E-6,1.6522671E-6,0,1.550589E-7,0,5.5812012E-7
2023,1-Winter,ABUR,0.0002574906,0.0015449438,0.0001786062,0.0000785398,0.0000887883,0.0000112781,,,,,89,,,,0,0,0,0.0579948405,0.0261564974,,,,,,,,,,,,,,,,,,,,13.33827743,3.2846044014,575.39778952,137.39500286,21.266471681,0.0000504223,0.0000287089,0.000023429,3.5801274E-6,,,,,0.0000288443,0.0002994773,,0,,0,,0,0.0235949215,0.0068098128,,,,,,,,,,,,,,,,,,,
2023,2-Spring,ABUR,0.0020833333,0.0188844086,0.0011575864,0.0001817548,0.0002549083,0.0007209234,,,,,93,,,,,,,0.0137468887,0.0078052868,,0,,,,,,,,,,,,,,,,,,13.401855875,3.4338367823,781.69904299,210.83039322,78.771894384,0.0001817167,0.0000477433,0.0000462283,0.0001520958,,,,,0.0001280746,0.0020867697,,,,,,,0.0010468565,0.0007261682,,0,,,,,,,,,,,,,,,,,
2023,3-Summer,ABUR,0.0020833333,0.0291666667,0.0019209022,0.0003812751,0.0007183779,0.0008212492,,,,,14,,,,,,,0.0186176437,0.023104906,,0,,,,,,,,,,,,,,,,,,14.759545696,1.1001872982,,,,0.000521066,0.0001364726,0.0001873809,0.0002564321,,,,,0.0002502756,0.0058746507,,,,,,,0.0033604784,0.0010549477,,0,,,,,,,,,,,,,,,,,
2002,3-Summer,AQUE,0.4918817204,9.2298924731,1.1121465769,0.5948933463,0.3457058973,0.1715473333,1.3983333333,27.10827957,0.2863717155,0.0125417009,93,0.0328915028,0.029801565,0.0280810028,0.0377126298,0.009133948,0.0003613918,0.0138479966,0.0045691092,0.003838362,0.000027613,0.0124602489,0.0347433297,0.0159827575,0.0052443715,0.0043669666,0.0000317441,0.0142414616,0.0043761004,0.0014224579,0.0011647002,8.4838448E-6,0.0038420938,0.0002346545,0.00006689,0.0000601462,3.6856316E-7,0.0002018201,,,765.17717027,217.53802474,42.275120087,0.0614946426,0.0356332713,0.0185053445,0.0093383196,0.9381154845,0.1188394577,0.0190222313,0.0013379922,0.019361337,0.4302225764,0.0029055833,0.0039302315,0.0030617987,0.0011414261,0.0035313169,0.000058502,0.0018042107,0.0019382751,0.0001697713,8.8071812E-6,0.000544603,0.0026396075,0.0022760625,0.002234122,0.0003085784,0.0000108657,0.0010038686,0.0006550439,0.0006074133,0.0000704727,2.9486086E-6,0.0003014329,0.00003891,0.0000289904,7.0236155E-6,1.3414269E-7,0.0000234962
2002,4-Autumn,AQUE,0.3111111111,5.4453888889,0.6369548545,0.3263729458,0.2031963668,0.1073855419,2.6620555556,27.613222222,0.1664795833,0.0131547709,90,0.0221022879,0.0222900651,0.0295760692,0.0172731741,0.0045184415,0.0003850769,0.0154105011,0.0034322417,0.0033657869,0.0000467275,0.0123016452,0.0345569024,0.0104210701,0.0020661978,0.0026154694,0.0000294117,0.0093637856,0.0026811794,0.0005236142,0.0006702276,7.8053994E-6,0.0024030161,0.0001832459,0.0000323932,0.0000425383,6.8389262E-7,0.0001554276,,,609.89165439,170.17234958,27.433632596,0.0429983696,0.0241544663,0.0131661255,0.0070641787,1.0489972462,0.2671541929,0.0128952191,0.0017590786,0.0144286326,0.3086941636,0.0031120342,0.0024761573,0.0031266799,0.000665912,0.0035067997,0.0000646018,0.0023644959,0.0013473656,0.0001484291,0.0000165016,0.00056056,0.0028062262,0.0018413933,0.000980502,0.0002100874,0.000010274,0.0007542389,0.0004872638,0.0002512779,0.0000476233,2.7733764E-6,0.0002104774,0.0000366733,0.0000157887,5.2683838E-6,2.7889643E-7,0.0000198756
2003,1-Winter,AQUE,0.1991573034,2.8663483146,0.2470169559,0.1049819409,0.0744885592,0.0675464558,2.5430337079,28.413651685,0.0689903804,0.0055418354,89,0.0329935446,0.03427614,0.0356775551,0.0080799785,0.0022545782,0.0001943465,0.0149071359,0.0053097503,0.00298758,0,0.0112795145,0.0344839807,0.0040899956,0.001465373,0.0007662572,0,0.0029020117,0.001061105,0.0003724321,0.0002022821,0,0.0007653076,0.0000841162,0.0000285842,0.0000160079,0,0.0000605864,12.14657779,10.428226795,594.25528981,165.97626606,30.263759616,0.0174488161,0.0093830984,0.0049698694,0.0048326043,1.0460206816,0.2060111873,0.0055456468,0.0006424494,0.0093104867,0.1646193558,0.0036752268,0.0011081758,0.0037658806,0.0003016811,0.0040363242,0.0000307672,0.0025531317,0.002226279,0.0001379826,0,0.0004739832,0.0034395495,0.0007762066,0.0005862047,0.0000604713,0,0.000216954,0.0002017051,0.000148675,0.00001426,0,0.0000610667,0.0000172139,0.000011846,1.6856473E-6,0,6.1555156E-6
2003,2-Spring,AQUE,0.2760752688,4.2355376344,0.5335045292,0.3225406078,0.1393730962,0.0715908252,3.7114516129,33.796505376,0.170298239,0.0161467586,93,0.0334657638,0.0340355246,0.0354016757,0.0157466167,0.0049069657,0.000478951,0.0092252875,0.0011329088,0.003355767,0,0.0122453082,0.0259592714,0.0044825325,0.0005491997,0.0016229956,0,0.0058909823,0.0013821462,0.0001871413,0.000506749,0,0.0018444225,0.0001322938,0.0000164219,0.0000477474,0,0.0001733415,12.588290883,9.0482683533,776.83826905,214.43784397,42.290647524,0.0347093447,0.0252438911,0.0079115299,0.0041634357,1.2295639478,0.3047303466,0.0127459408,0.0016954998,0.0108340687,0.2058441677,0.0023340043,0.0014945268,0.0025116003,0.0005037621,0.0029206068,0.0000628743,0.0014523185,0.0012168188,0.0001485986,0,0.0005457086,0.0019359724,0.0007754918,0.0005902368,0.0001304236,0,0.00046575,0.0002440498,0.0002004088,0.0000367677,0,0.000159025,0.000025161,0.0000180907,5.3897328E-6,0,0.0000197183
2003,3-Summer,AQUE,0.4429032258,6.3416666667,0.6656157219,0.3391174968,0.2115675181,0.114930707,3.5371505376,34.320698925,0.2157710484,0.0190594093,93,0.026403577,0.0271938193,0.0252913049,0.01727641,0.0057161632,0.0004845984,0.0093698045,0.0003236882,0.0031160599,0,0.0123506798,0.0251602324,0.006131547,0.0002220131,0.0020392542,0,0.0081007647,0.0019786035,0.0000688164,0.0006581863,0,0.0026178835,0.0001794752,6.0990867E-6,0.0000598987,0,0.0002374467,15.217250581,1.4512060295,755.0911972,213.26602586,41.012603891,0.0397515355,0.0248017414,0.0118742239,0.006635563,1.2921985922,0.3065692922,0.0153655887,0.0019658817,0.016300365,0.2880378328,0.0020776056,0.0016703975,0.0022148176,0.0006074761,0.002812157,0.0000700969,0.0015331559,0.0003537388,0.0001426608,0,0.0005413369,0.001633055,0.0010589501,0.00024125,0.000156027,0,0.0005943164,0.0003560033,0.0000757552,0.0000456289,0,0.0002143689,0.0000334693,6.6800937E-6,6.5605883E-6,0,0.0000257411
2003,4-Autumn,AQUE,0.3226111111,6.6563333333,0.6913589936,0.3221645585,0.2438906334,0.1253038018,2.7147777778,28.856277778,0.1882190341,0.0150141716,90,0.0255585584,0.0232085142,0.0207654589,0.0176760861,0.0046465234,0.0003436213,0.0094550813,0.0008361946,0.002909864,0,0.0122886552,0.0254897951,0.0065382854,0.0005735338,0.002012027,0,0.008496856,0.001884163,0.0001777757,0.0005831689,0,0.0024636465,0.0001523055,0.000015756,0.0000474466,0,0.00020053,15.607050303,1.0553691434,617.83875749,173.51537998,28.591645846,0.0484504464,0.0271950669,0.0162988475,0.0081700391,1.2518789144,0.3000204432,0.015823655,0.0019691919,0.0132625888,0.3495189382,0.0024832997,0.0019204611,0.0026066648,0.000585742,0.0029343064,0.0000573926,0.0018466347,0.0009138253,0.0001503014,0,0.0005906171,0.0021402102,0.0013201543,0.0006232291,0.0001669615,0,0.0006916052,0.0003915826,0.000195701,0.0000441429,0,0.0002249162,0.0000347555,0.0000172569,6.0900903E-6,0,0.0000257676
2004,1-Winter,AQUE,0.2551666667,4.281,0.3836684464,0.1696183099,0.1253011903,0.0887489462,2.6118888889,26.246944444,0.0950773157,0.0082644022,90,0.0447609712,0.0447885349,0.0436921276,0.0178700573,0.0043482387,0.0003925955,0.0291983308,0.0099975442,0.003220255,0,0.0117715313,0.0541876613,0.0120651824,0.0034290723,0.0014281215,0,0.0053451761,0.0029724967,0.0008346392,0.0003561522,0,0.0013347675,0.0002621131,0.0000732461,0.0000301867,0,0.0001128518,13.25078296,4.7061709123,590.48053973,165.27846756,30.340086018,0.0239148863,0.0130035964,0.0073613824,0.0054518585,0.9409534078,0.2422487099,0.0068832639,0.0009374748,0.0097308086,0.2140688957,0.0062503565,0.0026931177,0.0062519008,0.0006926528,0.0063788544,0.0000706312,0.00460712,0.0039867791,0.0001544942,0,0.0004994736,0.0061618913,0.001994827,0.0013942249,0.0001106958,0,0.0003935475,0.0005006784,0.0003440408,0.0000244141,0,0.0001088699,0.0000500814,0.0000305185,3.5719488E-6,0,0.0000134021
2004,2-Spring,AQUE,0.4501612903,3.9474193548,0.376273102,0.1865404286,0.1063189208,0.0834137526,2.6351612903,29.770645161,0.1070512681,0.0087170758,93,0.0459718229,0.0471651586,0.051385428,0.0149467718,0.0042579132,0.0003391833,0.0118610939,0.0134595387,0.003494269,0,0.0115975213,0.040412423,0.0038420997,0.0041269889,0.0011180149,0,0.0037126455,0.0010586633,0.0011395839,0.0003082579,0,0.0010237721,0.0000755681,0.0000775685,0.0000217859,0,0.0000724057,13.637796425,4.464900877,777.76782437,213.49911927,41.857328452,0.0354278115,0.0243201196,0.0089996624,0.0059282355,1.2346402636,0.2818024764,0.011540104,0.0013944732,0.0246581838,0.2415849182,0.0047591402,0.0020241255,0.0048146385,0.0006016795,0.0053192024,0.0000612324,0.0020563809,0.0040589862,0.0001823887,0,0.0005941328,0.0044968788,0.0007510875,0.0012829316,0.0001119492,0,0.0003628034,0.0002118969,0.0003581097,0.0000289159,0,0.0001089543,0.0000173717,0.0000263629,3.0465336E-6,0,0.0000100471
2004,3-Summer,AQUE,0.5640322581,5.2816129032,0.4727331093,0.2201913461,0.1410463075,0.1114954557,2.2069892473,32.092419355,0.1431436606,0.008376359,93,0.0256226387,0.0255136413,0.0201059569,0.0120190072,0.0036463107,0.0001805002,0.0100209453,0.0008606743,0.0031708507,0,0.0117148373,0.0257673075,0.0047045648,0.0004062323,0.001487005,0,0.0054895809,0.0014309802,0.0001249542,0.0004528348,0,0.0016734652,0.000087647,8.3563292E-6,0.0000293818,0,0.0001085264,16.4306261,0.6682892184,764.66562529,217.93143944,42.413090731,0.0283499182,0.0170608142,0.0079496807,0.0060567744,1.0814019805,0.1891712252,0.0098773899,0.0008895065,0.0187558103,0.2338173911,0.0024030679,0.0014027604,0.0026025305,0.000459553,0.0030331158,0.0000323515,0.0015237222,0.0008871144,0.0001358488,0,0.0004798198,0.0017882263,0.0007619822,0.0004148365,0.0001125348,0,0.0003962345,0.0002373182,0.000127397,0.0000313008,0,0.0001344213,0.000015707,8.7216462E-6,3.3110491E-6,0,0.0000118441
2004,4-Autumn,AQUE,0.4768888889,4.7811111111,0.3826910471,0.138819407,0.130625128,0.1132465121,1.7143333333,28.041444444,0.1024637369,0.0050697594,90,0.0328351329,0.0313563618,0.0334017281,0.0138841605,0.0036475423,0.0001808409,0.0183263049,0.0046354223,0.0028677079,0.0001267771,0.0111792194,0.0371354317,0.0078463538,0.0016636534,0.0011992286,0.0000587824,0.0046586517,0.0021643649,0.000443178,0.0003282995,0.0000165118,0.0012736105,0.0001016185,0.0000219131,0.0000159568,7.1507372E-7,0.0000619439,16.455022388,0.4752020483,613.25751907,170.68690366,27.884518913,0.022756493,0.0102274792,0.0073364063,0.006749276,1.0102566795,0.1432595697,0.0072499194,0.0005257166,0.0142805011,0.2219727067,0.003701664,0.0017820613,0.0037967899,0.0005130576,0.004107281,0.0000297566,0.0028312839,0.0018517014,0.0001355377,0.0000315295,0.0004305613,0.0034559116,0.0013451316,0.0007432245,0.0000912529,0.0000143964,0.0003209511,0.0003838441,0.0002046591,0.0000218537,4.0603013E-6,0.0001002754,0.0000189464,9.7764263E-6,1.7105709E-6,1.885432E-7,6.2845374E-6
2005,1-Winter,AQUE,0.247752809,2.5233146067,0.208463572,0.0758423748,0.0703609308,0.0622602664,2.1137078652,26.063483146,0.0511890967,0.0035119949,89,0.0327219803,0.0325524309,0.03557486,0.0082286628,0.0020275603,0.000137622,0.0147208396,0.0082100599,0.0029695568,9.2631443E-6,0.010951372,0.0368610914,0.0037551865,0.0022827782,0.0007495674,2.0006078E-6,0.0027982881,0.0009351037,0.0005710246,0.0001865995,5.0961521E-7,0.0006970221,0.000057231,0.0000330169,0.0000115257,4.2236261E-8,0.0000426738,14.680467858,1.4887777139,588.90425865,165.12307626,29.978565067,0.0132831253,0.0061430577,0.0045151005,0.0038716978,1.1701174096,0.2254585911,0.0039978013,0.0004307238,0.0074529381,0.1192759501,0.0048523068,0.0014007041,0.0049656396,0.0003593804,0.0052853129,0.0000249,0.0030373629,0.0032771788,0.0001637716,2.3973945E-6,0.0005175606,0.0046453734,0.0008636718,0.0009416998,0.000060694,5.1959512E-7,0.0002113754,0.0002197169,0.0002378452,0.0000133219,1.3583253E-7,0.0000607178,0.0000138445,0.0000138253,1.410904E-6,1.2093766E-8,5.1191304E-6
2005,2-Spring,AQUE,0.1982258065,3.2315053763,0.3126618354,0.153253688,0.0903064432,0.0691017042,3.4816129032,28.129032258,0.0831648919,0.0088915016,93,0.0317602634,0.0324618767,0.0369046861,0.0091019736,0.0024422301,0.0002716218,0.0094700335,0.0003995988,0.0036065276,0.0000722893,0.0112841237,0.0248325728,0.002403014,0.0001755792,0.0010372192,0.0000188838,0.0032314793,0.0006282611,0.000046676,0.0002734025,4.9273495E-6,0.0008515492,0.0000609126,5.0151251E-6,0.0000277482,4.7200364E-7,0.0000863001,12.728904706,7.6843636661,779.23932047,214.24206619,41.818351398,0.0159655641,0.0101448792,0.0040505434,0.0034711443,0.9711055143,0.2947214895,0.0051847983,0.0009046879,0.0042026706,0.1167977636,0.0019890408,0.0006993279,0.0021685389,0.000212131,0.0028638601,0.0000329806,0.0014466451,0.0004223919,0.0001529121,0.0000126449,0.0004511594,0.0015751567,0.0003486382,0.0001855209,0.0000685885,3.0818056E-6,0.0002013592,0.0000935209,0.0000494646,0.0000156483,8.1918592E-7,0.0000602597,9.9688164E-6,5.1763118E-6,2.8947137E-6,8.4396941E-8,8.7350695E-6
2005,3-Summer,AQUE,0.1828494624,4.8797311828,0.5834479188,0.3187023403,0.1637817891,0.1009637894,2.4817741935,27.644677419,0.1533514496,0.0118033235,93,0.0301809093,0.0297450752,0.0245368782,0.0172127937,0.0044869343,0.0003146517,0.0111078034,0.001537914,0.0039450971,0.0000919974,0.0123458627,0.0290286747,0.0063396341,0.0007819065,0.0022584161,0.0000468161,0.0070546093,0.0016628265,0.0002047249,0.0005942309,0.0000120781,0.0018559786,0.000133222,0.000018155,0.0000489357,8.1501501E-7,0.0001528187,15.901356918,1.2043257396,763.0912201,217.15751685,42.300507079,0.0331883813,0.0208880614,0.0087751245,0.0059464281,0.9914503082,0.2065477505,0.0109423429,0.0012846836,0.004573315,0.2076924132,0.0022164314,0.0015345228,0.0022996638,0.0004400396,0.002818154,0.0000481571,0.0015042861,0.0009401348,0.0001720585,0.0000208783,0.0005885003,0.0019072154,0.0009211943,0.00049008,0.0001561897,0.0000113598,0.0005138841,0.0002480858,0.0001285065,0.0000366986,2.9724975E-6,0.0001532038,0.0000223197,0.000011431,5.418392E-6,2.3078315E-7,0.0000172155
2005,4-Autumn,AQUE,0.163,3.5132777778,0.2735901143,0.0956764254,0.0846818483,0.0932318406,2.2109444444,27.351277778,0.0695321422,0.0045199891,90,0.0333896601,0.0335978654,0.0354270173,0.0096716589,0.0024438325,0.0001665167,0.0237886234,0.0054725838,0.0030495037,0.0003902707,0.0107885889,0.0434895705,0.0067649919,0.0013769998,0.0010052835,0.0001437061,0.0035108991,0.0017285684,0.000353149,0.0002559801,0.0000364231,0.0008938585,0.000117043,0.000024965,0.0000165781,2.2552388E-6,0.0000579277,15.155567951,1.1664052663,609.02507088,169.55886706,27.29232687,0.0167461656,0.0085758222,0.0051116042,0.0053812185,0.9562737953,0.1835911149,0.0049347496,0.0004629361,0.0036587107,0.1433012416,0.0040459564,0.0012832335,0.0040990357,0.0003445891,0.0045076869,0.0000305021,0.0034094525,0.0018381349,0.0001446719,0.000056749,0.0004358245,0.0039046677,0.0009476989,0.0004912986,0.0000754882,0.0000217952,0.0002503138,0.0002486303,0.0001258258,0.0000170852,5.7790591E-6,0.0000707242,0.0000193197,8.801177E-6,1.6972714E-6,4.0558683E-7,5.8103755E-6
2006,1-Winter,AQUE,0.1030337079,1.7726404494,0.1571371752,0.0705942537,0.0450619007,0.0414810208,2.801011236,32.034662921,0.0475512252,0.0035292648,89,0.065287536,0.0668303794,0.0662378573,0.010725664,0.0032538177,0.0002360585,0.0371757067,0.0143749194,0.0026926768,0,0.0110311634,0.0652744663,0.0063488774,0.0024932368,0.0004350389,0,0.0017655656,0.0018496507,0.0007369601,0.0001278361,0,0.0005210149,0.0001344881,0.0000528363,9.3365061E-6,0,0.0000380016,13.153840493,5.7360919467,588.38679616,165.63022832,31.046906485,0.0180281293,0.0114082667,0.0046099341,0.0038016455,1.3200599746,0.2641702122,0.0057521176,0.0005270047,0.0028027468,0.1171689421,0.0078276665,0.0016903039,0.0079186302,0.0005233903,0.0082434061,0.0000440538,0.0060787717,0.0043410725,0.0001334295,0,0.0005212599,0.0074169293,0.0011413267,0.0007550908,0.0000411665,0,0.0001618027,0.0003430427,0.0002285805,0.000011615,0,0.0000523718,0.0000272267,0.000016993,1.1665207E-6,0,4.7528385E-6
2006,2-Spring,AQUE,0.1991397849,1.1399462366,0.0773548485,0.0338368919,0.0187040442,0.0248139125,2.0682258065,30.072473118,0.0221085708,0.0012307257,93,0.0417290707,0.0410495109,0.0371156998,0.0037114218,0.0010498774,0.0000613951,0.0210470957,0.0157670653,0.0033446094,0.0000368185,0.0109574044,0.0511529933,0.0020062872,0.001608792,0.0003095932,3.0570223E-6,0.0010172458,0.0005812814,0.0004682945,0.0000894806,8.5882889E-7,0.0002941576,0.000039289,0.0000325954,5.4225549E-6,4.5297794E-8,0.0000179218,13.109113171,6.5758152646,782.67411249,214.59679632,41.501968802,0.0099831011,0.0068310472,0.0024720641,0.0021243907,1.0823580718,0.1778948094,0.0030626545,0.0001954008,0.0066808785,0.0730887334,0.0074410801,0.0008581798,0.0074851945,0.0002552447,0.0078046503,0.0000181571,0.0041659082,0.0054234126,0.0001781892,0.0000107114,0.0004733331,0.0070074499,0.0004723874,0.0005813749,0.0000433193,1.0023612E-6,0.0001308524,0.0001388552,0.0001711097,0.0000121935,2.9179273E-7,0.00003974,0.0000102251,0.0000125758,8.4380778E-7,1.7639353E-8,2.6220129E-6
2006,3-Summer,AQUE,1.5029032258,5.823172043,0.2854505482,0.0479322471,0.0482405702,0.1892777309,1.3134408602,31.120860215,0.0843543369,0.0029972011,93,0.0375225613,0.0381685767,0.0345107143,0.0078559915,0.002335077,0.0000825573,0.0061480083,0.0041174312,0.0025870212,0.0000687997,0.0073649828,0.0202862433,0.001098733,0.0009903183,0.0005608909,0.0000181879,0.0016209145,0.000320011,0.0002907181,0.0001643235,5.3695665E-6,0.000475145,0.0000120289,9.9356959E-6,5.9216963E-6,2.0678256E-7,0.0000171744,16.508221765,0.7417742455,762.78162495,217.06034036,42.273175596,0.0182935708,0.0088070898,0.0039585557,0.0093735727,1.0983725068,0.1111594281,0.0062025568,0.0003356289,0.0335736979,0.2250076929,0.0030367481,0.0008205467,0.0030936993,0.0002524252,0.0035211534,0.0000124349,0.0009620464,0.002334997,0.0001322312,0.0000126689,0.0003576439,0.0025610992,0.000174774,0.0005516702,0.0000527314,3.8533796E-6,0.000152313,0.0000517593,0.0001608827,0.0000141824,1.1612923E-6,0.0000476681,2.0743684E-6,5.6183328E-6,7.260795E-7,4.7841241E-8,2.138658E-6
2006,4-Autumn,AQUE,1.4026666667,9.4831111111,0.651948975,0.1668203883,0.2164444877,0.2686840991,1.3768888889,32.315388889,0.1985571172,0.0072263125,90,0.0264457821,0.026930816,0.0278770321,0.0157971377,0.0048757528,0.0001816615,0.0070261801,0.0010350709,0.0022227767,0.0001000353,0.0092475802,0.0196316433,0.0044499295,0.000650407,0.001301753,0.0000499934,0.0055576102,0.0013540155,0.0002005771,0.0003931005,0.0000149275,0.0016811904,0.0000487306,7.909481E-6,0.0000137313,5.0884961E-7,0.0000589679,16.1616891,0.6053041158,609.41209856,169.90684297,27.360013525,0.0327995536,0.011622636,0.0121528362,0.0128439981,1.1627476778,0.1191432658,0.0125652713,0.0007573881,0.0309222511,0.3480449993,0.0016232958,0.0013098677,0.0018320449,0.0004756923,0.0024704655,0.0000263588,0.0009285678,0.0006086718,0.0001123316,0.0000122688,0.0003272933,0.0011574856,0.0006595624,0.0003971745,0.0000922499,6.3252167E-6,0.0003316805,0.0002092477,0.0001231543,0.0000235179,1.9595908E-6,0.0001169698,8.682439E-6,5.0128834E-6,1.4496356E-6,8.4864553E-8,6.0707886E-6
2007,1-Winter,AQUE,0.7166292135,7.4969662921,0.7169993526,0.3353041113,0.2188121464,0.1628830949,2.0655617978,27.629044944,0.1864079396,0.011983064,89,0.029797505,0.0271797365,0.0331240783,0.0213596066,0.0053642458,0.0003682634,0.0134393773,0.0018582287,0.002947642,3.3369574E-6,0.0115357943,0.0297843792,0.0095976644,0.0013600008,0.0021145919,2.5173258E-6,0.0082745301,0.0026921468,0.0003769744,0.000572693,6.195249E-7,0.0022692986,0.0001478217,0.000020415,0.0000335481,4.20382E-8,0.0001295383,13.525731469,4.2459025137,591.05998592,165.37698927,30.324180323,0.0303701994,0.0165852084,0.0089404101,0.0065905099,0.9893484317,0.1787730565,0.0100657786,0.0011768604,0.0137900767,0.2370100405,0.002643896,0.0020178412,0.0027604575,0.0005816143,0.0031736554,0.0000462092,0.0021321222,0.0010239822,0.0001323723,8.9916166E-7,0.0004874377,0.0024263444,0.0015809691,0.0007381691,0.0001269414,6.677056E-7,0.000468796,0.0004578007,0.0002026486,0.000028337,1.6768126E-7,0.0001478281,0.0000282444,0.0000117679,3.4775914E-6,1.222194E-8,0.0000129011
2007,2-Spring,AQUE,0.5726344086,7.0962365591,0.6677241505,0.3347292446,0.1958824231,0.1371124827,2.6910215054,26.082580645,0.1614061871,0.0147281161,93,0.0228658584,0.0238107985,0.0250388921,0.0169188859,0.0041583313,0.000388273,0.0122310916,0.0007624222,0.0041133837,0.0000171257,0.0118302491,0.0289542723,0.0084684202,0.0004452677,0.0029589435,0.0000139589,0.0084610299,0.0020443761,0.0001132391,0.0007100143,3.2805777E-6,0.0020335622,0.0001797154,8.1786597E-6,0.0000618809,2.7693425E-7,0.0001762721,13.140108713,6.6890853969,780.26928576,214.79367264,42.103714726,0.0333460608,0.0195979085,0.009313588,0.0061442793,0.9288493807,0.2422096335,0.0102983913,0.0016502387,0.0122447029,0.2521182118,0.0020827927,0.0016737773,0.0022499642,0.0004465407,0.0026585281,0.0000551168,0.0016646686,0.0005468316,0.0001864128,2.9316342E-6,0.0005181605,0.0018171449,0.0012845135,0.0003195562,0.0001998817,2.4386679E-6,0.0005672494,0.000315471,0.000081107,0.0000404331,5.8852423E-7,0.0001527353,0.0000319633,5.8962763E-6,7.053619E-6,5.6538589E-8,0.0000197848
2007,3-Summer,AQUE,0.4940860215,5.795,0.3625728867,0.0746104778,0.0977316298,0.1902307791,1.6172580645,31.603494624,0.1091478509,0.0047271134,93,0.0257350852,0.0278398449,0.0199017624,0.009173709,0.0029061056,0.0000947321,0.0139536659,0.0003264179,0.0027710702,0.0002082799,0.0089714535,0.0262308873,0.0049254059,0.0001441886,0.0009904738,0.0000806062,0.0032209657,0.0014046254,0.0000383586,0.0002822315,0.0000255232,0.0009214674,0.0000706586,2.9915847E-6,0.0000145326,1.0106878E-6,0.000047153,16.407150864,0.7373745656,755.03940277,235.06188508,44.547803911,0.0177407144,0.0059222385,0.0050698118,0.0091393201,1.1206171766,0.1365696962,0.0067272623,0.0004704479,0.0101135472,0.2115328121,0.0021663763,0.0008898157,0.0022845048,0.0002869352,0.0026787477,0.0000178162,0.0018969173,0.0003360744,0.0001352464,0.0000293207,0.0003275168,0.0019404291,0.0006848616,0.0001479373,0.0000681472,0.0000114811,0.0001934408,0.0001951844,0.0000393084,0.000017104,3.8947794E-6,0.000062899,0.0000111588,3.1178786E-6,1.5376615E-6,1.7303478E-7,4.6920883E-6
2007,4-Autumn,AQUE,0.4203333333,5.1985555556,0.3404108172,0.082556762,0.1105057552,0.1473482999,2.2121111111,27.5345,0.0912201137,0.0057630175,90,0.0346870146,0.0311192578,0.0399555703,0.011910229,0.0027972455,0.000224996,0.0257616141,0.0034461659,0.0025493812,0.0004129846,0.0094403765,0.0416105223,0.0084670455,0.0010596109,0.0009271871,0.0001852192,0.0034906961,0.0022069524,0.0002592344,0.0002572241,0.0000556937,0.000972753,0.0001443434,0.0000191368,0.0000148018,2.6704178E-6,0.0000554922,14.095002946,3.0165970263,598.87348847,191.78381382,31.874421062,0.0170286102,0.0052544561,0.0057863548,0.0073050337,1.0046558057,0.1960215846,0.0057157729,0.0006089809,0.0089497914,0.20052076,0.0047977256,0.0016864678,0.0048377511,0.0004387508,0.005167983,0.0000385837,0.0042949386,0.0018225141,0.0001288146,0.0000432304,0.0003528881,0.0046765329,0.0014463954,0.000567758,0.0000674609,0.0000221745,0.0002208292,0.0003734456,0.0001401347,0.0000158927,7.0767925E-6,0.000072074,0.0000293122,0.0000105478,1.7184541E-6,4.5389073E-7,6.2855426E-6
2008,1-Winter,AQUE,0.3110555556,2.7571111111,0.1981366343,0.0739965784,0.057067994,0.0670720619,2.7843888889,26.153055556,0.0479595431,0.004397983,90,0.0569451511,0.058029135,0.0592758879,0.0127347761,0.0030752454,0.00028497,0.0374771825,0.011127206,0.0030562304,0.0001957667,0.0104169603,0.0622733459,0.008241789,0.0025284084,0.0006425018,0.0000505796,0.0022056278,0.0019652457,0.0006000405,0.0001542161,0.0000117699,0.0005288052,0.0001786907,0.0000549833,0.0000138607,1.0599833E-6,0.000047549,12.68905555,6.8871198621,552.18063244,170.40162068,37.301472454,0.0110231641,0.0055812367,0.0030217209,0.00358966,0.9306099807,0.2460028464,0.0032314213,0.0004839474,0.0072544726,0.1076743921,0.006512046,0.0016625368,0.0066180497,0.0004238216,0.0067419344,0.000047959,0.0055781392,0.0036920689,0.0001499443,0.0000491255,0.0004421382,0.0065249705,0.0013284344,0.0008577788,0.0000484772,0.0000131307,0.0001493466,0.0003286789,0.0002056975,9.8837245E-6,3.1294909E-6,0.0000401334,0.0000344951,0.0000197478,1.624181E-6,3.0526526E-7,5.4516066E-6
2008,2-Spring,AQUE,0.7412365591,4.423655914,0.3276833588,0.1297856703,0.1000294219,0.0978682666,2.5724193548,26.909032258,0.0834589682,0.006454446,93,0.0341178965,0.0343470764,0.0299225546,0.0089328137,0.0023201533,0.0001612999,0.0061701717,0.0015387187,0.0034810219,0,0.0107028183,0.0218927308,0.0015933052,0.0002993142,0.0009602322,0,0.0029827565,0.0004046024,0.0000756045,0.0002422784,0,0.0007535243,0.0000334781,7.1425624E-6,0.0000200945,0,0.0000620386,12.543254955,9.0608923451,726.87551103,234.96174338,68.431612438,0.0167106019,0.0080509501,0.0049588092,0.0049372004,0.9635207492,0.229557696,0.0053876157,0.0006963014,0.0198781174,0.1708436156,0.0017711305,0.0005976503,0.0019616194,0.0001835326,0.0024957727,0.0000202123,0.0008341809,0.0011314555,0.0001630185,0,0.0004236107,0.0014687715,0.0002282351,0.0002214646,0.000068035,0,0.0001972815,0.0000599777,0.0000563919,0.0000149109,0,0.0000575734,5.7462517E-6,5.3950359E-6,2.3761967E-6,0,6.9440643E-6
2008,3-Summer,AQUE,0.6397311828,5.8319892473,0.4513783862,0.1644381273,0.1448252621,0.1421149968,1.4951075269,34.384301075,0.1469826103,0.0054552128,93,0.0263154109,0.0287416663,0.0222615481,0.0115466443,0.0039189599,0.0001224577,0.0121895835,0.0010081261,0.0027228779,0.0000182366,0.0110027365,0.0269415605,0.0052472431,0.0003911246,0.0012220288,7.9561408E-6,0.0049296398,0.0016575006,0.000128451,0.0003765489,2.5238215E-6,0.001526037,0.0000643771,4.2701619E-6,0.0000159362,9.6967418E-8,0.0000636512,17.121013856,0.6082390381,709.92429814,184.14162887,25.763617526,0.0221764586,0.0101152346,0.0071510608,0.0067429471,1.2659466807,0.1343181649,0.0094454497,0.0005908646,0.0165823625,0.2162259381,0.002116723,0.0010194719,0.0022411364,0.0003767366,0.0029456821,0.0000204644,0.0016698892,0.0007381127,0.0001342035,3.3069102E-6,0.0004709239,0.0018899614,0.0007371432,0.0002868598,0.0000843343,1.5236211E-6,0.0003160042,0.0002446365,0.0000945027,0.000022692,4.9034525E-7,0.0001148366,0.0000104701,3.1631714E-6,1.8733612E-6,2.0482086E-8,7.3420364E-6
2008,4-Autumn,AQUE,0.4194444444,5.2697222222,0.5034742129,0.2284600721,0.1691669372,0.1058472035,1.6427222222,32.580944444,0.1538288295,0.006719611,90,0.0352030733,0.0341195939,0.0387379227,0.0164283362,0.005011892,0.0002276062,0.0152583532,0.0024485739,0.0023299987,0.0000231131,0.0114178834,0.0314779223,0.0069984742,0.0010896864,0.0011116701,9.9221145E-6,0.0054543496,0.0022148548,0.000346751,0.0003491076,3.198542E-6,0.0017128121,0.0000853757,0.0000125521,0.0000142946,1.0874714E-7,0.0000702612,15.262753426,1.412846021,557.54632002,135.40937339,16.272224767,0.0234644695,0.0123138147,0.0076443691,0.0049788422,1.1677517668,0.1504134363,0.0091938069,0.0006879518,0.0097645821,0.1870507906,0.002613108,0.0013667105,0.0027435814,0.0004710083,0.0033695996,0.0000284634,0.0020140074,0.0012346675,0.0001088613,4.7095715E-6,0.000456205,0.0023891807,0.0009585517,0.0005543344,0.0000716627,2.1352659E-6,0.0003281833,0.0003152751,0.0001770097,0.0000193386,7.0332986E-7,0.0001184658,0.0000132722,6.3417124E-6,1.4936366E-6,2.6420945E-8,7.2695347E-6
2009,1-Winter,AQUE,0.3353932584,5.1973033708,0.6447349254,0.358735325,0.1950103859,0.0909892145,2.2928089888,27.446853933,0.1674841692,0.0121260576,89,0.0320439506,0.0304164452,0.0372259555,0.0203536015,0.0052020349,0.0004141834,0.0142919215,0.0012366299,0.0029481288,0,0.0125582866,0.0310349667,0.0091411067,0.0007872878,0.001868036,0,0.0079308546,0.0024503929,0.0002142624,0.0004997664,0,0.0021302804,0.0001621533,0.000013729,0.0000323295,0,0.0001358402,13.372345443,4.4494603867,510.67249082,116.28446276,15.682662253,0.0357331022,0.0229017923,0.0100737,0.0048124315,1.0443153068,0.2176788655,0.0116203356,0.0014307288,0.007617696,0.2037045469,0.0027748786,0.0021205728,0.0028859619,0.0006035017,0.0033363146,0.0000602092,0.0022833825,0.0009325412,0.0001396779,0,0.000589516,0.0025384382,0.0015778846,0.0006082138,0.000129744,0,0.0005360805,0.000424916,0.0001638523,0.0000291979,0,0.0001625854,0.0000319511,0.0000111436,3.5861737E-6,0,0.000014683
2009,2-Spring,AQUE,0.2437634409,4.8366129032,0.5317759342,0.301473021,0.1489992378,0.0813036754,2.7591290323,31.057526882,0.1529002667,0.0125989899,93,0.0272230815,0.0295375615,0.0239777024,0.0160953484,0.0047888475,0.0003589174,0.0153185243,0.0015387187,0.0034688642,0,0.0124533766,0.0327794839,0.0087093198,0.0009152109,0.0019679275,0,0.0070353964,0.0024509249,0.0002586418,0.0005507386,0,0.001971091,0.0002069711,0.0000215342,0.0000475239,0,0.00016935,13.313023134,5.9917942054,704.60994606,159.75249067,15.188507001,0.0320942266,0.021573714,0.0082322487,0.0045799906,1.152310263,0.2429143514,0.010873789,0.0014650549,0.0056259101,0.2030298139,0.0028406753,0.0020282765,0.0029659345,0.0006058836,0.0032595677,0.0000629818,0.0023348685,0.0010613673,0.0001608049,0,0.0005828149,0.0026163454,0.0014860048,0.0006365654,0.0001503656,0,0.0005259346,0.0004270476,0.0001790714,0.0000361877,0,0.0001636673,0.0000408445,0.0000148531,5.679291E-6,0,0.0000194237
2009,3-Summer,AQUE,0.2408064516,3.6926344086,0.2339955666,0.0593384869,0.0665909544,0.1080661253,1.8373333333,34.371397849,0.0760448233,0.0034335599,93,0.0243054542,0.0237538696,0.0227542278,0.0058943545,0.0019226524,0.0000806778,0.0145498142,0.0027438275,0.0024197074,0,0.009972331,0.0296856801,0.0037195973,0.0006274694,0.0006373631,0,0.0026137846,0.0012131067,0.0002031489,0.0002075664,0,0.0008520384,0.0000568279,8.5836963E-6,9.8328904E-6,0,0.0000402309,16.009373832,0.8770716565,733.12306034,180.92606142,20.856838602,0.0124781159,0.0041119853,0.0035958433,0.0062845037,1.3147356854,0.1546559284,0.0050450646,0.0003297037,0.0052843544,0.1534805542,0.0028118629,0.0007675405,0.0029018256,0.0002695276,0.0033770337,0.0000149234,0.0019935598,0.0015570439,0.0001177749,0,0.0003913611,0.0025622937,0.0005295807,0.0003580655,0.0000434664,0,0.0001654463,0.0001797488,0.0001171292,0.0000123648,0,0.0000629417,9.1021419E-6,4.973067E-6,1.0320745E-6,0,4.0526984E-6
2009,4-Autumn,AQUE,0.31,3.5055555556,0.2328324505,0.0663914383,0.0658587257,0.1005822865,1.7441666667,34.250555556,0.0755558186,0.0032957389,90,0.0502502842,0.0508319818,0.0491960676,0.0114880106,0.0036995116,0.0001526455,0.0312890104,0.0064492917,0.0020634751,0,0.0093185527,0.0491203299,0.0071496518,0.0014758057,0.0004688413,0,0.002123259,0.0022751878,0.0004695068,0.0001486285,0,0.0006740892,0.0000927603,0.0000195982,6.2313718E-6,0,0.0000280289,16.15576369,0.7800872417,546.85243935,156.86013793,24.452728488,0.0125380425,0.0050365383,0.003596453,0.0054525047,1.1933197274,0.146179681,0.004945581,0.0003386099,0.0069299505,0.1394560203,0.0046891028,0.0012295799,0.0047622074,0.0004240516,0.00502245,0.0000215561,0.0039020871,0.0022405199,0.0000963146,0,0.0003259841,0.0045918312,0.0009446375,0.0005153723,0.0000322744,0,0.0001310955,0.0003138873,0.0001652829,8.9812514E-6,0,0.0000469654,0.0000142253,7.1085614E-6,6.3004196E-7,0,2.7535799E-6
2010,1-Winter,AQUE,0.128988764,1.0706741573,0.0840371538,0.0335625797,0.0258253472,0.0246492269,2.6480898876,36.462921348,0.0289265251,0.001728176,89,0.0543178838,0.0555410019,0.0607488844,0.0057371038,0.0019296646,0.0001099156,0.0460134612,0.0161244298,0.0023078792,0.0002712619,0.0110714518,0.0757884839,0.0049687797,0.0016463744,0.0002426461,0.0000141705,0.0012009396,0.0016522805,0.0005485879,0.0000808437,4.7419615E-6,0.0003997284,0.0000882121,0.0000299637,4.304848E-6,2.6458538E-7,0.0000212022,14.107615349,2.7792141123,622.36002894,167.75062229,22.14645712,0.0057114067,0.0031193018,0.0015519062,0.0016567143,1.3182080144,0.217868484,0.0023194176,0.000207064,0.0032619234,0.0504990774,0.0086679836,0.0009871803,0.0087005646,0.0003326398,0.0087973465,0.0000202873,0.0069103551,0.0050574872,0.0001105913,0.000072684,0.0004337169,0.0086073858,0.0008141414,0.0004965892,0.0000208142,3.8395324E-6,0.0000900658,0.000274924,0.0001683219,6.1126522E-6,1.292092E-6,0.0000335115,0.0000168477,9.8029619E-6,5.4772473E-7,7.9063927E-8,2.5631148E-6
2010,2-Spring,AQUE,0.0622580645,0.3002688172,0.0194582852,0.0079314292,0.0050936385,0.0064332176,3.0948387097,32.407526882,0.0059970007,0.000497111,93,0.0738455817,0.0716981382,0.073202106,0.0015008197,0.0004419318,0.0000375978,0.0476033123,0.0212447456,0.0029854264,0,0.0107407522,0.0825742364,0.0009900022,0.0004188631,0.0000670373,0,0.0002478053,0.0003049774,0.0001293223,0.000021375,0,0.0000798176,0.0000245199,0.0000105303,1.6840171E-6,0,6.2371744E-6,12.825761938,8.1047804583,773.4811487,225.81688941,47.460226714,0.0020774622,0.0013598598,0.0004977137,0.000673129,1.1110513615,0.2512237041,0.0006493134,0.0000679286,0.0031245918,0.0208707269,0.0091179188,0.0002688842,0.0091719051,0.0000818675,0.0092712378,7.5971446E-6,0.0066752377,0.0055289095,0.0001573809,0,0.0004288624,0.008772246,0.0001756861,0.0001190443,7.6316999E-6,0,0.0000244483,0.0000538559,0.0000371944,2.2337802E-6,0,8.148767E-6,4.8386954E-6,3.2453258E-6,2.3857313E-7,0,8.2140497E-7
2010,3-Summer,AQUE,0.601827957,1.9347311828,0.0797569591,0.0090345074,0.0189796163,0.0517428354,2.055483871,33.082473118,0.0248192364,0.0012515274,93,0.0841613249,0.0845874742,0.0800303429,0.0035974804,0.0011071903,0.0000577456,0.0346320341,0.0163241266,0.0023214937,0.0000539006,0.0065925958,0.0599241507,0.0011599248,0.0004350081,0.0001190162,8.5348564E-6,0.0003610211,0.0003588695,0.0001330855,0.0000368608,2.6102271E-6,0.00011149,0.0000196316,7.8679745E-6,1.917921E-6,1.3370266E-7,5.8362646E-6,14.668797916,1.9453949054,754.18316774,236.75638874,55.023653698,0.0055723359,0.0008405685,0.001556977,0.0034771728,1.1664975253,0.1766084963,0.0020427049,0.0001549837,0.0181728571,0.1004764405,0.0066214083,0.0003204515,0.0066644169,0.0001075612,0.0068459062,7.2518902E-6,0.0048600583,0.0042854047,0.0001167512,5.3926687E-6,0.0002506448,0.0063295188,0.0001822648,0.0001510451,0.0000101961,1.1413998E-6,0.0000277809,0.0000585124,0.0000468795,2.798693E-6,3.712701E-7,9.4311645E-6,3.3856317E-6,2.6191979E-6,2.3094833E-7,2.3144064E-8,6.7672596E-7
2010,4-Autumn,AQUE,0.3644444444,2.1733333333,0.1158306779,0.0176099562,0.0326859402,0.0655347816,2.6601111111,31.347777778,0.0338714534,0.0022638373,90,0.0492067033,0.0486732807,0.0535992736,0.0060535659,0.0017669412,0.0001329474,0.0277792933,0.0294010972,0.0021055464,0.0022127922,0.0082435321,0.0697422611,0.0032190001,0.0022962362,0.0002779002,0.0003349472,0.0010892312,0.0009520557,0.0006772738,0.0000825593,0.0000987822,0.0003233865,0.0000660365,0.0000487641,5.1743696E-6,6.3811639E-6,0.0000203426,14.324967007,3.6262065356,621.29315267,161.79263746,19.190683185,0.0078866323,0.0014045619,0.0022448567,0.0046470235,1.0859238351,0.2444432165,0.0026690871,0.0002722077,0.0112104993,0.1140619992,0.0076015703,0.0011201812,0.0076681953,0.0003476445,0.0079150019,0.0000281024,0.0050901556,0.00543134,0.0001021521,0.0000905979,0.0002933101,0.0073794002,0.0006843387,0.0007189328,0.0000228279,0.0000294548,0.000081553,0.0002082744,0.0002156097,6.115072E-6,9.560259E-6,0.0000269554,0.0000160959,0.0000156298,6.4486209E-7,8.6088033E-7,2.451115E-6
2011,1-Winter,AQUE,0.0023595506,0.0176966292,0.0008493989,0.0000863652,0.0002127044,0.0005503292,2.992406367,34.791128277,0.0002668887,0.0000198914,89,0.0343334845,0.0372665295,0.0345187819,0.0002094551,0.0000663081,4.9082946E-6,0.0242421781,0.090801538,0.0020208343,0,0.0076883255,0.1248365476,0.0006267803,0.0023476691,0.0000520503,0,0.0002011429,0.0001828057,0.0006847174,0.0000151809,0,0.000058665,0.0000146089,0.0000547191,1.2131795E-6,0,4.6882083E-6,12.880400032,6.3332554483,663.97290538,191.76293005,33.237919531,0.000224109,0.0000282698,0.0000537639,0.0001568692,1.2922966808,0.2577251276,0.0000720989,6.0726886E-6,0.0002638539,0.0033676203,0,0,0,0,0,0,0.0023017088,0.0013066453,0.0001409399,0,0.000454091,0.0026962597,0.0001674857,0.0000681378,0.0000154276,0,0.0000521899,0.0000521875,0.0000202212,3.9847864E-6,0,0.0000164544,5.7945553E-6,1.9159408E-6,5.0723194E-7,0,1.7979815E-6
2011,2-Spring,AQUE,0,0,0,0,0,0,2.6900929339,31.446685425,0,0,93,,,,0,0,0,,,,,,,,,,,,,,,,,,,,,,12.205909702,10.668998454,847.55524216,248.04458745,60.587274091,0,0,0,0,1.1516999345,0.2364560525,0,0,0,0,,0,,0,,0,,,,,,,,,,,,,,,,,,,,,
2011,3-Summer,AQUE,0,0,0,0,0,0,1.7750816495,32.64873006,0,0,93,,,,0,0,0,,,,,,,,,,,,,,,,,,,,,,15.883971424,0.8758046297,817.14770123,262.91025401,67.750638891,0,0,0,0,1.1942787972,0.1481691534,0,0,0,0,,0,,0,,0,,,,,,,,,,,,,,,,,,,,,
2011,4-Autumn,AQUE,0,0,0,0,0,0,1.9047802707,32.129566697,0,0,90,,,,0,0,0,,,,,,,,,,,,,,,,,,,,,,14.930296934,1.4130691681,619.74745359,182.4429213,40.396622017,0,0,0,0,1.1454900376,0.1666204487,0,0,0,0,,0,,0,,0,,,,,,,,,,,,,,,,,,,,,
2012,1-Winter,AQUE,0,0,0,0,0,0,2.4106862536,31.705610399,0,0,90,,,,0,0,0,,,,,,,,,,,,,,,,,,,,,,13.149894761,5.7619916563,664.66157877,188.21305796,46.082426034,0,0,0,0,1.1997602296,0.2077205651,0,0,0,0,,0,,0,,0,,,,,,,,,,,,,,,,,,,,,
2012,2-Spring,AQUE,0.1238172043,0.2370967742,0.003014485,0,0,0.003014485,2.7520430108,31.159074648,0.0008832723,0.0000634511,93,,,,0,0,0,,,0.0021929581,,0.0038232,,,,,,,,,,,,,,,,,13.252259664,6.6348060087,954.56812731,243.161106,55.27782387,0.0003916615,0,0,0.0003916615,1.3395463432,0.2828770869,0.0001295845,0.0000135536,0.0073502652,0.0217979526,,0,,0,,0,,,0.000217995,,0.0003682263,,,,,,,,,,,,,,,,
2012,3-Summer,AQUE,1.1413978495,4.0882795699,0.1183234374,0.001235365,0.0044490104,0.1126390619,1.4808333333,32.879354839,0.0345675904,0.0012581581,93,0.0703483323,0.0695980812,0.0624551122,0.0037008153,0.0010232457,0.0000394363,0.009070754,0.015068417,0.0022130345,0,0.0041005867,0.0304560254,0.0005073252,0.0001510182,0.0001821876,0,0.0003425496,0.0001439461,0.0000411758,0.0000547211,0,0.0001033877,5.6630723E-6,2.5652437E-6,1.9934208E-6,0,3.7507554E-6,16.370487606,0.6130422512,799.34927177,277.80276491,77.326596493,0.0064224178,0.0001970269,0.0005658584,0.0060199033,1.2226152244,0.1182209012,0.002412229,0.0001315098,0.0275066673,0.157289244,0.0019956276,0.0002348522,0.0022048761,0.0000827745,0.0030857784,4.7602418E-6,0.0010376042,0.0005812309,0.000107803,0,0.0001957047,0.001220633,0.0000830974,6.4353762E-6,0.0000138337,0,0.0000262452,0.0000240686,1.8074026E-6,3.6457546E-6,0,9.0510125E-6,9.8003281E-7,1.1783312E-7,2.3024548E-7,0,4.2176387E-7
2012,4-Autumn,AQUE,1.9826666667,7.5638333333,0.3492211582,0.0177981248,0.0401477069,0.2912753265,1.6373333333,30.719944444,0.1010338647,0.0045323515,90,0.0300640345,0.0316392094,0.0349649298,0.0097008143,0.0028926411,0.0001351422,0.014123145,0.0039630549,0.0022018328,0.0000379285,0.0049988337,0.025324795,0.0047361764,0.0013574631,0.0007285533,0.0000135821,0.0016778787,0.0013205895,0.0003685265,0.0002031517,3.7467914E-6,0.0004787284,0.0000549125,0.000014651,8.468125E-6,1.5795399E-7,0.0000207047,16.141940565,0.8248481367,658.71590975,211.79522266,46.532642957,0.0166430075,0.0013346708,0.0026381566,0.0148091803,1.1447877975,0.1491812319,0.0056475896,0.0004617137,0.0481279973,0.2742710313,0.0029586322,0.0010650212,0.0030578392,0.0003031689,0.0035329238,0.0000178923,0.0020242063,0.0016683451,0.0001165589,6.7793043E-6,0.0002190753,0.0027312334,0.0007205472,0.0005776432,0.0000537249,2.5911359E-6,0.0001078667,0.0002019197,0.0001566862,0.0000122676,7.2929808E-7,0.0000329829,9.5416577E-6,6.2999347E-6,9.7322242E-7,3.6330782E-8,2.2221227E-6
2013,1-Winter,AQUE,1.1493258427,7.0250561798,0.4810261322,0.1447460789,0.1626075666,0.1736724868,2.7423595506,37.439101124,0.1670515104,0.0103405855,89,0.0328420887,0.0329717383,0.0340818566,0.0150082792,0.0051442185,0.0003172252,0.0131692187,0.0029594882,0.0019077094,0,0.0099004471,0.0279368634,0.0060754355,0.0014421656,0.0008726699,0,0.0045027521,0.0020962575,0.0004985628,0.0003034268,0,0.0015753773,0.0001276661,0.000031586,0.0000186706,0,0.0000973426,12.803263742,6.5997607955,563.11009343,147.43078258,17.351569889,0.0244430952,0.0090309001,0.0082324075,0.0086537554,1.401442593,0.241906561,0.0105651006,0.001063932,0.0284517529,0.2677024458,0.0026196015,0.0014568452,0.0027354157,0.0005406934,0.0033354938,0.000044656,0.0017695034,0.0015849477,0.0000969965,0,0.000366885,0.0024409598,0.0008719889,0.0007814192,0.0000611301,0,0.0002753458,0.0003066301,0.0002695886,0.0000179911,0,0.0001112449,0.0000215861,0.0000176536,2.1099547E-6,0,0.0000106544
2013,2-Spring,AQUE,0.8022043011,7.0374193548,0.4837154446,0.155050683,0.1391651344,0.1894996272,1.9547849462,30.927311828,0.1415714311,0.007635147,93,0.028415695,0.0269001811,0.0256665202,0.0142779463,0.0040447139,0.0002138256,0.0157218889,0.0020965207,0.0027485654,6.3329299E-6,0.0102465246,0.0308198325,0.0078478308,0.0010702178,0.0013653555,2.6991498E-6,0.0051240438,0.0023492654,0.0003248021,0.0004022564,7.4648192E-7,0.0015338425,0.0001279671,0.0000180644,0.0000219646,3.7018648E-8,0.0000842565,14.226690289,3.9742879437,754.87157478,174.94088973,24.921328947,0.0234682831,0.0089090224,0.0066476953,0.0091902254,1.0408819764,0.1635867382,0.0082077192,0.0007442013,0.0175825233,0.2636308691,0.0027412285,0.0014954177,0.0028760384,0.0004663855,0.0032784031,0.0000304848,0.0020973168,0.0012510905,0.0001294259,1.9533094E-6,0.0003779812,0.0024968155,0.0011059018,0.0006353902,0.00009136,8.282276E-7,0.0002925909,0.0003432312,0.0001936417,0.000022454,2.3288179E-7,0.0001007835,0.0000202001,0.0000108877,2.2903773E-6,1.2087869E-8,8.3533191E-6
2013,3-Summer,AQUE,0.677688172,6.8706451613,0.4228150629,0.0948414046,0.1298166854,0.1981569729,1.3345698925,31.765053763,0.1269544716,0.0044399423,93,0.0334248471,0.0353697075,0.0297118998,0.0141829979,0.0044866421,0.000134477,0.0180410196,0.0026520547,0.0026193548,0.0000310697,0.0095396028,0.0328831016,0.0077129636,0.0011536718,0.0010934992,0.0000136045,0.003987487,0.0023108073,0.0003526523,0.0003197259,4.1903897E-6,0.0011693664,0.0000816407,0.0000109368,0.0000125938,1.4072555E-7,0.0000456898,16.438967441,0.5218934185,803.77274504,188.54043601,20.499385094,0.0208115732,0.0057395095,0.0067067991,0.0096032605,1.0941409155,0.1139353554,0.0075389775,0.0004390433,0.0156273305,0.2547040985,0.0031818553,0.0015806176,0.00326926,0.0005155516,0.0037777929,0.0000216257,0.0025157462,0.0014163057,0.0001180142,5.4125741E-6,0.0003411108,0.0029734907,0.0011477317,0.0006163366,0.0000735957,2.3962867E-6,0.0002404175,0.0003548926,0.0001869866,0.0000187882,7.6864186E-7,0.0000791685,0.0000134379,5.9926091E-6,1.3615291E-6,2.7005233E-8,4.7952773E-6
2013,4-Autumn,AQUE,0.4796111111,5.5688888889,0.316875635,0.0464461688,0.0805920168,0.1898374494,1.2083333333,31.627166667,0.0939910084,0.0029996968,90,0.0350296706,0.0341903436,0.0349714,0.0121901403,0.0035519891,0.0001142162,0.023918605,0.0066886261,0.0021280996,0.000365274,0.0082025404,0.041303145,0.0082426008,0.002281724,0.0007464049,0.0001403603,0.0028624773,0.0024939269,0.0006911597,0.0002266572,0.0000434252,0.0008713409,0.0000777783,0.0000217287,7.0922622E-6,1.3949496E-6,0.0000272402,16.016754828,0.6226742801,705.26305174,158.08995783,12.283715424,0.0157971603,0.0028889695,0.0042139848,0.0104901562,1.1310227874,0.1025064929,0.0056952463,0.0002976758,0.0112817516,0.2218745408,0.004205525,0.0015440095,0.0043000391,0.0004856682,0.0045780557,0.0000178626,0.0033740153,0.0023371643,0.0001038075,0.0000415162,0.0002798117,0.0040379546,0.0012157724,0.0008090948,0.000052537,0.0000185431,0.0001742876,0.000369568,0.0002459601,0.0000140055,6.0429076E-6,0.0000609068,0.0000129603,8.0102957E-6,7.7725101E-7,2.4197641E-7,2.7884694E-6
2014,1-Winter,AQUE,0.1582022472,1.3607865169,0.0775469308,0.0170461695,0.024043916,0.0364568453,1.5435393258,32.238146067,0.0261735872,0.0009712678,89,0.086463526,0.0844103141,0.0888023852,0.0072357228,0.0024156176,0.0000927614,0.0625333817,0.0469359141,0.0020295836,0,0.0089512869,0.1204501663,0.005694227,0.0030480642,0.0002202423,0,0.0010579724,0.0018659649,0.0009859916,0.0000709203,0,0.0003429619,0.0000674831,0.000036738,2.4761604E-6,0,0.0000119792,14.623543319,1.5822370714,581.60612989,160.65690855,19.46259362,0.005162845,0.0013509965,0.0016584662,0.0024449811,1.2328795141,0.1352027202,0.0021937332,0.000120084,0.0052642163,0.0709968997,0.0104612692,0.001166272,0.0103505551,0.0004096655,0.0105745162,0.0000164519,0.0092687185,0.0043107248,0.000106017,0,0.0003421819,0.0102878411,0.0009656284,0.0006210794,0.0000176202,0,0.0000746609,0.00033524,0.0002131941,5.0086223E-6,0,0.0000291026,0.0000133204,7.7749453E-6,2.9373706E-7,0,1.3933895E-6
2014,2-Spring,AQUE,0.0062903226,0.0769354839,0.004277694,0.0006838353,0.0009384862,0.0026553725,1.7780645161,31.161612903,0.0012131613,0.0000646781,93,0.0629976879,0.0654684301,0.0628146447,0.0003539529,0.000098581,5.3105025E-6,0.0399764384,0.0312953802,0.002510345,0,0.0066910291,0.0804731927,0.0002646787,0.0001384033,0.0000143128,0,0.0000380483,0.0000704993,0.0000375052,3.8315251E-6,0,0.0000102343,3.8720709E-6,1.9178008E-6,2.0557051E-7,0,5.4265748E-7,14.102670747,4.6592447118,772.77883218,219.02217207,30.246464915,0.0007128202,0.0001850728,0.0001493781,0.0004776424,1.1352658986,0.1490523429,0.0002007087,0.0000136629,0.000399556,0.0086306974,0.0114512833,0.0000996473,0.0114433315,0.0000264382,0.0117312526,1.6045724E-6,0.0107381033,0.0045042194,0.0001350209,0,0.0002830617,0.0119009119,0.0000842918,0.000045461,2.605202E-6,0,6.2108363E-6,0.0000223498,0.0000118258,6.5477385E-7,0,1.6618262E-6,1.3846059E-6,6.5340516E-7,4.6334319E-8,0,1.1235272E-7
2014,3-Summer,AQUE,0.0009139785,0.0137096774,0.0008947896,0.0001951472,0.0004034039,0.0002962384,0.9537634409,33.941612903,0.000304075,9.7390813E-6,93,0.1086797509,0.1117692803,0.1045806415,0.0000540939,0.0000181908,5.9696545E-7,0.0495169281,0.0230859053,0.0019963562,0,0.0096081866,0.0675814844,0.0000995626,0.0000589807,5.3549409E-6,0,0.0000201204,0.0000325556,0.0000192858,1.750989E-6,0,6.5790833E-6,1.1418111E-6,6.7640593E-7,6.1411898E-8,0,2.3074617E-7,17.836989935,0.277637272,697.77982589,172.1261179,23.232056975,0.0002420892,0.0000725669,0.000105492,0.0000913632,1.1882576855,0.0797765444,0.0000851511,3.1499573E-6,0.000104903,0.0025391215,0.0311195866,0.0000188932,0.0313177412,6.3123524E-6,0.0325287829,2.3603634E-7,0.0184624536,0.0053600387,0.0001874111,0,0.0005884245,0.0282505829,0.0000743235,0.0000272731,1.2230478E-6,0,4.2059213E-6,0.0000242846,8.951248E-6,3.9091991E-7,0,1.4131107E-6,8.7041664E-7,3.1870848E-7,1.5732016E-8,0,5.4815409E-8
2014,4-Autumn,AQUE,0,0,0,0,0,0,1.2153333333,39.205,0,0,90,,,,0,0,0,,,,,,,,,,,,,,,,,,,,,,18.382367593,0.228482044,595.29327905,159.26337275,25.931661027,0,0,0,0,1.4158414808,0.1057727269,0,0,0,0,,0,,0,,0,,,,,,,,,,,,,,,,,,,,,
2015,1-Winter,AQUE,0,0,0,0,0,0,1.2102247191,38.477191011,0,0,89,,,,0,0,0,,,,,,,,,,,,,,,,,,,,,,16.252008891,0.3296691597,580.48102929,188.96967847,50.252196455,0,0,0,0,1.3051275737,0.1042540742,0,0,0,0,,0,,0,,0,,,,,,,,,,,,,,,,,,,,,
2015,2-Spring,AQUE,0.1160752688,0.2601075269,0.0042843894,0,0,0.0042843894,2.6726344086,43.079086022,0.0017270481,0.0000562711,93,0.0947692649,0.0951933915,0.0863121446,0.0002142758,0.0000865474,2.6756045E-6,0.0152899382,0.0355460093,0.001418486,0,0.0038232,0.0560471151,0.000142351,0.0003309371,0.0000129221,0,0.0000355944,0.0000572403,0.0001330722,5.1960803E-6,0,0.0000143128,1.9516632E-6,4.5372215E-6,1.7716523E-7,0,4.8800711E-7,14.470072634,2.9502737493,699.31097405,189.51335416,34.456235905,0.0003221517,0,0,0.0003221517,1.5744986009,0.2640250158,0.0001588371,8.2207652E-6,0.0038408281,0.0150378496,0.0047652762,0.0000152415,0.0054210024,7.3519616E-6,0.008046,3.6516865E-7,0.0022500123,0.0013694001,0.0000993653,0,0.0002769605,0.002680674,0.0000233747,0.0000132376,1.4810669E-6,0,4.2359554E-6,9.8890987E-6,5.3912107E-6,5.0951074E-7,0,1.8297262E-6,4.0299778E-7,2.0235001E-7,2.9550229E-8,0,8.1103959E-8
2015,3-Summer,AQUE,0.4682795699,1.2308602151,0.0244084983,0.0000553708,0.0000576664,0.0242954611,1.2366666667,39.052311828,0.0089162464,0.000238016,93,0.0466056142,0.0457447882,0.0430127233,0.0007903567,0.000288188,7.7775552E-6,0.0142259104,0.0132795986,0.0016337315,0,0.003844491,0.0329837315,0.0002913568,0.0001971376,0.0000355211,0,0.0000812378,0.0001073219,0.0000735798,0.0000128237,0,0.0000294366,2.9113042E-6,2.1121515E-6,3.3591904E-7,0,7.772245E-7,18.547850285,0.3011315677,789.63788738,209.70815911,37.50556372,0.0012318114,0.00001463,0.0000146746,0.0012267646,1.4144087498,0.1014611883,0.0005538515,0.0000232343,0.0101123225,0.0445650129,0.0030150694,0.0000777946,0.0030534156,0.0000296778,0.0035045635,9.7154378E-7,0.0017950187,0.002173633,0.0000802783,0,0.0001976327,0.0027810499,0.0000446116,0.000052735,2.585358E-6,0,5.9718155E-6,0.0000167138,0.0000187603,7.9106081E-7,0,2.4126748E-6,4.9208937E-7,4.7521815E-7,3.6035029E-8,0,8.1242752E-8
2015,4-Autumn,AQUE,0.5366666667,1.8259444444,0.0513647485,0.00106849,0.0032382731,0.0470579854,2.5175,41.213555556,0.0200480255,0.0010736964,90,0.0439407316,0.0447569238,0.0520910654,0.0018789892,0.000739859,0.0000392489,0.0237522209,0.0043482877,0.0014517792,0,0.0042006089,0.0337528966,0.000992583,0.0001728577,0.000063088,0,0.00019399,0.0003834105,0.0000664779,0.0000244598,0,0.0000755282,0.0000177642,3.0293434E-6,1.1425768E-6,0,3.6406745E-6,18.247720097,0.367604647,610.71169109,173.12818695,32.347276914,0.0025669749,0.0001366566,0.0002898367,0.0024166516,1.5459289139,0.2319996087,0.0012457359,0.0001119036,0.0120423098,0.0729144293,0.0045867054,0.0001979051,0.0046869663,0.0000821808,0.0049292035,5.1137139E-6,0.0038633721,0.0020780281,0.0000727215,0,0.0002047825,0.0044784674,0.0001584486,0.000078698,4.2463733E-6,0,0.000012878,0.0000625683,0.0000303278,1.3866324E-6,0,5.7050782E-6,3.1634527E-6,1.4030051E-6,1.2421075E-7,0,3.994242E-7
2016,1-Winter,AQUE,0.3363333333,2.2037222222,0.1268461867,0.0289307854,0.0354039268,0.0625114745,3.1748333333,38.757055556,0.0459038151,0.0033113502,90,0.0455763475,0.0443888168,0.0460449212,0.0051073409,0.0018350102,0.0001294599,0.0194088287,0.0085668355,0.0017620813,0,0.0079634738,0.0377012192,0.0020819598,0.0010270092,0.00020428,0,0.0009242231,0.0007682798,0.0003724785,0.0000746881,0,0.0003378612,0.0000519057,0.0000252541,5.1020558E-6,0,0.0000232019,15.018907592,1.3599996894,576.17303993,172.31905639,31.116578595,0.0068036958,0.0020549182,0.0020172192,0.0034485274,1.4159751517,0.2724742131,0.0030494022,0.0003518641,0.0077956767,0.0876150066,0.0043197071,0.0005773013,0.0043532575,0.0002206572,0.0045830408,0.0000185085,0.0028025449,0.0030775699,0.0000886602,0,0.0002775651,0.0041934342,0.0003256935,0.0003908415,0.0000149141,0,0.0000598099,0.0001233128,0.0001422461,4.7491171E-6,0,0.0000256652,9.3944899E-6,0.0000100632,5.8058194E-7,0,2.5880992E-6
2016,2-Spring,AQUE,0.2397311828,3.5143010753,0.3157503566,0.1413447515,0.0935384056,0.0808671995,2.6541397849,37.608172043,0.1119150408,0.0065990342,93,0.0378984816,0.0379200152,0.0349900879,0.0100600158,0.0035759341,0.0002008742,0.0110586434,0.0041827972,0.0026888282,0,0.0110269597,0.0289572286,0.0030900245,0.0011167288,0.0007851033,0,0.0032080159,0.0010986322,0.0003963614,0.0002780136,0,0.0011361233,0.0000672742,0.0000271191,0.0000170445,0,0.0000698722,14.148877415,3.416554289,787.79372538,246.62936559,37.949460247,0.0193546435,0.0099337223,0.0055211609,0.0049586342,1.3571368205,0.2228709913,0.0080803729,0.000704694,0.0062395688,0.1646050889,0.0028664776,0.0009786643,0.0029468275,0.0003672479,0.0033739339,0.0000284924,0.0015669327,0.001989934,0.0001254038,0,0.0004615816,0.0026112865,0.0004846627,0.0005468489,0.0000603082,0,0.0002389442,0.0001753988,0.0001944533,0.0000187127,0,0.0000936944,0.0000119534,0.0000138606,2.0596261E-6,0,8.2477795E-6
2016,3-Summer,AQUE,0.1893010753,3.5424193548,0.2258747574,0.0604460069,0.0587058192,0.1067229313,2.1032795699,34.587365591,0.0746681645,0.00389801,93,0.0346055128,0.0332311098,0.0332391359,0.0087464193,0.0028333018,0.0001479063,0.0252917611,0.0041141124,0.0025866018,0,0.0095317869,0.0415242623,0.0062429532,0.0010384107,0.0006531973,0,0.0024468193,0.0020947664,0.0003494691,0.0002206324,0,0.0008309218,0.00010777,0.000017843,0.0000113454,0,0.000042664,17.200961663,0.4070276844,766.05330972,266.3835015,54.665850341,0.013140537,0.0053684897,0.0036522531,0.0060591245,1.2570761636,0.1737718568,0.0051557744,0.0004142606,0.0043741767,0.1501275125,0.0041280234,0.0011529111,0.0041894155,0.0004023323,0.004432343,0.0000239605,0.0033361387,0.0018530275,0.0001227798,0,0.0003609312,0.0039644437,0.0009158659,0.0004801063,0.0000509023,0,0.000179878,0.0003172347,0.0001636849,0.0000151658,0,0.0000678479,0.0000181453,8.5174521E-6,1.3016614E-6,0,4.7027027E-6
2016,4-Autumn,AQUE,0.1268333333,1.9970555556,0.1460595316,0.0444401156,0.0490666652,0.0525527508,1.5622777778,33.596055556,0.0475463605,0.001820409,90,0.0351892217,0.034023443,0.0326530348,0.0059856411,0.0019541803,0.0000743731,0.0260252549,0.0037929178,0.0022027544,0,0.010054061,0.0420749881,0.0043107867,0.0006107418,0.0003436836,0,0.0015745754,0.0014206924,0.000200656,0.0001121436,0,0.0005154411,0.0000575362,8.0949494E-6,4.4914052E-6,0,0.0000204224,15.846832234,0.9638132101,588.47592587,182.33940403,26.338137383,0.0103934209,0.0045142448,0.0038251019,0.0032800182,1.2400575739,0.1331181744,0.0040373183,0.0002109388,0.0034032695,0.1019380608,0.0042987913,0.0008525603,0.0043334702,0.0002949985,0.0046455986,0.0000140222,0.0036692037,0.0018128294,0.0001159131,0,0.0003912168,0.0041242087,0.0007091632,0.0003208297,0.000030637,0,0.0001273285,0.0002438455,0.000106905,9.1321778E-6,0,0.0000476573,0.0000111562,4.4401667E-6,5.6240303E-7,0,2.48242E-6
2017,1-Winter,AQUE,0.0717977528,0.5588202247,0.0351401964,0.0094905073,0.0099429423,0.0157067469,2.3452808989,29.540730337,0.0093139278,0.0005808214,89,0.0437184571,0.0444609931,0.0507040155,0.0021331997,0.0005585411,0.0000376012,0.0399272981,0.011403391,0.0024876905,0,0.0093350961,0.0631534757,0.001836105,0.0005785189,0.0001121502,0,0.0004410685,0.000492281,0.0001530971,0.0000308118,0,0.0001212363,0.0000282985,8.8483789E-6,1.6921554E-6,0,6.5517105E-6,13.883605092,2.8913833598,575.55889604,164.68933016,17.520510747,0.0027606008,0.0010609606,0.0007720432,0.0012667512,1.1049359513,0.2111432704,0.0008128673,0.0000672557,0.0020906789,0.0308388976,0.0069245791,0.0003838882,0.0069812293,0.0001054362,0.0071273096,7.1225823E-6,0.0057322315,0.0035958337,0.0001311292,0,0.0003558449,0.0067573297,0.0002996591,0.0002029567,0.0000102456,0,0.0000361746,0.0000808374,0.0000534075,2.5022548E-6,0,0.0000109721,5.4211686E-6,3.2461939E-6,1.9969867E-7,0,7.4974147E-7
2017,2-Spring,AQUE,0.0858064516,0.7251612903,0.060647142,0.0267626109,0.0187213032,0.0151632279,3.0258064516,32.89483871,0.0189860028,0.0014094243,93,0.0433703282,0.0439946814,0.0433699428,0.0019189682,0.0005976878,0.0000456967,0.010551218,0.0021118743,0.0030007686,0,0.0108292129,0.0264930738,0.0004637574,0.0000819231,0.0001474085,0,0.0005323311,0.0001408248,0.0000247451,0.0000450198,0,0.0001627731,0.000011539,2.0066921E-6,3.6549295E-6,0,0.0000131826,13.515781738,5.6076443142,787.29568049,232.85286956,24.41694269,0.0060310165,0.0037183989,0.0017081205,0.0013161691,1.2282469058,0.2588770334,0.0021601555,0.0002009614,0.0027535422,0.0427572974,0.0028225239,0.0002419805,0.0029536925,0.0000826647,0.0036980444,8.1470706E-6,0.0016405154,0.0012875092,0.0001558152,0,0.0004663139,0.0021908552,0.0000932565,0.0000641273,0.0000174356,0,0.00005611,0.00002859,0.0000190715,5.0543536E-6,0,0.0000189895,2.5648629E-6,1.5907306E-6,5.6950801E-7,0,1.9120891E-6
2017,3-Summer,AQUE,0.1653763441,1.2680107527,0.0813339123,0.0262715656,0.0220242174,0.0330381293,1.4962903226,34.419032258,0.0263501779,0.0009163011,93,0.0242833381,0.0245887414,0.0186266924,0.0019881106,0.0006529758,0.0000177848,0.0051656922,0,0.0026903231,0,0.0101781675,0.0180341828,0.0004188281,0,0.000218907,0,0.000825243,0.0001395216,0,0.0000732397,0,0.0002765827,5.7141293E-6,0,3.0215994E-6,0,0.0000114824,17.306056944,0.4670168924,766.68567917,222.74332901,19.702470809,0.0050649114,0.0026076521,0.0013582871,0.0020471929,1.2441657397,0.1213292377,0.0018662365,0.0000943668,0.0046272875,0.0525560192,0.0022117859,0.0002267301,0.0024149573,0.0000814748,0.003416683,3.9568964E-6,0.000748639,0,0.000129995,0,0.0003819344,0.0008593756,0.0000654514,0,0.0000195349,0,0.0000641537,0.0000224063,0,6.1656337E-6,0,0.0000247412,1.0027196E-6,0,3.925428E-7,0,1.4088297E-6
2017,4-Autumn,AQUE,0.2634444444,2.0451111111,0.1154071812,0.0237061478,0.0339217894,0.0577792439,1.3441111111,33.074388889,0.0371422222,0.001293937,90,0.035445254,0.0366288032,0.037726794,0.0038309782,0.0012453738,0.0000440396,0.0176634346,0.0039035752,0.0021389161,0.0002876139,0.0088339641,0.0328275039,0.0019383233,0.0004271676,0.0002300716,0.0000312519,0.0009550182,0.0005930438,0.0001326874,0.00007161,9.1927468E-6,0.0002993231,0.0000199316,4.5285833E-6,2.4424191E-6,2.9848806E-7,0.0000102739,16.482934904,0.4841623018,589.07185997,170.03121748,15.294130422,0.0082249763,0.0022143351,0.0027902843,0.0039300277,1.2618163904,0.1256875017,0.0031700752,0.0001715527,0.0069635158,0.1013428532,0.0039286551,0.0005170109,0.0040588627,0.0001739,0.0045147916,8.022266E-6,0.0030953109,0.0019778423,0.0001106493,0.0000576415,0.0003179917,0.0037051646,0.0003767585,0.00021854,0.0000206276,7.563805E-6,0.0000779396,0.0001153496,0.0000665946,5.847135E-6,2.2673171E-6,0.00002723,4.2882702E-6,2.2983238E-6,3.1742966E-7,8.1556646E-8,1.2929647E-6
2018,1-Winter,AQUE,0.2354494382,1.7411235955,0.1344622621,0.0576279662,0.0394322905,0.0374020054,1.7714606742,29.68005618,0.0382811861,0.0022664279,89,0.0262521955,0.0260319963,0.0356633229,0.0034228584,0.0009700027,0.0000715966,0.0053079079,0.0020266902,0.0025237564,1.1617664E-6,0.010651253,0.0205107693,0.0006799191,0.0002141141,0.0003387654,2.3219913E-7,0.0013983146,0.0002011042,0.0000716604,0.0000990664,6.4906448E-8,0.0004134921,9.8372871E-6,2.6131441E-6,5.1149353E-6,5.032021E-9,0.0000207005,14.375361943,2.4631064997,575.05844175,162.10845072,13.205228585,0.0081649623,0.0047864271,0.0022439307,0.0021681513,1.112080618,0.1556929447,0.002852068,0.0002703386,0.0063782429,0.067387472,0.0018899268,0.0003317481,0.0019299999,0.000109312,0.002816463,0.0000104508,0.0007686808,0.0012414746,0.0001195309,3.4249126E-7,0.0004103069,0.0015043707,0.0001013949,0.0001314096,0.0000256275,6.5262405E-8,0.0000968217,0.0000312531,0.0000417112,6.7769878E-6,1.9360229E-8,0.000033275,1.6911166E-6,1.5379112E-6,5.7404433E-7,1.5399541E-9,2.2507489E-6
2018,2-Spring,AQUE,0.1499462366,2.0064516129,0.1946931056,0.1039448765,0.0538050009,0.0369432282,2.8401577225,30.00598548,0.0551016509,0.0045686533,93,0.0251649882,0.0259125509,0.0268536007,0.0048997592,0.0014207357,0.0001203108,0.0096251983,0.0007312651,0.0037321082,2.3625706E-6,0.0120306899,0.0261216241,0.001828303,0.0001333833,0.0007285742,4.7220066E-7,0.0023480324,0.0005358713,0.0000417035,0.0002015646,1.3199389E-7,0.0006526064,0.0000432597,3.4157803E-6,0.0000160171,1.0233129E-8,0.0000519125,13.4091823,6.2513174568,787.1485388,215.42016285,15.433405593,0.0136726504,0.0091156212,0.0033862013,0.0024658126,1.0886972028,0.2593616824,0.0044928877,0.0005718797,0.0036706021,0.0955543575,0.0020348617,0.0005657073,0.0021708248,0.0001834241,0.0028824918,0.0000214238,0.0014222544,0.0005513391,0.0001761402,6.9649095E-7,0.0005315141,0.0016142971,0.0002953901,0.0001005674,0.0000646846,1.3271777E-7,0.000197737,0.000091628,0.0000316339,0.000016242,3.9371003E-8,0.0000586843,8.2518499E-6,2.6158911E-6,1.9509993E-6,3.1316541E-9,6.0804122E-6
2018,3-Summer,AQUE,0.0990860215,1.9975806452,0.1182275237,0.0298573597,0.0306607016,0.0577094624,2.1364449737,32.417497106,0.0364915348,0.0020732674,93,0.02752455,0.0271551243,0.0208892867,0.0036953783,0.0011278278,0.0000569159,0.0192204788,0.001365916,0.0027884985,0.0001153499,0.0097704332,0.0332606763,0.0026547408,0.0002173668,0.000370255,0.0000144444,0.0013078864,0.0008146371,0.000067678,0.0001127748,4.2980186E-6,0.0003984863,0.0000545549,5.0266304E-6,7.3646241E-6,2.7391899E-7,0.0000262553,18.47049463,0.2967196849,765.98902964,237.39633912,30.424962951,0.0073568096,0.0028377071,0.0019336317,0.0037884452,1.1338176756,0.1833664713,0.0026716143,0.000233895,0.0025284588,0.0903744125,0.002996097,0.0004571261,0.0031123745,0.000150746,0.0035131105,0.0000124,0.0024873397,0.0008284827,0.0001323042,0.0000313795,0.0003740223,0.0026227502,0.0003918848,0.0001366671,0.0000288878,4.0458901E-6,0.0000949572,0.0001254556,0.0000429017,8.1246342E-6,1.2595678E-6,0.0000329639,0.000010151,3.404516E-6,9.0972592E-7,9.3985778E-8,3.2455448E-6
2018,4-Autumn,AQUE,0.0748333333,1.2713888889,0.0724923283,0.0140407966,0.0216773437,0.036774188,1.5968077249,32.077089316,0.0218755039,0.0008871645,90,0.047220097,0.0472433476,0.0469655219,0.0039349283,0.0011851136,0.0000450029,0.0360140873,0.0076286967,0.002170734,0,0.0088208623,0.0546343802,0.0030227927,0.00063224,0.000176389,0,0.000695902,0.0009154015,0.0001907778,0.0000534456,0,0.000210812,0.0000360483,7.2802451E-6,2.1803725E-6,0,8.6123973E-6,17.584547909,0.4468496698,588.52480376,189.89794415,26.828744928,0.0043996581,0.0010820219,0.0013620132,0.002433458,1.1598158849,0.1369505637,0.0015711738,0.0000932581,0.001858676,0.0594361677,0.006165795,0.000567345,0.0062495798,0.0001820678,0.0064228767,7.7026785E-6,0.0053486386,0.0028984193,0.0001053552,0,0.0003120601,0.0060116809,0.0004984827,0.000249243,0.0000140217,0,0.0000479127,0.000157253,0.0000754026,3.7978073E-6,0,0.0000162808,6.3867428E-6,2.8269143E-6,2.4331594E-7,0,8.9023964E-7
2019,1-Winter,AQUE,0.0463483146,0.6030898876,0.0369795895,0.0084173677,0.0108950331,0.0176671888,2.5328089888,35.358426966,0.0122823831,0.0007208922,89,0.048633183,0.0495368902,0.0543866022,0.0020031357,0.0006730385,0.0000381916,0.0356980688,0.0073524736,0.0020511762,0,0.0094646288,0.0545663474,0.0014838229,0.0003027247,0.0000843908,0,0.0003917776,0.0004880173,0.0000988857,0.0000273732,0,0.0001271541,0.0000250533,5.1924296E-6,1.471227E-6,0,6.7744628E-6,14.37820298,2.3763458331,577.36408578,168.76985106,18.292220237,0.0028644961,0.0010612598,0.0008438381,0.001375426,1.3368847272,0.2256247313,0.0010644482,0.0000878065,0.0013835209,0.0316163951,0.0071467335,0.000341209,0.0071682841,0.0001167161,0.007390208,6.7314497E-6,0.006367473,0.0029218328,0.0001004119,0,0.0003571699,0.0070150732,0.0002988263,0.000119432,7.1886299E-6,0,0.0000314957,0.0001018036,0.0000395644,2.1599642E-6,0,0.0000114514,5.3018305E-6,2.1085049E-6,1.7369696E-7,0,7.6770992E-7
2019,2-Spring,AQUE,0.2371505376,1.1331182796,0.0620303995,0.0202800785,0.0150187311,0.02673159,2.9539784946,33.391021505,0.0197098387,0.0014961133,93,0.0357324358,0.0358205919,0.0371838671,0.0019249598,0.0006200383,0.0000508604,0.012762652,0.0028211211,0.0027218227,0,0.0094734734,0.0277790693,0.0006559004,0.0001896948,0.0001513644,0,0.00051768,0.0002097352,0.0000600009,0.0000484548,0,0.0001655664,0.0000168455,4.9841571E-6,3.9204591E-6,0,0.0000133892,13.555218862,5.168972925,786.40667576,250.072607,39.235434795,0.0051927745,0.0026869907,0.0013521739,0.0018230768,1.2504592432,0.2606360502,0.0019231509,0.0002100427,0.0082515045,0.0568317029,0.0031766049,0.000257805,0.003307604,0.0000910258,0.0039956907,9.572776E-6,0.0019450464,0.0016751705,0.0001440208,0,0.0003812883,0.0025887744,0.0001161523,0.0001175262,0.0000157507,0,0.0000488944,0.0000378353,0.0000372156,4.6879962E-6,0,0.0000174076,3.4172217E-6,3.1221667E-6,5.6904876E-7,0,1.854609E-6
2019,3-Summer,AQUE,0.6119892473,2.7527956989,0.1212450164,0.0169713444,0.0202694075,0.0840042645,1.5903763441,31.993064516,0.0364104321,0.0016255967,93,0.0383075989,0.0385468769,0.0425562727,0.0043274957,0.0012893616,0.0000641437,0.0161594225,0.0022785346,0.002575113,0,0.0069713424,0.0279844125,0.0019765661,0.000327121,0.0002617741,0,0.0007232985,0.000592567,0.0000966714,0.0000795144,0,0.0002196079,0.0000278494,4.934574E-6,3.5365239E-6,0,9.9588967E-6,16.941639202,0.4087005647,766.41267794,280.1880156,63.512358575,0.0070308685,0.0020232289,0.0016013839,0.004678434,1.2379809652,0.1555124531,0.0026070445,0.0001928314,0.0161646335,0.1142388025,0.0029134819,0.0004616528,0.0030505799,0.000148343,0.0038098014,0.000010101,0.0022993968,0.0011738566,0.0001341298,0,0.0002911455,0.0025736794,0.0003223272,0.000169814,0.0000196536,0,0.0000516816,0.0000987794,0.0000505036,5.2762281E-6,0,0.0000174807,5.3804338E-6,2.699291E-6,3.9460848E-7,0,1.0829833E-6
2019,4-Autumn,AQUE,0.5543888889,3.2476111111,0.155437833,0.018005471,0.0284616174,0.1089707447,1.9721111111,38.797611111,0.0560971965,0.0023857328,90,0.0593829531,0.0625349925,0.0604120657,0.0092020612,0.0034584255,0.0001444218,0.0398994012,0.012820098,0.0018144954,0,0.006901663,0.0614356576,0.0061962254,0.0019377846,0.0002927488,0,0.0010924894,0.0022204238,0.0007101252,0.0000996326,0,0.0003786495,0.0000954728,0.0000304104,4.4386247E-6,0,0.0000167735,16.551412872,0.4921135663,587.99691881,182.09290793,20.69160611,0.0086391843,0.0014877473,0.0018047925,0.0064410245,1.430769856,0.1649008042,0.0038645187,0.0002340297,0.015412594,0.149982533,0.0067663602,0.001176231,0.00675163,0.0004497861,0.0070073866,0.0000223326,0.0053551472,0.0038072044,0.0000882435,0,0.000244992,0.0066638243,0.0009013442,0.0005964546,0.0000215787,0,0.0000696745,0.0003376378,0.0002224273,6.3878719E-6,0,0.0000276964,0.0000153613,9.6895985E-6,4.6677977E-7,0,1.6500123E-6
2020,1-Winter,AQUE,0.1876111111,2.1803888889,0.1648662636,0.0655014241,0.0478082582,0.0515565813,2.231,34.4675,0.0512448159,0.0032608324,90,0.0403767923,0.0364140068,0.0391160866,0.005625042,0.0017979498,0.0001030698,0.0212652685,0.0083855206,0.0021751131,0,0.0098532863,0.0416791885,0.0028623245,0.0010478088,0.0003158267,0,0.0013296468,0.0010107075,0.0003950412,0.0001007408,0,0.0004414228,0.0000520542,0.0000196117,5.6277278E-6,0,0.0000240652,14.824378846,1.2680794763,591.45962381,165.78873066,13.855848082,0.0122989237,0.0064715124,0.0033848022,0.0035107851,1.2759632327,0.1907182911,0.0041890065,0.0004162954,0.0054627486,0.113560879,0.0047609969,0.0006724773,0.0047345218,0.0002471711,0.0051608999,0.0000154592,0.0029160973,0.0031050582,0.0001034037,0,0.0003452039,0.0044100409,0.0004227113,0.0003850141,0.0000260839,0,0.0000973121,0.0001581245,0.0001461246,7.2501263E-6,0,0.0000359883,8.7179013E-6,7.5899509E-6,6.4141332E-7,0,2.6435988E-6
2020,3-Summer,AQUE,0.1652150538,3.7983064516,0.3786555269,0.2016571112,0.1027001213,0.0742982945,2.3763709677,28.976801075,0.1040904654,0.0075168434,186,0.0342332737,0.0341585432,0.035448937,0.008682912,0.0023632658,0.0001364706,0.0143706854,0.0006674497,0.0036045067,0,0.0110816835,0.0297243253,0.0037147237,0.0001602211,0.0009929384,0,0.0030735286,0.0010148668,0.0000439736,0.0002701932,0,0.0008360355,0.0000588951,2.4985417E-6,0.0000161791,0,0.0000498801,15.407743904,1.840080711,768.71901426,214.07991896,17.923934793,0.0359334821,0.0213321824,0.008960791,0.0069476665,1.28235981,0.2659679365,0.0112705791,0.0012248921,0.0061994889,0.2692080172,0.0026125526,0.00083483,0.0026505119,0.0002417952,0.0028867627,0.0000191919,0.0023112032,0.0004986098,0.0002065417,0,0.0005237178,0.002466,0.0005951286,0.0001142297,0.0000918585,0,0.0002675556,0.000167779,0.0000314445,0.0000228287,0,0.0000796183,0.0000109698,1.8580411E-6,2.2296629E-6,0,6.5377439E-6
2020,4-Autumn,AQUE,0.1431666667,2.0495555556,0.1640595565,0.0593674573,0.0595878073,0.0451042918,1.7585555556,28.851388889,0.0456295336,0.0020991029,90,0.039334861,0.0387895301,0.041994763,0.0075556609,0.0020935881,0.0000979343,0.0343213623,0.0075885375,0.0028113158,0.0000241842,0.011324324,0.0560697237,0.0058658131,0.0010374955,0.0005532789,5.6319068E-6,0.0022090484,0.0016276391,0.0002852597,0.0001537893,1.5937795E-6,0.0006149535,0.0000748296,0.0000139658,6.8677899E-6,6.1607585E-8,0.0000273037,16.048970542,1.3970089728,589.92762035,195.58115462,39.939483906,0.0125764843,0.0053328205,0.0045993107,0.0033848961,1.1013064535,0.1504418615,0.0041602423,0.0002509383,0.0044551658,0.1157714754,0.0055320928,0.0011295331,0.0055627943,0.0003331128,0.0058583508,0.0000181344,0.0047093611,0.0025914033,0.0001405508,7.3283562E-6,0.0004453962,0.0054134747,0.0009157927,0.0004140572,0.0000491005,1.6183228E-6,0.0001850319,0.0002666008,0.0001164988,0.0000125761,4.6770681E-7,0.0000572655,0.0000131921,5.4026271E-6,8.3630913E-7,1.9915969E-8,3.1600602E-6
2021,1-Winter,AQUE,0.0318539326,0.2870224719,0.0176672418,0.0057512709,0.0046778459,0.0072381251,2.5819101124,29.400674157,0.0048840152,0.0003656211,89,0.0424097931,0.044147839,0.0462923642,0.001018773,0.0002819441,0.0000208755,0.0329498657,0.0103454005,0.0026835271,0.0004046301,0.0101276505,0.0565110739,0.0010725991,0.0003611475,0.0000734362,6.5069637E-6,0.0002800449,0.0002803669,0.000094226,0.0000193947,1.7899766E-6,0.0000738843,0.0000195326,6.5643917E-6,1.3715837E-6,1.3431502E-7,5.2177579E-6,13.016680836,6.0921430888,576.74869819,155.98373867,11.751520307,0.0015232406,0.0007017699,0.0003950126,0.0006401247,1.0306976451,0.2227226656,0.0004502338,0.0000457562,0.0011827993,0.0166260019,0.0062769062,0.0002351144,0.0063199099,0.0000622253,0.0065812927,4.7310671E-6,0.004973213,0.003378322,0.0001216817,0.0001115945,0.0003965716,0.0060758964,0.0001939573,0.0001246798,7.0778942E-6,1.7962593E-6,0.0000253966,0.0000512158,0.0000323162,1.7130842E-6,5.0107766E-7,7.0414779E-6,3.8352161E-6,2.3041043E-6,1.7107998E-7,3.981761E-8,6.4128184E-7
2021,2-Spring,AQUE,0.3715053763,1.0853763441,0.0452460335,0.0078438242,0.0097073789,0.0276948303,2.6912903226,31.962473118,0.0140492679,0.0010110075,93,0.0410222987,0.0414732203,0.039454576,0.0012718702,0.0003914562,0.0000271431,0.0111258336,0.0031550555,0.0025244946,0,0.0080540719,0.0248594556,0.0002576566,0.0000514455,0.0000751278,0,0.0002410531,0.0000773677,0.000015163,0.0000227494,0,0.0000729864,5.8511644E-6,1.1843097E-6,1.6283427E-6,0,5.2188346E-6,13.423808005,5.8034388909,785.90089919,210.74289516,14.286487205,0.0031896391,0.0008689105,0.0008083024,0.0018959969,1.1685434561,0.2460303771,0.0011852499,0.0001429997,0.011951045,0.054831699,0.0032186029,0.0001010667,0.0032639509,0.0000350409,0.0037721618,4.2753383E-6,0.0020474966,0.0019594611,0.0001239071,0,0.0003312939,0.0029045066,0.0000463604,0.0000310196,6.2122014E-6,0,0.0000186541,0.0000141861,9.1610644E-6,1.6929854E-6,0,6.1501861E-6,1.1789469E-6,7.2302531E-7,2.1705561E-7,0,6.5983522E-7
2021,3-Summer,AQUE,0.4080107527,1.5997311828,0.0705486061,0.0097452844,0.0150990878,0.0457042338,1.5833333333,32.30311828,0.0214009857,0.0009118014,93,0.0735104977,0.0732269117,0.065000723,0.00551983,0.0016766909,0.0000664619,0.0494604989,0.01750008,0.0023767182,0,0.0076733799,0.077010677,0.0036708667,0.0013192661,0.0001759655,0,0.0005708015,0.0011194782,0.0004025785,0.0000536813,0,0.0001741577,0.0000494511,0.0000178584,2.586855E-6,0,8.4848038E-6,16.35712557,0.4959219985,766.38080012,229.46010316,26.580421597,0.0041603691,0.0009343568,0.0010917444,0.0025593447,1.1454988165,0.1376381457,0.0015154133,0.0001006486,0.0096927247,0.069211914,0.0109719607,0.000912869,0.0110383397,0.0002890291,0.0113404689,0.0000145368,0.0086844508,0.006654344,0.000116334,0,0.0002792752,0.0108613611,0.0007018498,0.0005132392,0.000013667,0,0.0000409936,0.0002193997,0.0001584161,3.8102621E-6,0,0.0000140594,0.0000106925,7.2361438E-6,2.96083E-7,0,9.3792403E-7
2021,4-Autumn,AQUE,0.1609444444,0.908,0.0551722159,0.013646439,0.0159922396,0.0255335373,1.8074444444,29.286888889,0.0151378491,0.0007942225,90,0.0527240971,0.0517901805,0.0582097533,0.0028065585,0.0007775771,0.000039856,0.0312218583,0.0102686206,0.0023571764,0,0.0085063619,0.0523540172,0.0016650309,0.0005327778,0.0001300857,0,0.0004721058,0.0004720852,0.0001502946,0.0000363577,0,0.0001314914,0.0000209194,6.7851809E-6,1.6354796E-6,0,6.0413077E-6,15.075625116,1.2506391223,588.90954312,181.46276475,23.216573234,0.003595718,0.0013958075,0.0010935314,0.0016034103,1.0420998234,0.1609692161,0.0011125293,0.0000914643,0.0043159444,0.0418994311,0.0071122745,0.0004089521,0.0071580149,0.0001191301,0.0074144838,6.5973296E-6,0.0058535155,0.0041569421,0.0001167321,0,0.0002993438,0.007034799,0.0003159945,0.0002155394,0.0000102913,0,0.0000329063,0.000091331,0.0000615589,2.5501018E-6,0,0.0000101938,4.3737441E-6,2.8143671E-6,1.9183256E-7,0,6.6465502E-7
2022,1-Winter,AQUE,0.0793820225,0.7951685393,0.0661001605,0.0296703973,0.0183702336,0.0180595297,2.4082022472,28.978089888,0.0180779093,0.0013228544,89,0.0366872546,0.0364582965,0.0409178197,0.0022481622,0.000613691,0.0000442118,0.0186068685,0.0024210453,0.0028659378,0.0000358572,0.0109774858,0.0349071946,0.0010966491,0.0001448397,0.0001752853,2.2681579E-6,0.0006659203,0.0003015732,0.0000399807,0.0000480094,6.1773183E-7,0.000182517,0.0000193301,2.5708697E-6,3.0952408E-6,5.1403531E-8,0.0000116427,13.786510754,3.329002,576.48645362,175.10519168,20.568569109,0.005232554,0.0032674382,0.0012560574,0.0015035693,1.0473186777,0.2103115911,0.0016147456,0.0001782577,0.0027646307,0.0456849791,0.0032553805,0.000247117,0.003330725,0.0000718805,0.0036808227,6.5035754E-6,0.0025892695,0.0011963446,0.0001365098,6.4837466E-6,0.0004671878,0.0028579088,0.0001646445,0.0000719617,0.0000153605,5.0170763E-7,0.0000545766,0.0000464794,0.0000200992,3.7991095E-6,1.4129502E-7,0.0000160626,3.2891752E-6,1.2862198E-6,3.8842265E-7,1.2659108E-8,1.3959981E-6
2022,2-Spring,AQUE,0.0683333333,1.3361827957,0.1327808553,0.0745897961,0.0336993561,0.024491703,2.7874193548,28.35344086,0.0356011781,0.0029822127,93,0.035112777,0.0352493193,0.0337511842,0.003745167,0.0010123319,0.0000821503,0.0089874053,0.0012168291,0.0039006159,0.0000587328,0.0116897865,0.0258533696,0.0008576559,0.0000769709,0.000468218,3.966053E-6,0.0013932788,0.0002305467,0.000020963,0.0001247474,1.0812962E-6,0.0003714721,0.0000196237,1.744401E-6,0.0000107851,8.8952608E-8,0.0000320315,13.68755989,5.5683438755,786.68634959,233.53341368,24.776689187,0.0129824062,0.0093033435,0.0027862162,0.0021295608,0.9882812455,0.2374903505,0.0037479556,0.0004212083,0.0023419112,0.0815339816,0.0026637802,0.0004470541,0.0027662745,0.0001269164,0.0033292488,0.0000140142,0.0016858358,0.0009125613,0.0001776928,0.0000101985,0.0005242862,0.0019864295,0.0001559635,0.0000575776,0.000050285,7.9596551E-7,0.0001479056,0.0000427119,0.0000157712,0.0000126941,2.2432415E-7,0.0000414539,3.9414339E-6,1.3074718E-6,1.5672227E-6,2.0156237E-8,4.6207513E-6
2022,3-Summer,AQUE,0.0969354839,1.8644086022,0.154968465,0.0705141791,0.0414548046,0.0429994813,2.1460215054,30.321075269,0.0432564594,0.0026919016,93,0.0216707499,0.0221989311,0.0208298441,0.0035912298,0.0010042623,0.0000607334,0.0087347019,0.0004303371,0.0036120829,0.0000862398,0.0112636175,0.0241269791,0.0013085401,0.0000571838,0.0005807765,0.0000115196,0.0018150368,0.0003671827,0.0000163007,0.0001616806,3.2802781E-6,0.0005052861,0.0000235449,1.0520312E-6,0.0000103328,2.1263455E-7,0.0000322291,16.595187783,0.5667562259,763.94268118,244.45637878,32.685036127,0.0138265909,0.0086367436,0.0035701786,0.0033257614,1.0742980877,0.173178248,0.0040265189,0.0003438177,0.0021898743,0.1006765303,0.0023146976,0.0004980909,0.0024468422,0.0001410617,0.0029668213,0.0000122438,0.0014251575,0.0004496308,0.0001713349,0.0000178524,0.0005012461,0.0015859422,0.00022933,0.0000598323,0.0000597924,2.7766176E-6,0.0001777895,0.0000658851,0.0000171561,0.0000153145,7.9610844E-7,0.0000517631,4.5599599E-6,1.1079274E-6,1.3426995E-6,5.7911099E-8,4.0429123E-6
2022,4-Autumn,AQUE,0.0897222222,1.083,0.0847264708,0.032272736,0.0253112865,0.0271424482,2.4154545455,33.383636364,0.0308492312,0.0019470171,90,0.0249777483,0.0263427614,0.0252768796,0.0026536111,0.0008674998,0.0000519869,0.026957845,0.0090483037,0.0027508781,0.0000868685,0.0104079959,0.0305653917,0.0017761278,0.0001842295,0.0003106516,0.000013492,0.0011545362,0.0005331064,0.0000555379,0.0000934845,3.8460083E-6,0.000349717,0.0000340421,3.5311493E-6,5.9845914E-6,2.4821828E-7,0.0000223819,15.758615576,1.1695232523,592.12014969,213.97346083,45.56288236,0.0077987994,0.0047131218,0.0024342427,0.0022986826,1.3330266963,0.2294611005,0.0030625193,0.0002733608,0.0024157762,0.0597698901,0.0038693353,0.0004803515,0.0041210407,0.0001550148,0.0043372472,0.0000120045,0.0044755094,0.0016028966,0.0001451182,0.0000184346,0.0004614143,0.0030820126,0.000338861,0.0001418661,0.0000309148,3.3501362E-6,0.0001083638,0.0001041704,0.0000433619,8.3170023E-6,9.6035788E-7,0.0000347238,7.1973326E-6,2.7694745E-6,8.7030124E-7,6.9865281E-8,3.2041152E-6
2023,1-Winter,AQUE,0.0038202247,0.0152808989,0.0004183142,0,0,0.0004183142,,,,,89,,,,0,0,0,0.0669981253,0.0528703543,,0,,,,,,,,,,,,,,,,,,13.217546695,5.2633101832,574.69517338,169.30335372,24.818001287,0.000093797,0,0,0.000093797,,,,,0.0003196765,0.0021417827,,0,,0,,0,0.0179451303,0.0079911934,,0,,,,,,,,,,,,,,,,,
2023,2-Spring,AQUE,0,0,0,0,0,0,,,,,93,,,,0,0,0,,,,,,,,,,,,,,,,,,,,,,13.362715396,5.673569962,786.42975256,251.71822871,49.448872637,0,0,0,0,,,,,0,0,,0,,0,,0,,,,,,,,,,,,,,,,,,,,,
2023,3-Summer,AQUE,0,0,0,0,0,0,,,,,15,,,,0,0,0,,,,,,,,,,,,,,,,,,,,,,15.061427306,1.3739080018,,,,0,0,0,0,,,,,0,0,,0,,0,,0,,,,,,,,,,,,,,,,,,,,,
2002,3-Summer,MOHK,0.5302150538,12.495698925,1.4560009972,0.7739445813,0.4644669377,0.2175894782,2.0157526882,28.149032258,0.3885463159,0.0241590224,93,0.0347942792,0.03649967,0.0318647386,0.0472629196,0.0129485534,0.0007523153,0.0147678915,0,0.0037163949,0.0001763115,0.0122831631,0.0309437611,0.0200284475,0,0.005165545,0.0002462967,0.0171196358,0.0052528757,0,0.0013475677,0.0000693162,0.0044812443,0.0003303473,0,0.0000875503,3.1495435E-6,0.0002879807,15.4983251,0.7538429775,773.47314928,173.102336,35.831306676,0.0938503254,0.0556575528,0.0284078103,0.0128459716,1.0008008826,0.1747009141,0.0292161896,0.0026662785,0.0211178876,0.6373825394,0.002656227,0.0047091038,0.0027601056,0.0013703771,0.0032519505,0.0001133767,0.0022663518,0,0.0001647998,0.0000245263,0.0005061445,0.0023144078,0.0033109745,0,0.0004061719,0.0000385589,0.0013132182,0.0008934509,0,0.0000940594,0.0000113574,0.0003766294,0.0000620935,0,0.0000102599,7.4087245E-7,0.0000334982
2002,4-Autumn,MOHK,0.3238333333,5.9593333333,0.5403574325,0.2260755175,0.1783332298,0.1359486852,2.4268888889,27.556944444,0.1406389481,0.0088119823,90,0.0333818641,0.0320940964,0.0395706133,0.0228306917,0.0057428281,0.0003630314,0.0210067264,0.0110503127,0.0030020165,0.000821182,0.0115434571,0.0474236948,0.0151326855,0.0067662272,0.0022814072,0.0007010499,0.0087143624,0.0040546224,0.0017660427,0.0006144199,0.000189181,0.002346143,0.0002180358,0.0000924469,0.0000326505,8.9515218E-6,0.0001252921,15.444910753,0.7255282451,584.51584035,140.30116739,35.657320135,0.0366063498,0.0172470485,0.011910812,0.0098348395,1.0781025485,0.2512629964,0.0108959603,0.0010392803,0.0172592589,0.3328583184,0.0061148077,0.0046579353,0.0061628361,0.0012718688,0.0063132445,0.0000723041,0.0037896003,0.0044993785,0.0001516829,0.0001160309,0.0004708561,0.0059165537,0.0029781998,0.0030586282,0.0001930869,0.000096685,0.000681609,0.0008144001,0.0008108459,0.0000449293,0.0000272613,0.0002043662,0.0000417613,0.0000410682,3.6679335E-6,1.5058897E-6,0.0000133682
2003,1-Winter,MOHK,0.1352247191,2.2758988764,0.1890476835,0.0728233677,0.0570079415,0.0592163743,2.4249438202,28.301123596,0.0501326308,0.0035490583,89,0.0416296322,0.0440850473,0.0430629873,0.008834237,0.0024691585,0.0001767647,0.0226078142,0.0154484923,0.0028347171,0,0.0111224439,0.0520134675,0.0053564706,0.003524255,0.000652752,0,0.0025694691,0.0014060535,0.0009418194,0.0001700191,0,0.0006693125,0.0001086052,0.0000743201,0.0000129162,0,0.0000508638,14.674417762,1.4093573867,584.68941647,122.04661188,16.836043306,0.0178661136,0.008105107,0.0056178915,0.0055359423,0.9597615242,0.1999986369,0.005053064,0.0004310526,0.0073268832,0.1764649445,0.006133713,0.0017021477,0.006220301,0.0004648379,0.0063815152,0.0000393846,0.0037245772,0.004546946,0.0001281061,0,0.0004449205,0.0058573868,0.0010508897,0.001167222,0.000058311,0,0.0002207634,0.0002730088,0.0003058289,0.0000141115,0,0.0000614555,0.0000231245,0.0000252814,1.5173163E-6,0,5.830831E-6
2003,2-Spring,MOHK,0.6477419355,3.1660215054,0.1901217865,0.0697245024,0.0565629958,0.0638342883,2.8710215054,35.134301075,0.0621007082,0.0041354371,93,0.0407917849,0.0406645886,0.0373703472,0.0068624889,0.0022135374,0.0001482786,0.0126416997,0.0091057106,0.0027960668,0,0.0115535541,0.0360970312,0.0021033971,0.0014209388,0.000476337,0,0.0019680943,0.0006829687,0.0004511607,0.0001587988,0,0.0006573104,0.0000500651,0.0000349242,0.0000113365,0,0.0000468957,13.545076193,4.0016526542,800.92244922,168.56808637,26.331423576,0.0170273864,0.0088276043,0.0056146934,0.0052567073,1.3013058777,0.2519082354,0.006220056,0.0005367091,0.0359867109,0.218856965,0.0045698265,0.0008983878,0.0046233576,0.0002991508,0.0048658711,0.000024283,0.0019971143,0.0035326424,0.0001352564,0,0.0005297548,0.0040693964,0.0003742542,0.0005933098,0.0000516662,0,0.0002031884,0.0001229788,0.0001898114,0.0000170339,0,0.0000742218,0.0000100574,0.000014883,1.6250434E-6,0,6.4806182E-6
2003,3-Summer,MOHK,1.3406989247,7.3679032258,0.439250222,0.1181540667,0.1504711152,0.1706250401,2.8407526882,34.968387097,0.1452881287,0.0098436586,93,0.0331002531,0.0341489433,0.0361771077,0.0126862173,0.0042687801,0.0003053559,0.0109919431,0.0002272186,0.002294709,0,0.0100054692,0.02351934,0.0041563129,0.0001398106,0.0008476714,0,0.0037835546,0.0013577084,0.0000464249,0.0002769284,0,0.0012379287,0.0000921054,2.885923E-6,0.0000192222,0,0.0000860886,15.980607971,0.8823588078,764.30238479,170.45039173,35.371420296,0.0233130249,0.0082405805,0.0084485762,0.0088304296,1.2039953222,0.2481194145,0.0095338055,0.0011051502,0.0425422757,0.3137719934,0.0021549534,0.0010494388,0.0023282182,0.0003969915,0.0028831779,0.0000440213,0.0014749924,0.0002444971,0.0001024059,0,0.0003591113,0.0015361737,0.0006066038,0.0001502331,0.000057511,0,0.0002349246,0.0002037646,0.0000498473,0.000016306,0,0.0000860106,0.0000159165,3.1518778E-6,2.1902726E-6,0,9.4867088E-6
2003,4-Autumn,MOHK,0.8828888889,9.5945,0.6547154074,0.2034925603,0.217336291,0.2338865561,2.1460555556,31.548333333,0.1945471129,0.0110566546,90,0.0305919517,0.0277185446,0.0270534134,0.0194826511,0.0054158319,0.0003236559,0.0157327817,0.0007320005,0.00226119,0,0.0105240324,0.0292500045,0.0100397901,0.0004504096,0.0014379059,0,0.0066842711,0.0030479464,0.0001495611,0.0004407157,0,0.0020572654,0.000188817,9.2971991E-6,0.0000272949,0,0.0001272991,15.854069112,0.8883054727,595.08671971,141.81054334,35.170744058,0.042983985,0.0154113485,0.01404405,0.0154994869,1.5162984514,0.2236633237,0.0165555186,0.0013830557,0.0363728954,0.5137101577,0.0030596756,0.0021246768,0.0031652134,0.0006892375,0.0037325092,0.0000535429,0.002640919,0.0007848345,0.0001267102,0,0.0004520846,0.0027840475,0.0017461923,0.0004838063,0.0001101846,0,0.0004587807,0.0005643391,0.0001604986,0.0000298353,0,0.0001655455,0.0000381996,0.0000101428,3.2292674E-6,0,0.0000145712
2004,1-Winter,MOHK,0.4176111111,5.1113333333,0.3516109073,0.117136053,0.105052197,0.1294226572,2.3527777778,27.368666667,0.0928375828,0.0074136049,90,0.0266814512,0.0262617821,0.0245126695,0.0119404979,0.0031040948,0.0002299197,0.0238641907,0.0058122831,0.0026210406,0,0.0098203654,0.0421178798,0.0100694699,0.0016645706,0.0011600698,0,0.0046160932,0.0026295211,0.0004295291,0.0003033074,0,0.0012084603,0.000190159,0.0000322616,0.0000218204,0,0.0000868122,13.520533012,2.1557523454,582.11243177,122.31773227,17.290389489,0.0308445841,0.0144609014,0.0104136022,0.0094333856,1.2445499337,0.2673357122,0.0095647422,0.0012486553,0.0174743565,0.3092553826,0.0043184769,0.0021035407,0.0043517173,0.0005576447,0.0041360351,0.0000487248,0.0035591346,0.0023386185,0.000159202,0,0.0004464977,0.0041706308,0.0018533911,0.0007306736,0.0001142003,0,0.0004106422,0.0004926352,0.0001880643,0.0000265825,0,0.0001199202,0.0000411975,0.0000150509,3.3575509E-6,0,0.0000125936
2004,2-Spring,MOHK,0.5301612903,4.3044623656,0.2404671142,0.0675789674,0.05818579,0.1147023567,2.1325806452,27.305913978,0.0614575153,0.0042492055,93,0.0425674523,0.043200902,0.0444961756,0.0090509383,0.0023580317,0.0001522291,0.019516372,0.0068950702,0.0029759478,0,0.0086506019,0.0380379919,0.0039969316,0.0014493459,0.000636202,0,0.0018509402,0.0010309984,0.0003762385,0.0001646633,0,0.0004790163,0.0000615723,0.0000228344,9.9761619E-6,0,0.0000290167,14.772268964,1.3860496863,804.94377869,169.23220525,26.422805733,0.0145292832,0.0065787737,0.0039488023,0.0072830164,1.009548084,0.1909461971,0.0043497551,0.0004843139,0.0192768677,0.1921794157,0.0039456663,0.0009671811,0.0039839997,0.0002649517,0.0041764202,0.0000207436,0.0029659835,0.0023054838,0.0001522929,0,0.0003686582,0.0037693762,0.000675358,0.0004917158,0.0000511917,0,0.0001380292,0.0001790386,0.0001293517,0.0000119539,0,0.0000394204,0.0000114688,8.1674187E-6,1.1237856E-6,0,3.1859296E-6
2004,3-Summer,MOHK,1.747311828,8.9850537634,0.5051378305,0.1106295838,0.1220809382,0.2724273085,2.1270967742,30.168709677,0.1443518626,0.0084636278,93,0.0346668593,0.0357496514,0.033967448,0.0150570414,0.0043891543,0.0002428335,0.0129039553,0.0028428047,0.0026456653,0,0.0086634371,0.0270558624,0.0062045989,0.0011229446,0.0011860474,0,0.0039373755,0.0017608728,0.0003173828,0.0003331543,0,0.0011084193,0.0001039491,0.0000185456,0.0000201728,0,0.0000668077,16.477065375,0.7969791843,770.9614039,173.0616115,36.112349035,0.0260436993,0.008458075,0.0068842952,0.0140102018,1.0710814309,0.1699611124,0.0091903483,0.0008446763,0.0566549472,0.377138076,0.0028996637,0.0016386824,0.003005016,0.0005081515,0.0032857501,0.0000360807,0.0022190287,0.0014902234,0.0001284414,0,0.0003142306,0.0027287074,0.0012019016,0.0006949659,0.0000889254,0,0.0002582187,0.0003511087,0.0002008449,0.0000218059,0,0.0000825932,0.0000222449,0.000011558,2.3273416E-6,0,7.3308084E-6
2004,4-Autumn,MOHK,1.0265555556,7.7649444444,0.4410298798,0.0696168196,0.118700782,0.2527122782,1.9221111111,29.382777778,0.1210078383,0.0065626024,90,0.0392487337,0.0381012752,0.0384718748,0.0166562588,0.0044089683,0.0002434293,0.0210204559,0.0110503351,0.0021956185,0.0002023311,0.0083622048,0.0428309454,0.0084693952,0.0040022958,0.001006925,0.0000925415,0.0038144343,0.0023417311,0.0010945934,0.0002794051,0.0000253454,0.0010577172,0.0001282372,0.000060276,0.0000152291,1.3887394E-6,0.0000576719,16.849737937,0.647530907,587.1781046,139.35487695,34.572008786,0.0215894468,0.0047244163,0.00632127,0.0126718583,1.018143125,0.1506880387,0.0076538785,0.0006616647,0.0286459522,0.2998226589,0.0042421799,0.0019481977,0.00428311,0.0005713305,0.0045642701,0.0000376737,0.0034211351,0.0024324356,0.0001060033,0.0000246945,0.0002872428,0.0041003466,0.0014034741,0.0011226273,0.0000669689,0.0000119027,0.0002257409,0.0003986777,0.0003152914,0.0000162109,3.4617732E-6,0.0000729261,0.000022793,0.0000176705,1.5636436E-6,2.1571504E-7,5.7331231E-6
2005,1-Winter,MOHK,0.2757865169,2.157752809,0.1175887248,0.0258420534,0.0339266053,0.0578200661,1.9710674157,28.453370787,0.0315418581,0.0018942795,89,0.0550332519,0.054089318,0.0547135658,0.012779625,0.0034362747,0.0001971273,0.034061348,0.0232205737,0.0022748243,0.0002902631,0.0087577845,0.0686047937,0.0082361662,0.005962534,0.0004655712,0.000048265,0.0018205634,0.0022103834,0.0016018533,0.0001243422,0.000012915,0.0004866767,0.0001236575,0.0000893641,7.060897E-6,7.2389347E-7,0.0000275489,14.864441726,1.1635705644,582.34557583,121.80042433,16.679120697,0.0084387627,0.0025128779,0.0026809945,0.0043039683,1.3708906447,0.2123891662,0.0027743264,0.0002379564,0.0083589003,0.1154730551,0.008042964,0.0022159234,0.0080747577,0.0006131992,0.0083772695,0.0000377759,0.0069895602,0.0039356813,0.0001334399,0.0000375451,0.0003941527,0.0079381231,0.0019572537,0.0009802593,0.0000404484,7.9092459E-6,0.0001431599,0.000534493,0.0002756514,9.5633025E-6,2.199072E-6,0.0000446846,0.0000320198,0.0000174155,9.0799121E-7,1.4007004E-7,3.449178E-6
2005,2-Spring,MOHK,0.1970967742,3.1418817204,0.2709253235,0.1170003157,0.0868182915,0.0671067162,2.9409139785,27.707741935,0.0709844646,0.0062613214,93,0.0370800373,0.0380610482,0.0414893734,0.0079143514,0.0021080374,0.0001828909,0.0095150267,0.0009006175,0.0033735153,8.4668943E-6,0.0108033922,0.0246010186,0.0019568273,0.0001384247,0.0007704398,2.981576E-6,0.002469245,0.0005054288,0.0000338637,0.0002013789,7.9769685E-7,0.0006453488,0.0000442653,2.5814971E-6,0.0000174368,6.4661906E-8,0.0000558748,12.953162496,5.0606383705,803.15707951,169.35552242,26.645355401,0.017911828,0.0093283119,0.0058073679,0.0041305041,0.9554279613,0.2480623086,0.0053145214,0.0006823397,0.0048322986,0.1519847012,0.002336533,0.000649784,0.0024289385,0.0001858654,0.0031100383,0.0000222353,0.0014847031,0.0009623991,0.0001508029,2.2791624E-6,0.0004049913,0.0018407345,0.0003060186,0.0001488926,0.0000590029,8.3101285E-7,0.0001798078,0.0000798206,0.0000363771,0.0000137447,2.2719787E-7,0.0000507986,7.9979866E-6,2.7673798E-6,2.0138109E-6,1.9157942E-8,6.2069306E-6
2005,3-Summer,MOHK,0.7441397849,5.3638172043,0.4045369348,0.1587054788,0.1068998733,0.1389315827,2.2901075269,29.061989247,0.1106476741,0.0075289785,93,0.0298375451,0.0304501938,0.0262515916,0.0118766778,0.0032945052,0.0002079401,0.0127239504,0.0010718103,0.0034019552,0.0006242606,0.0110678325,0.0288898091,0.0051023151,0.0004277875,0.0013512249,0.0002494998,0.0043950977,0.0013922266,0.000115713,0.0003668527,0.0000670898,0.0011942497,0.0000984662,8.2181579E-6,0.0000269361,5.0506723E-6,0.0000870706,15.722114773,0.9960157002,766.79318605,171.55067432,35.615656782,0.0228138332,0.0127848374,0.0061955346,0.0074006469,1.122850019,0.2149423238,0.0077139837,0.000854432,0.0238857213,0.211739586,0.0025363251,0.0012157734,0.0026346569,0.0003653789,0.0030913491,0.0000329968,0.0018631228,0.0007764492,0.0001712012,0.0000909548,0.0005183592,0.002119046,0.0008158222,0.0003132264,0.0001113283,0.0000411703,0.0003435895,0.0002293858,0.0000838508,0.0000263845,0.0000113587,0.0001039886,0.0000183238,6.5985073E-6,3.4832398E-6,1.0401196E-6,0.000010859
2005,4-Autumn,MOHK,0.5911666667,4.5135555556,0.284925308,0.0560872918,0.0723988623,0.156439154,1.8267777778,28.138666667,0.0759228895,0.0041350905,90,0.0269327553,0.026164685,0.0269529608,0.0084055057,0.0022382947,0.0001280223,0.0216889372,0.0070888649,0.002376027,0.0005012328,0.0089795919,0.0406346538,0.0055467784,0.0014525902,0.0007621552,0.0001897073,0.0028375677,0.0015102377,0.0003925433,0.0002085379,0.0000521961,0.0007762138,0.0000833999,0.0000220883,0.0000113606,2.8089798E-6,0.0000423172,15.535754779,0.7469964632,590.29406444,141.14693082,35.590681978,0.0179750949,0.0055378941,0.0051083216,0.0103960502,1.1740334614,0.1770578583,0.006129424,0.0005323372,0.0205040528,0.2132900846,0.0042309375,0.0011881413,0.0042712601,0.0003435656,0.0045806616,0.0000234477,0.0033155384,0.0021918995,0.0001368056,0.000051152,0.0003727846,0.0039853501,0.0009311125,0.0005447554,0.0000628122,0.0000239112,0.0002015661,0.0002646809,0.0001489028,0.0000147818,7.0539231E-6,0.0000652746,0.0000161123,8.3885279E-6,1.4723742E-6,4.5437499E-7,5.0807082E-6
2006,1-Winter,MOHK,0.0943820225,0.5506741573,0.0266418778,0.0070013413,0.005827094,0.0138134425,1.8561235955,28.455674157,0.0071377984,0.0003781709,89,0.030725766,0.0312074782,0.031349359,0.0016671823,0.0004417537,0.0000229763,0.0297644662,0.0090614198,0.002345306,0,0.0086201467,0.0497913387,0.0020002944,0.0007812716,0.0001209381,0,0.0004717221,0.0005348587,0.000208551,0.0000323863,0,0.000126274,0.0000307783,0.0000123458,1.8385317E-6,0,7.1925699E-6,13.679979029,2.505163551,585.2560074,122.85976025,17.043606055,0.0024622171,0.0012028791,0.0005792483,0.0010349295,1.0256771929,0.1496058595,0.0007050083,0.000047724,0.0025139525,0.0273924562,0.0056234213,0.0005341966,0.0056909839,0.0001437236,0.0058765057,8.4893865E-6,0.0045464139,0.002817595,0.0001126247,0,0.0003506631,0.0054344519,0.0004380419,0.0002922929,0.0000125801,0,0.000047863,0.0001188226,0.0000790591,3.113553E-6,0,0.000013688,7.5231374E-6,4.7952674E-6,2.559512E-7,0,9.8407565E-7
2006,2-Spring,MOHK,0.4221505376,1.6326344086,0.0551576282,0.0036051403,0.0057910395,0.0457614484,2.2911827957,29.207795699,0.0154037966,0.0008336817,93,0.0438687137,0.0445963672,0.0433416176,0.0019601417,0.0005571074,0.0000298842,0.0146994715,0.0048922553,0.0024435111,0,0.0072549961,0.029290234,0.0006204876,0.0001710692,0.0000883971,0,0.0002611966,0.0001757526,0.0000486203,0.0000247882,0,0.0000733302,0.0000102363,2.739287E-6,1.4857539E-6,0,4.3906465E-6,13.501580535,4.1523294379,802.73519316,168.62960896,26.675767791,0.003240419,0.0004713356,0.0004739918,0.0029205365,1.019781763,0.191227156,0.0011485935,0.00009334,0.0165512661,0.0833968054,0.0030713296,0.0001662966,0.0031702989,0.0000547196,0.0036174974,4.031131E-6,0.0019255561,0.0020320851,0.0001173024,0,0.0002841072,0.0028639289,0.0000989505,0.0000722486,6.6246078E-6,0,0.0000177833,0.000029446,0.0000207936,1.6762065E-6,0,5.5823805E-6,1.7999237E-6,1.1685022E-6,1.6457757E-7,0,4.4977648E-7
2006,3-Summer,MOHK,1.9611827957,7.827688172,0.3233603074,0.0231504393,0.0587366424,0.2414732258,1.3438709677,30.635967742,0.0937180673,0.0032956256,93,0.0405257078,0.0403553389,0.0354192318,0.0088706366,0.0025782545,0.0000879615,0.0110110041,0.0024052171,0.0020455321,0.0000360845,0.005848137,0.0213459748,0.0021524057,0.0004462191,0.0005140099,0.0000164586,0.0015363754,0.0006208969,0.0001289336,0.0001491403,4.8071633E-6,0.0004463921,0.00002449,5.1580758E-6,5.475388E-6,1.5848247E-7,0.0000161967,16.388669988,0.725389823,772.27422877,172.93440871,35.555281823,0.0159559351,0.0018217047,0.0041667233,0.0114022553,1.0679406495,0.1125394145,0.0058634205,0.0003383432,0.0420262557,0.2876795811,0.0021771587,0.0006368363,0.0022983982,0.0002116773,0.0029037003,0.0000114374,0.0015107664,0.0011494323,0.0000973124,6.1075239E-6,0.0002167545,0.0019038411,0.0002932545,0.0002633241,0.0000353497,2.8232222E-6,0.0000973096,0.0000861309,0.0000761505,8.8870015E-6,8.4805835E-7,0.0000325786,3.8799044E-6,2.8545141E-6,5.975233E-7,3.3341626E-8,1.7336668E-6
2006,4-Autumn,MOHK,1.7027777778,11.997333333,0.7244206306,0.1414932669,0.2341183822,0.3488089815,1.6541111111,32.129555556,0.2182619717,0.0095080256,90,0.0337104348,0.0345157623,0.0395125294,0.0228980015,0.0070589955,0.0003451085,0.0120266808,0.0055870954,0.0020209992,0.0003848031,0.0087428348,0.0287624134,0.0085258087,0.0038835254,0.0013372887,0.0002403486,0.0058906295,0.0025935229,0.0011837238,0.0003995304,0.0000713766,0.001763425,0.0001173631,0.0000540423,0.0000161625,2.7557657E-6,0.0000723609,16.474494568,0.6338415436,583.40578647,140.12032824,35.686387578,0.0342765058,0.0078547316,0.0116278638,0.016264412,1.1950966933,0.1392668037,0.0136074402,0.0009609456,0.0369803307,0.4397548457,0.0028677181,0.002320617,0.0029497915,0.000768492,0.0034009336,0.0000489994,0.0017679859,0.00192348,0.0001104565,0.0000246644,0.0003103695,0.0026807699,0.0013549611,0.0013485566,0.0000974216,0.0000197823,0.0003404949,0.0004269667,0.0004093758,0.0000238094,6.3798085E-6,0.0001208072,0.0000228653,0.0000193615,1.7967776E-6,3.4416896E-7,7.2433229E-6
2007,1-Winter,MOHK,0.7655617978,8.7516292135,0.8011137003,0.3256057509,0.2672837071,0.2082242422,2.6720786517,29.626741573,0.221533704,0.0171551121,89,0.0411526051,0.0393372018,0.0441958027,0.0320628091,0.0087964564,0.0006918297,0.0191025339,0.0055675348,0.0025170695,0.0000452201,0.01099317,0.0382255284,0.0148372938,0.0044192834,0.0019588213,0.0000349862,0.0084149536,0.0042830546,0.0012951579,0.0005563389,0.0000107503,0.0024047618,0.000296243,0.000083587,0.0000408945,5.8136032E-7,0.000174564,13.602223492,2.3337220153,584.31622469,121.86233741,16.97700108,0.0362791649,0.0164743224,0.0124685392,0.0095415499,1.1220511236,0.2373472936,0.0129541531,0.0017125122,0.0160476904,0.3028246821,0.0032640122,0.0028621091,0.0033646142,0.0008888916,0.0037762033,0.0000868588,0.0024844282,0.0017743591,0.0001207552,0.0000124704,0.0004326287,0.003121716,0.0019844056,0.0014174017,0.0001257651,9.6207224E-6,0.0004909193,0.0005920664,0.0004170614,0.0000290423,3.0117782E-6,0.0001601848,0.0000467869,0.0000279268,4.3615662E-6,1.6365808E-7,0.0000177915
2007,2-Spring,MOHK,0.5572580645,8.976827957,0.9431764732,0.4805676301,0.2936063522,0.169002491,2.1750537634,26.007580645,0.2299125544,0.0164779419,93,0.0351066874,0.0347713904,0.0330132737,0.0337161596,0.0082211797,0.0005767265,0.017027846,0.0033717884,0.0040375083,6.9365197E-6,0.0121132335,0.0365573127,0.0161491034,0.0032071958,0.0038734371,6.7758397E-6,0.0116008611,0.0040084229,0.0008063903,0.0009474009,1.7138053E-6,0.002846752,0.0002972901,0.000060711,0.0000696853,1.2903776E-7,0.0002098915,13.473468933,3.9223919027,804.16560335,168.7873601,26.147917595,0.0451440204,0.0255799584,0.0136296763,0.0076555068,0.9302008903,0.1834949909,0.013930519,0.0016179446,0.0110927293,0.3172131946,0.0027511562,0.0030821032,0.0028616912,0.0008236965,0.0032570442,0.0000784219,0.0021144088,0.0014149317,0.0001857161,1.375193E-6,0.0005255157,0.0026082242,0.0021377431,0.0013825415,0.0002559779,1.3801586E-6,0.0007231518,0.0005438099,0.0003464837,0.0000522838,3.5549168E-7,0.0002041662,0.0000456715,0.0000264627,7.4756951E-6,2.9015859E-8,0.0000218836
2007,3-Summer,MOHK,0.4183870968,7.1951075269,0.5704282596,0.2054532266,0.1914934111,0.1734816219,1.723172043,27.700967742,0.1490527317,0.0080285376,93,0.0288109325,0.029011369,0.0236546214,0.0180995922,0.0047042512,0.0002309991,0.0167237486,0.0023340622,0.0034317342,0.0000464541,0.0113384408,0.0338744398,0.0107939518,0.0015782488,0.0021865119,0.0000259486,0.0071843053,0.0027692349,0.0004066635,0.000563114,6.5412731E-6,0.0018506064,0.0001630775,0.000025703,0.0000331866,3.3394221E-7,0.000108553,16.207949592,0.7777786563,765.79751056,179.44994428,29.662685565,0.0251531418,0.0111334001,0.0084562776,0.0074129258,0.9659279058,0.1455926156,0.0083599537,0.000779981,0.00838475,0.2344175251,0.0029759821,0.0020445738,0.0030772328,0.000550048,0.0035387334,0.0000364904,0.0024557665,0.0012497392,0.0001479363,0.0000124678,0.0004606366,0.002808155,0.0016255182,0.0008298802,0.0001328327,6.9748746E-6,0.0004295807,0.0004269566,0.0002146476,0.0000295697,1.7905028E-6,0.0001254437,0.0000274706,0.0000136218,3.338078E-6,9.988869E-8,0.0000110159
2007,4-Autumn,MOHK,0.3486111111,6.3594444444,0.4230126329,0.11941383,0.156461839,0.1471369639,2.2174444444,27.058777778,0.1074637775,0.0072973378,90,0.0367416356,0.0366226019,0.0423765788,0.0146568473,0.0037680669,0.0002719629,0.0284594827,0.0041907244,0.0026088559,0.0011090569,0.0103339921,0.0467021121,0.009862846,0.0011137622,0.00121921,0.0005519577,0.0047929471,0.0025530281,0.0002933403,0.0003112612,0.0001402962,0.0012238734,0.0001621676,0.000019511,0.0000187871,9.317631E-6,0.0000746578,14.253181858,1.6873381887,566.38153141,144.62208742,24.464840309,0.0228219642,0.0088907563,0.0085158568,0.007230411,1.0093205747,0.2090912684,0.0074497643,0.0008875819,0.0077943414,0.246347352,0.0049283584,0.0016833424,0.00499309,0.0004765698,0.0052779932,0.0000415727,0.0044819595,0.0017360177,0.0001338678,0.0000593293,0.0003936108,0.004835994,0.0014183608,0.0004658561,0.0000866154,0.0000410537,0.0003001339,0.0003799451,0.0001244294,0.000019252,0.0000121887,0.0000899761,0.0000281963,8.4249931E-6,2.1918358E-6,1.2427782E-6,8.5760267E-6
2008,1-Winter,MOHK,0.1418888889,1.7554444444,0.0996569367,0.0194565593,0.0258330284,0.054367349,2.6544444444,27.378777778,0.0254680479,0.0021191066,90,0.0517704157,0.0530944425,0.0546433815,0.0064726174,0.0016564314,0.0001311361,0.0418946561,0.0134106101,0.0023620915,0.0000649992,0.0080383484,0.0657707053,0.005849274,0.0015352396,0.0002812958,8.5528188E-6,0.0010118226,0.0014897684,0.0003819906,0.0000706598,2.0663184E-6,0.0002553432,0.0001087245,0.0000285573,5.4663058E-6,1.6820872E-7,0.0000195489,12.940823801,3.4232424406,543.21074762,123.84679054,14.007346543,0.0073672357,0.0022562123,0.0022342011,0.0036762762,0.9834991076,0.2274486595,0.0020429684,0.0002604378,0.0038700893,0.0835238401,0.0072098768,0.0010173288,0.0072260964,0.0002667748,0.0074219117,0.0000219196,0.0056148147,0.0045783194,0.000119694,0.0000171095,0.0002925965,0.007091415,0.0008960793,0.0004523741,0.0000219699,2.2408421E-6,0.0000696879,0.0002371752,0.0001142127,4.7668716E-6,5.448669E-7,0.000019664,0.000019056,8.9485257E-6,6.3280341E-7,4.9177355E-8,2.1577295E-6
2008,2-Spring,MOHK,0.4738709677,3.3272043011,0.2212076832,0.0781929744,0.0630094289,0.0800052799,2.4964516129,31.751397849,0.0648795903,0.004289155,93,0.0518618903,0.0517313777,0.0485371847,0.0085968032,0.0025097907,0.0001598121,0.0183507369,0.0041376581,0.0025965198,0,0.009685089,0.0347700038,0.0031374148,0.0006987593,0.0004855999,0,0.0018005423,0.0009301343,0.0002099109,0.0001430215,0,0.0005311405,0.0000628972,0.0000142937,9.5724966E-6,0,0.0000355422,13.37159768,3.7558320236,717.03056483,163.89194793,19.121476741,0.014230795,0.0071023308,0.0038829705,0.0048924721,1.1060136561,0.2114436385,0.0048274246,0.0005075279,0.0123479895,0.1428820741,0.0030312754,0.0007491527,0.0031043143,0.0002384683,0.0034709194,0.0000217306,0.0021936613,0.0017668239,0.000124659,0,0.0003794098,0.0027364648,0.0004393775,0.0003046297,0.0000418181,0,0.0001405177,0.0001326439,0.0000908003,0.0000111104,0,0.0000457241,0.0000103628,6.4316699E-6,1.1949214E-6,0,4.2522042E-6
2008,3-Summer,MOHK,1.5970967742,8.3046236559,0.4406265353,0.0955221735,0.1184795877,0.2266247741,1.6608602151,32.352365591,0.1340682399,0.0057800392,93,0.0317328833,0.0322038619,0.0283555705,0.0125588048,0.0038340263,0.0001557035,0.0127701138,0.0003277046,0.002399216,0.0000605704,0.0092431685,0.0248007732,0.0048845769,0.000098118,0.0009357996,0.0000288011,0.0036199116,0.0014752475,0.0000283945,0.0002826211,8.7707051E-6,0.0010936947,0.000068741,1.7289027E-6,0.0000130885,3.6864414E-7,0.000050481,17.141727961,0.679842425,691.91059632,166.84176708,23.276799277,0.0219261056,0.0063327053,0.0064597792,0.0109129905,1.1326157728,0.1382845105,0.0082479898,0.0005719027,0.034443115,0.3131165201,0.0019947773,0.0009554477,0.0021387482,0.0003242619,0.0027156555,0.0000206519,0.0015925226,0.000331795,0.0001118936,0.0000104888,0.0003361091,0.0016772747,0.0006559866,0.0000999765,0.0000642817,5.3843291E-6,0.0002222947,0.0002058178,0.0000289749,0.0000171938,1.6837882E-6,0.000077722,0.0000107499,1.8043077E-6,1.3650364E-6,7.7437865E-8,5.0399805E-6
2008,4-Autumn,MOHK,1.3885,11.698388889,0.793102556,0.2291427981,0.2598153529,0.3041444051,2.4937777778,36.785666667,0.2731531336,0.0157683281,90,0.0397901321,0.0412359095,0.045683174,0.0289339211,0.0099877672,0.0005745733,0.0191412094,0.0041632605,0.0019090438,0.0006960816,0.0099747574,0.0358843528,0.0140092008,0.0029725564,0.0014009219,0.0005185153,0.0073967173,0.0046799078,0.0009643297,0.0004741608,0.0001761916,0.0025207277,0.0002444062,0.0000471222,0.0000254009,9.4407442E-6,0.0001364706,15.528962125,1.1834649563,555.65148758,118.17553971,15.370181128,0.0388865737,0.0131837567,0.0130982512,0.0145177772,1.4755230553,0.2352407322,0.0176431004,0.0016737803,0.0322549309,0.4402453857,0.003779231,0.0029398848,0.0038832487,0.0010514689,0.0041560734,0.0000712806,0.0031392738,0.0020228045,0.0000958197,0.0000402555,0.0004040633,0.0036926157,0.0023593752,0.0014545673,0.0000921274,0.0000382415,0.0004515451,0.0007982379,0.0004727945,0.0000262635,0.0000146475,0.0001832687,0.0000451147,0.0000235741,2.7066676E-6,1.1101003E-6,0.0000143086
2009,1-Winter,MOHK,0.9152808989,10.562303371,0.9720961428,0.4714775931,0.2898812653,0.2107372845,2.8240449438,29.460786517,0.2704163761,0.022250388,89,0.0360579602,0.0333644265,0.0379353999,0.0343622268,0.0091681124,0.0008289904,0.0185812334,0.0014558115,0.0024636914,0.000301151,0.0114752334,0.0342771208,0.0178572966,0.0013955488,0.0023623838,0.0002716655,0.0109373415,0.0051039787,0.0003810056,0.0006781338,0.000083165,0.003164029,0.0004120492,0.0000352277,0.0000538103,5.665372E-6,0.0002470239,12.912728937,3.7730471057,496.68791158,92.630600825,9.5486946714,0.0441239839,0.0241611408,0.0128948169,0.0095476558,1.0220325903,0.2364710116,0.0153498312,0.0021758049,0.0189742004,0.3600878425,0.00278536,0.0031652017,0.0029033007,0.0009617304,0.0034286516,0.0001148192,0.0023836113,0.0008772291,0.0001053033,0.0000216658,0.0004571947,0.0026241749,0.0024605076,0.0008494844,0.0001466158,0.0000222249,0.0006506868,0.0007174888,0.0002318261,0.0000342536,7.602851E-6,0.0002118545,0.000067133,0.0000222671,5.6017842E-6,7.0969453E-7,0.0000256923
2009,2-Spring,MOHK,0.5729569892,10.203870968,1.0477736461,0.5602705607,0.3120652174,0.175437868,2.5424354839,27.392688172,0.2707665654,0.0222829865,93,0.0420062202,0.0415627864,0.0357331218,0.0445164371,0.0114822265,0.0009129599,0.0224044566,0.0049443088,0.0033747725,1.7706839E-6,0.0123178946,0.0430432032,0.0235618052,0.0052859187,0.003534165,1.6973871E-6,0.012910112,0.0061505548,0.0013847377,0.0009194774,4.6341202E-7,0.00336207,0.0005384866,0.0001283785,0.0000782041,4.2847013E-8,0.0002885162,13.375401295,4.0961964769,635.88777748,124.91445461,13.081204374,0.0495466373,0.0291757007,0.014489611,0.0080715473,0.9896349625,0.2269835606,0.0165133444,0.0024333166,0.0124673047,0.3552739938,0.0036521596,0.004288274,0.0037171723,0.0011730559,0.0040764792,0.0001315938,0.0028518706,0.0019648371,0.0001437233,5.1734586E-7,0.0005539641,0.0034735062,0.0032279234,0.0021497559,0.0002256939,5.0012192E-7,0.0008563658,0.0008704693,0.0005604374,0.0000494116,1.3930071E-7,0.0002497301,0.0000911114,0.0000527059,8.4115887E-6,1.3328812E-8,0.0000325296
2009,3-Summer,MOHK,0.392311828,6.8088172043,0.4061161408,0.0915739613,0.0942271236,0.2203150559,1.8687096774,30.022903226,0.113459743,0.0059377999,93,0.0353748161,0.036747747,0.0365145154,0.016218605,0.0046720375,0.0002390729,0.0301511511,0.0053922894,0.0025744289,0,0.009047765,0.0471656344,0.0140056705,0.0022768503,0.0013916039,0,0.0048433198,0.0038607545,0.0006366432,0.0003759455,0,0.001310063,0.0002034187,0.0000334888,0.0000198887,0,0.0000692961,15.723998265,0.9379246973,636.85524554,134.40055819,25.041479348,0.0201885624,0.0062570265,0.0049889767,0.0114557108,1.1218996305,0.1540523938,0.0069562597,0.0005879751,0.0087927545,0.260312094,0.0045343964,0.0022998088,0.0046164222,0.0006674067,0.0049337218,0.0000428979,0.0037624489,0.0021273774,0.0001210036,0,0.0003434145,0.004356116,0.0018856834,0.0009576156,0.0000972489,0,0.0003129773,0.0005327295,0.0002668514,0.0000221693,0,0.0000968472,0.0000318592,0.0000142285,2.0909284E-6,0,6.9769276E-6
2009,4-Autumn,MOHK,0.2746666667,3.8452222222,0.1950361886,0.0234944706,0.0325913874,0.1389503306,1.7851666667,29.501166667,0.0545155087,0.0028145018,90,0.0503193235,0.0497402269,0.0507811769,0.0104079852,0.0028857203,0.000147994,0.0374830595,0.0092192048,0.0020056268,0,0.00640396,0.055111851,0.0079189991,0.0018848793,0.0004198257,0,0.0013437374,0.0022314396,0.0005277123,0.0001179751,0,0.0003783555,0.0001123192,0.000026477,5.9118199E-6,0,0.0000192371,16.524065428,0.6780499766,586.4442417,132.92544184,26.639380158,0.0092338414,0.0019320095,0.0017219966,0.0070185173,1.0693128104,0.14468628,0.0031874474,0.0002628603,0.0060746006,0.1382882822,0.0053462199,0.0011847684,0.0053426687,0.0003414977,0.005607032,0.0000212612,0.0044166473,0.0025538047,0.0000965432,0,0.0002182733,0.0052167848,0.0009796048,0.0005188167,0.000026977,0,0.000071906,0.0002833008,0.00014606,6.4592691E-6,0,0.0000237761,0.0000160453,7.4053495E-6,5.8145712E-7,0,1.7519523E-6
2010,1-Winter,MOHK,0.0797191011,0.9787640449,0.0588196593,0.0171034425,0.0168254105,0.0248908062,2.6452808989,32.493426966,0.0178721582,0.0012133906,89,0.0382851159,0.0391652153,0.0418853499,0.0036844659,0.0011206816,0.0000728624,0.0462091936,0.0137235393,0.0020971258,0,0.0086143465,0.0706442052,0.0037299947,0.0011228083,0.0001636533,0,0.000677524,0.0011055168,0.0003343834,0.0000483221,0,0.0002003123,0.0000696458,0.0000212648,3.0347276E-6,0,0.000012598,14.314260736,1.4297108061,593.48397538,123.72086081,16.118093902,0.0043739372,0.0017179092,0.0012625891,0.0017817594,1.1428068412,0.2057867551,0.001581271,0.000165138,0.0020666091,0.0495547183,0.0072464591,0.00070481,0.0072817488,0.0002179059,0.0072547503,0.0000148461,0.0066297795,0.0039514707,0.0001052436,0,0.0003313528,0.007692825,0.0006390132,0.0003469295,0.0000149175,0,0.0000542322,0.000196456,0.0001047738,3.6942229E-6,0,0.0000178496,0.0000140631,6.8674478E-6,4.1386177E-7,0,1.622825E-6
2010,2-Spring,MOHK,0.107311828,0.5117204301,0.0232275284,0.0066752397,0.0047395321,0.0118127566,3.5544623656,34.925215054,0.0075494587,0.0006495998,93,0.0451250959,0.045905604,0.044013649,0.0008726639,0.0002833723,0.0000236472,0.0119666365,0.0129709423,0.0025578332,0,0.0089270635,0.0364224755,0.0002034808,0.0002843258,0.0000555323,0,0.000191558,0.0000646445,0.0000923695,0.0000179687,0,0.0000618934,5.7921332E-6,8.4508275E-6,1.6188416E-6,0,5.5986038E-6,13.378355209,4.3930288217,800.51982558,178.51064407,37.156541077,0.0021957802,0.0013118848,0.0004880468,0.0008015988,1.199391602,0.3015477392,0.0007359022,0.0000895092,0.0028606971,0.0255342301,0.005362783,0.0001452051,0.0053964431,0.0000473418,0.0056423505,4.8837652E-6,0.0019153113,0.0046780627,0.0001474515,0,0.0003636039,0.0050830427,0.0000354244,0.0001190847,7.8544971E-6,0,0.0000225449,0.0000113649,0.0000388319,2.4344368E-6,0,7.615705E-6,1.1724967E-6,3.6571591E-6,2.8819188E-7,0,8.8010131E-7
2010,3-Summer,MOHK,1.5521505376,5.5045698925,0.2865885349,0.0765913777,0.0807610753,0.129236082,2.2752688172,33.663870968,0.0937177619,0.0059898118,93,0.0474693693,0.0478987779,0.0489326277,0.0081938452,0.0027621381,0.0001834765,0.0046545754,0.0004450713,0.002314804,0,0.0079010468,0.0153154975,0.0010659683,0.0000103092,0.0004654022,0,0.001797245,0.0003387434,3.422903E-6,0.000145766,0,0.0005684763,0.000021365,2.2561385E-7,8.8837483E-6,0,0.0000354951,14.48234516,1.4496214902,806.51347272,176.99809332,33.938367135,0.0145536913,0.0055471949,0.0043895003,0.0061447605,1.2557015332,0.1967050194,0.0062090575,0.0007110808,0.0347174515,0.193334961,0.0014387346,0.0005141833,0.0015928427,0.0002161937,0.0025304384,0.0000248655,0.000612544,0.0004842712,0.0001194813,0,0.0002911485,0.0008414793,0.0001959422,0.0000112565,0.0000371879,0,0.0001276913,0.0000647645,3.754653E-6,9.853901E-6,0,0.0000472726,4.6950706E-6,2.4273167E-7,1.1226714E-6,0,4.3756205E-6
2010,4-Autumn,MOHK,1.153,7.9281111111,0.4488010437,0.0842797343,0.134718663,0.2298026464,3.2904444444,37.327222222,0.1571604359,0.0117057569,90,0.0255145742,0.0255326824,0.0271118576,0.0114032982,0.0039390724,0.0003066698,0.0122339762,0.000394245,0.001765889,0.0016740098,0.0092315753,0.0252996953,0.0055207187,0.0001889283,0.0007893956,0.00072783,0.0041301988,0.0019284126,0.0000642865,0.0002743485,0.0002533405,0.0014388956,0.000141996,5.0646639E-6,0.0000199339,0.0000185233,0.0001046022,14.820390298,1.9180959396,590.36203631,109.53139271,12.676018475,0.019336003,0.0043046097,0.005982218,0.0106686753,1.3457102935,0.28005762,0.008611131,0.0010851562,0.0233757434,0.2771806191,0.0020067676,0.0010396218,0.0021516234,0.0004044939,0.0027484175,0.000043441,0.0016779165,0.0004400293,0.00008283,0.0000738993,0.0003351074,0.001780728,0.0007932204,0.0002117128,0.0000501052,0.0000483078,0.0002258283,0.0002858153,0.0000721932,0.000014716,0.0000194689,0.0000921244,0.0000235245,5.7692535E-6,2.0258758E-6,2.1256149E-6,9.8270394E-6
2011,1-Winter,MOHK,0.739494382,9.7238202247,0.6526327701,0.1986670442,0.1885540557,0.2654116701,2.8051685393,33.364719101,0.2003675974,0.0144053041,89,0.0374211138,0.0341107953,0.034380804,0.0232676018,0.0063600213,0.0004810356,0.0173315644,0.0031687831,0.0021073879,0.0000768624,0.0095220216,0.0322066193,0.0106410436,0.0022148789,0.0012867292,0.0000428369,0.0056636095,0.0032102949,0.0005776236,0.0003936949,0.0000130585,0.0017831932,0.0002387614,0.0000461777,0.000028696,1.0345686E-6,0.0001288165,13.176883511,3.042585625,614.74600924,110.56388448,9.8960341952,0.0282738896,0.0105606882,0.0081404171,0.0112238638,1.2690637324,0.2392838619,0.0116803569,0.0013603688,0.0150220576,0.3230680392,0.0030995635,0.0022938459,0.0032267689,0.0006928675,0.0036172603,0.0000676793,0.0023992705,0.0014608543,0.0000987715,0.0000132379,0.000342252,0.0029103579,0.0016197213,0.0010473608,0.0000811376,7.0829491E-6,0.0003022801,0.0004727285,0.0002723704,0.000020077,2.3202689E-6,0.0001168274,0.0000391365,0.0000217934,2.779737E-6,1.9911784E-7,0.0000121632
2011,2-Spring,MOHK,0.5727419355,12.291129032,0.9587725895,0.4057079402,0.2718086817,0.2812559676,2.6047849462,30.867150538,0.2803987285,0.0205377889,93,0.038420034,0.039823215,0.0371445178,0.0348506264,0.0102881819,0.0007304078,0.0165918668,0.0051632106,0.0033382766,0.0001628778,0.0109234077,0.0361796396,0.015153315,0.0044646478,0.0031048037,0.0001583812,0.0101518931,0.0043483592,0.0012304866,0.0008930801,0.0000471791,0.0029195543,0.0003248475,0.0000906565,0.0000666257,3.5699975E-6,0.0002174973,12.975025475,5.1984144665,875.599063,189.19886034,20.220562637,0.0430351131,0.0210259542,0.0117912065,0.0125441156,1.1538044564,0.2248179941,0.0172581165,0.0020833628,0.0124385552,0.4376960093,0.0033070039,0.0032851472,0.0033981964,0.0010436046,0.0037510059,0.0001001294,0.0023890691,0.0019158191,0.0001514923,0.0000161296,0.000444603,0.0031146901,0.0022994295,0.001716027,0.0001933958,0.0000179905,0.0005915446,0.0006938371,0.0004819875,0.0000475534,5.8165371E-6,0.0002047857,0.0000576582,0.0000358092,6.8346521E-6,5.4158797E-7,0.0000219065
2011,3-Summer,MOHK,0.432311828,10.875860215,0.8644508959,0.3498195961,0.2513666864,0.2632646133,1.7965591398,30.083064516,0.249682829,0.0126847199,93,0.0287209071,0.0262111006,0.0243961175,0.0258154594,0.0072077843,0.0003456864,0.0133804918,0.0030716396,0.0029878511,0.0004578973,0.011024786,0.0309226659,0.0119665759,0.00285718,0.0026716892,0.0003790578,0.0098822192,0.0035565118,0.0008634202,0.0007892664,0.0000998468,0.0029334536,0.0001909693,0.0000493557,0.000042259,5.2049365E-6,0.0001562691,15.808044468,0.9635923414,783.80010441,154.39604161,15.440378048,0.043740661,0.0219226313,0.0120621368,0.0128036058,1.129390052,0.1548811081,0.0166070812,0.0013304541,0.008639911,0.3759605071,0.0025533834,0.0025420899,0.0026571755,0.0008031887,0.0030584941,0.0000555905,0.0017513364,0.0015260306,0.0001396786,0.0000365525,0.0004499975,0.0023345976,0.0016442777,0.0014233282,0.000179281,0.0000336338,0.0006238673,0.0005123043,0.0004340044,0.0000459953,9.6052833E-6,0.0002179414,0.0000309174,0.0000247781,4.5304323E-6,6.6367758E-7,0.0000164889
2011,4-Autumn,MOHK,0.3747777778,9.7633888889,0.5836507361,0.1334633171,0.1649829922,0.2852044269,2.1887777778,28.802222222,0.1573467948,0.0100656132,90,0.026027455,0.0292734251,0.031968263,0.0158227729,0.0045635946,0.0003091529,0.013103043,0.0019149782,0.0026454835,0.0024450872,0.0094363727,0.0295449646,0.0080747255,0.0010800247,0.0016606922,0.0015150662,0.005874307,0.0020495554,0.0003160968,0.0004101144,0.0003653532,0.0014728906,0.0001246019,0.0000210318,0.0000244173,0.0000215911,0.0000886509,15.104691872,0.9325174113,618.97991331,123.16045903,13.53895481,0.0263963468,0.0074623169,0.0076344127,0.0139696782,1.0663188059,0.1874563116,0.0091407913,0.000981279,0.008248746,0.3517513256,0.0023828463,0.0015995635,0.0025202179,0.000467723,0.0030311654,0.0000415528,0.0018805335,0.0010438668,0.0001317351,0.0000954946,0.0003571447,0.0022003159,0.0011849265,0.000584701,0.0001088758,0.0000940204,0.0003356808,0.0003053394,0.0001662565,0.0000228918,0.0000270651,0.000097435,0.0000199292,0.0000110545,2.4806393E-6,2.2656842E-6,8.5506101E-6
2012,1-Winter,MOHK,0.3155555556,8.0331111111,0.5588084467,0.2075114563,0.153463066,0.1978339244,2.9034444444,33.116111111,0.1798081378,0.0136737055,90,0.0328291566,0.0330012482,0.0355874594,0.0183264871,0.005906413,0.0004638952,0.0162131012,0.0029752813,0.0022139195,0.0000958046,0.0099617949,0.0314599015,0.0087695687,0.0016288866,0.0012427384,0.0000536347,0.0055661774,0.0028132697,0.0005223584,0.0003919296,0.0000171887,0.0017600202,0.0002026879,0.0000371794,0.0000289081,1.1845322E-6,0.0001289333,13.385695238,3.208519382,627.92257318,118.02374505,10.592906362,0.0287386441,0.0141626861,0.007587973,0.0101820964,1.2314935316,0.2412567089,0.011487847,0.0014362368,0.0070579102,0.3036081854,0.0034334745,0.0020399133,0.0034965647,0.0007065573,0.0037892168,0.0000661437,0.0028089143,0.0015353458,0.000105805,0.0000162682,0.0003807713,0.0032361549,0.0015407709,0.0008204459,0.0000853781,9.3195659E-6,0.000341894,0.000517672,0.0002676698,0.0000227322,3.1366162E-6,0.0001245629,0.0000392984,0.0000191869,3.1661554E-6,2.5024908E-7,0.0000136235
2012,2-Spring,MOHK,0.2254301075,5.7709677419,0.4682820614,0.203516651,0.1314948484,0.133270562,2.2763978495,28.29983871,0.1258110428,0.0084512356,93,0.0283921326,0.0271635839,0.0207358762,0.0136551833,0.0034756636,0.0002001762,0.0144276854,0.0015877775,0.0033560544,0,0.0112127459,0.0305842632,0.0071694997,0.000807845,0.0016255856,0,0.0054816724,0.002003138,0.0002278459,0.00044821,0,0.0015188621,0.0001549576,0.0000196747,0.0000334003,0,0.0001143556,13.70576258,3.7268095717,826.71017383,140.58558402,14.06751407,0.0222824276,0.0124705629,0.0058206827,0.0062971318,0.8981515278,0.1938403541,0.0073972836,0.0008209094,0.0046373624,0.1934261025,0.0026808255,0.0015025578,0.0027279524,0.0004421623,0.0032242497,0.0000406213,0.0020144176,0.0012125315,0.0001363811,0,0.0004530472,0.002399089,0.0010751613,0.0006045735,0.000100288,0,0.0003242855,0.0003101478,0.000171,0.0000247514,0,0.0001011644,0.000027993,0.0000148989,3.4928438E-6,0,0.0000116077
2012,3-Summer,MOHK,0.1805376344,4.8598387097,0.3143073977,0.1049677236,0.0856812298,0.1236584443,1.3366666667,31.688763441,0.0934495871,0.0033700142,93,0.0235633019,0.0246139256,0.0216500663,0.0078246921,0.0023961517,0.000076075,0.0144630426,0.0022013037,0.0031884343,0.0003404367,0.0102324081,0.0304256253,0.0049839018,0.0005978602,0.0011377696,0.0001205797,0.0036392612,0.0014549311,0.0001785934,0.0003310726,0.0000357087,0.0010596489,0.0000551972,6.357967E-6,0.0000127327,1.2960281E-6,0.0000407371,16.138543354,0.7255103059,926.3244309,189.71513468,31.196692685,0.0147524228,0.0067976167,0.003928518,0.0056063758,1.1431578269,0.1164342655,0.005438336,0.0003177795,0.0038864653,0.1704060884,0.0027893666,0.0009773122,0.0028719861,0.0003047455,0.0032280706,0.0000130497,0.0021939737,0.0014302843,0.000152997,0.0000531804,0.0004043004,0.0026531812,0.0007888759,0.0003899196,0.0000836837,0.0000217674,0.0002378588,0.0002361785,0.0001162885,0.0000209769,6.4567942E-6,0.0000783225,9.5325726E-6,4.2273178E-6,1.4781329E-6,2.6922222E-7,4.436245E-6
2012,4-Autumn,MOHK,0.1648888889,3.5421111111,0.214663448,0.0534348301,0.0597040728,0.1015245452,2.0595555556,35.290666667,0.070836569,0.0033652752,90,0.0426184333,0.041993093,0.0490353248,0.0090942006,0.0030799976,0.0001599152,0.0234641552,0.0102569479,0.0020234263,0.0015358825,0.0092711918,0.0465516038,0.0051246939,0.0020315591,0.0004605743,0.0003228249,0.0020738021,0.0017373967,0.0007080949,0.0001517077,0.0001127753,0.0006899242,0.0000764796,0.0000335662,6.5360825E-6,4.9043696E-6,0.0000300398,16.289941205,0.8216268241,593.25038144,150.66935723,25.930726099,0.0115975668,0.0049412388,0.0030965359,0.0053666283,1.2174535082,0.179562379,0.004626928,0.0003431735,0.0036087418,0.1280730947,0.0054679159,0.0012731542,0.0055041377,0.0004677673,0.0057698399,0.0000265898,0.0035988314,0.0042042983,0.000090417,0.0001494141,0.0003414325,0.0053697109,0.0008376931,0.0008303315,0.0000315447,0.0000339769,0.0001311715,0.0003010521,0.0002994596,9.4253991E-6,0.0000127179,0.0000506743,0.0000144029,0.0000145611,6.8008893E-7,7.0222938E-7,3.1339043E-6
2013,1-Winter,MOHK,0.1458426966,2.5308426966,0.2111352447,0.0939236943,0.0581899198,0.0590216306,2.9596629213,33.775505618,0.0689450293,0.0052303882,89,0.03150284,0.0339537255,0.0333341861,0.006586672,0.0022622678,0.0001660429,0.0108613932,0.0043942094,0.0025230627,0.0000333662,0.0108723862,0.0286844177,0.0022725764,0.0008868693,0.0005227068,8.2121655E-6,0.002255133,0.000722477,0.0002716901,0.0001640823,2.9644598E-6,0.000708736,0.0000502792,0.0000204363,0.0000123508,1.9556209E-7,0.0000532019,13.093984516,3.2785653468,617.59078679,124.1689883,12.440996613,0.0163432357,0.0112688122,0.0038628364,0.0036363978,1.2709782552,0.2654119528,0.0061337249,0.0006483559,0.0033299806,0.1031774932,0.0029958128,0.0008043937,0.003093934,0.000285952,0.0034724437,0.0000272724,0.0016746273,0.0019969372,0.0001272208,0.0000104251,0.0004686668,0.002594076,0.0003851921,0.000403575,0.0000493346,2.5008525E-6,0.0001973172,0.0001261476,0.0001245241,0.0000146238,9.255441E-7,0.0000677846,9.0509483E-6,9.8128804E-6,1.6010063E-6,7.3018576E-8,6.5667535E-6
2013,2-Spring,MOHK,0.155,2.4119892473,0.1540142473,0.0586064147,0.0426739806,0.052733852,2.0593548387,32.705591398,0.0479382973,0.0024998719,93,0.0277430048,0.0265440438,0.0214694932,0.0043372941,0.001291217,0.0000554379,0.0142631801,0.0040228981,0.0029501868,0.0000319311,0.0107373663,0.0320055625,0.0023406046,0.0006295361,0.0004752245,7.858954E-6,0.0017728877,0.000765243,0.00020348,0.0001531511,2.8369561E-6,0.0005760946,0.0000469704,0.0000117471,8.7182321E-6,1.8715082E-7,0.0000330286,14.81694261,2.0610767643,891.51364931,165.00537053,18.602487413,0.0091824138,0.0047208672,0.002492605,0.0029749353,1.1309451005,0.1841135672,0.0033497291,0.0002701238,0.0040011059,0.1016697961,0.0034244061,0.0005896943,0.0034907201,0.0001981532,0.003927225,0.0000139027,0.0025498239,0.0020166169,0.0001349104,9.976679E-6,0.000439181,0.0032829067,0.0004223798,0.0003119347,0.0000392015,2.3932889E-6,0.0001392558,0.0001396244,0.0001005531,0.0000122799,8.8573576E-7,0.0000515771,9.3850155E-6,5.9255459E-6,1.0475741E-6,6.9877992E-8,3.809235E-6
2013,3-Summer,MOHK,0.4102688172,5.6934408602,0.3495252739,0.1150705276,0.0942312218,0.1402235245,1.5658602151,32.350645161,0.108155123,0.0045127029,93,0.0226731006,0.0222006031,0.021112248,0.0067304796,0.0020193453,0.0000803314,0.0036879133,0,0.0027326329,0,0.0100865089,0.0165070552,0.0012196631,0,0.000865283,0,0.003200988,0.0003729649,0,0.0002663382,0,0.0009848459,0.0000150348,0,0.0000109229,0,0.0000403202,16.340279495,0.7107682134,770.7345795,197.82116925,55.699254043,0.0257594992,0.0136304507,0.0064804095,0.0100958246,1.2028578688,0.1480397542,0.00941836,0.0005958737,0.0125050107,0.3013579712,0.0014604811,0.0006424456,0.0016931826,0.0002225962,0.0027531441,0.0000163207,0.0005129389,0.0000120031,0.0001411171,0,0.0004222362,0.0006836647,0.0001982258,1.9133078E-6,0.0000814806,0,0.0002680606,0.0000633683,5.9386753E-7,0.0000229987,0,0.000092851,3.0136108E-6,2.6758056E-8,1.6193642E-6,0,5.6311152E-6
2013,4-Autumn,MOHK,0.356,5.2492222222,0.2731608371,0.0377787917,0.0646413578,0.1707406876,1.1755555556,30.539555556,0.0785049739,0.0025450014,90,0.0210829161,0.0212240542,0.0174269914,0.0056433536,0.0016261384,0.0000468597,0.0087569873,0,0.0022005566,0.0011211028,0.0084443335,0.0205229802,0.0024729383,0,0.0005976679,0.0002808319,0.0022951329,0.0007111849,0,0.0001714431,0.00008058,0.0006582038,0.000023703,0,5.7928782E-6,3.0082889E-6,0.0000221237,16.23671647,0.6633601761,603.84236001,154.99406152,39.06619496,0.0165290318,0.0026238509,0.0040540597,0.0122855293,1.1330635417,0.102646441,0.0056862458,0.000280454,0.0100806701,0.2320923066,0.0020625244,0.0006384596,0.0022293793,0.0001995944,0.0029247069,8.893868E-6,0.0016218931,0,0.000108505,0.0001061638,0.0003038246,0.0016578216,0.0004890694,0,0.0000428545,0.0000384253,0.0001426715,0.0001430326,0,0.00001085,0.0000115572,0.0000463219,5.0936274E-6,0,6.3286555E-7,5.4059573E-7,2.3505448E-6
2014,1-Winter,MOHK,0.2352808989,3.4431460674,0.1881946609,0.0461598161,0.0489386611,0.0930961837,1.7509550562,31.103876404,0.0539216952,0.0026315185,89,0.0295688561,0.0306159033,0.0400998581,0.0074899791,0.0021529036,0.0001155153,0.0264342825,0.0037336258,0.002299169,0,0.0085403545,0.0410074319,0.0061802935,0.0007386468,0.0005001038,0,0.0019056487,0.0017515035,0.0002093833,0.0001418497,0,0.000540502,0.0000779582,0.000010367,6.3178734E-6,0,0.0000235445,15.045724997,0.9274079211,616.01240872,138.1623601,18.075404165,0.0120637324,0.0056988,0.0033554393,0.0054759044,1.204164735,0.1632138288,0.0042610841,0.0003558969,0.0063571714,0.144957405,0.0045038551,0.0013227721,0.0046661323,0.0004056044,0.0052520892,0.0000230202,0.0046519762,0.0018478213,0.0001409899,0,0.0003306163,0.0050387656,0.0012260629,0.0003836921,0.0000498807,0,0.0001521831,0.0003623058,0.0001100657,0.0000123344,0,0.0000495848,0.0000174806,5.3330355E-6,1.0126581E-6,0,3.3886773E-6
2014,2-Spring,MOHK,0.3258602151,3.6120967742,0.2228550447,0.0744852429,0.0652749294,0.0830948725,2.2530645161,36.631774194,0.0739866494,0.0032540704,93,0.0368120714,0.0371808475,0.0313019485,0.0061734313,0.0020558625,0.0000806335,0.0107168326,0.0005477018,0.0025401513,0.0001337505,0.009264474,0.0232029103,0.0017637353,0.0000404314,0.0005110023,0.000033326,0.0018353517,0.0005978959,0.0000134544,0.0001717235,0.0000110184,0.0006185287,0.0000292962,7.9056448E-7,8.1255059E-6,4.8648687E-7,0.0000296432,14.623103102,2.3383746417,937.75011337,195.10698572,19.576689411,0.0155814754,0.0071026923,0.0046261792,0.0050617719,1.2524558852,0.2022846516,0.0057561179,0.0003548778,0.0085547397,0.1735693575,0.0020773194,0.0005298581,0.0021876839,0.0001900111,0.0031088798,0.0000123932,0.0014866443,0.0005913575,0.0001243063,0.000020426,0.0003473064,0.0016240655,0.0002807319,0.0000437228,0.0000458643,5.4777286E-6,0.000145796,0.0000966902,0.0000145966,0.0000138123,1.8730462E-6,0.0000540916,5.3261626E-6,8.6995283E-7,1.0771556E-6,1.0621133E-7,3.7531499E-6
2014,3-Summer,MOHK,1.1498387097,7.4914516129,0.3401299657,0.0486410346,0.0700944806,0.2213944506,1.2697311828,40.521021505,0.1304026979,0.0034433209,93,0.0252663016,0.026973028,0.0261572302,0.0079158031,0.0031385075,0.0000809555,0.0064715238,0.0037920835,0.001989994,0.0001960692,0.0084624898,0.0209121603,0.0019748777,0.0012990501,0.0006128638,0.0000697754,0.002621037,0.0007249381,0.0004988514,0.0002268916,0.0000265018,0.000974031,0.000019559,0.0000131518,6.0898515E-6,6.6837098E-7,0.000026131,18.119096796,0.5707877762,871.46904733,163.4999727,20.293373197,0.0160295354,0.0040904971,0.004242887,0.0103724977,1.4793293083,0.11022792,0.0079878605,0.00034961,0.0272409002,0.2622473587,0.0024897094,0.0008984339,0.0025819263,0.0003777357,0.0031170742,0.0000127603,0.0009974005,0.0019495519,0.00009799,0.0000257767,0.0003128711,0.0022706888,0.0003242749,0.0006694908,0.0000415547,0.0000106845,0.0001601925,0.0001258493,0.0002603734,0.0000134005,4.2528595E-6,0.0000709548,3.6325537E-6,7.0617575E-6,6.3889677E-7,1.2216803E-7,2.6857574E-6
2014,4-Autumn,MOHK,1.5931111111,9.7162777778,0.4262214253,0.0392749056,0.0644409144,0.3225056054,1.7063888889,38.884111111,0.1559418437,0.0057931198,90,0.0252880258,0.0252421229,0.0310604456,0.0104391318,0.0038021463,0.0001640005,0.0120783287,0.0027089852,0.0015446393,0.0008471343,0.0061952846,0.023374372,0.0050485069,0.0010952055,0.0006257429,0.0003440596,0.0025173627,0.001846309,0.0003951113,0.0002277837,0.0001227246,0.0009216034,0.0000688597,0.0000112296,7.8413715E-6,3.7577639E-6,0.0000319385,18.849399797,0.5601953751,577.74563889,142.66415149,43.942468656,0.0190460891,0.0031462685,0.0036445792,0.0146456089,1.2885839808,0.1439517361,0.0084719899,0.0005482452,0.0381223665,0.3381843567,0.0026656609,0.0012283934,0.0027278722,0.0004716245,0.0033201535,0.0000244792,0.001956908,0.0015577666,0.000073546,0.000068187,0.0002199199,0.0024909186,0.0008646979,0.0006471956,0.0000411103,0.0000350935,0.0001427483,0.000323706,0.0002308267,0.000012468,0.0000133691,0.0000586609,0.0000139638,6.9148148E-6,8.0341289E-7,5.2317812E-7,3.0568652E-6
2015,1-Winter,MOHK,0.7816853933,8.0994382022,0.4435312057,0.0766661615,0.1101424258,0.2567226184,1.9623033708,41.089494382,0.1721957341,0.0069768279,89,0.0399009795,0.0391519332,0.0381043067,0.0179452564,0.0070605989,0.000281233,0.0235944788,0.0080263976,0.0015180032,0.0005120424,0.0080082628,0.0416591848,0.0106301526,0.0035709734,0.0006809238,0.0002362027,0.0036222431,0.0042146057,0.0014436805,0.0002653497,0.0000944958,0.0014177482,0.0001721119,0.0000581624,0.0000108516,3.8647614E-6,0.0000580831,16.419312795,0.5917513376,576.8115172,125.39496792,21.888598649,0.0219912717,0.0047184806,0.0056428429,0.0129023628,1.4956333636,0.1712181482,0.0108986349,0.0007240819,0.0184809424,0.3145898323,0.0052723582,0.0025559436,0.0053122505,0.0010673878,0.0056051761,0.000051414,0.0038672379,0.0034219993,0.0000727587,0.0000452519,0.0002799266,0.0051131843,0.0018318316,0.0015239974,0.0000452574,0.0000250044,0.0002105592,0.0007501528,0.000618435,0.0000154042,0.0000106937,0.0000980735,0.0000333934,0.000025677,1.1718495E-6,5.7206747E-7,6.0617225E-6
2015,2-Spring,MOHK,0.5716666667,8.328172043,0.6072302922,0.2058248389,0.1903784876,0.2110269657,2.3323655914,38.047580645,0.2186628687,0.0111806061,93,0.0338188395,0.0335988749,0.0344216033,0.017921813,0.0063239945,0.0003108412,0.0124923169,0.0021577494,0.0020860474,0.0001624472,0.0095042057,0.0264027666,0.0061887411,0.000945089,0.001170599,0.0000838306,0.0054569121,0.0021991718,0.000336688,0.0004206786,0.000029657,0.00196128,0.0001103471,0.0000182513,0.0000210392,1.4866042E-6,0.0000978989,14.880242137,1.3107732373,765.71020344,145.19807938,22.308779779,0.0313847218,0.0138819343,0.0105103934,0.0104266003,1.3488668242,0.2133071698,0.0136036848,0.001181514,0.0120269476,0.3091316396,0.0030942929,0.001701474,0.0031741837,0.0006413149,0.003682271,0.000044863,0.0023396138,0.0016929178,0.0000936437,0.0000321994,0.0003504226,0.0028354845,0.0011243672,0.0007368275,0.0000809992,0.0000155154,0.0003406159,0.0004061893,0.0002633742,0.0000248768,5.6052395E-6,0.0001388625,0.000023596,0.0000146478,2.3755003E-6,3.150741E-7,0.0000104475
2015,3-Summer,MOHK,0.4783333333,7.964516129,0.573245467,0.1869275618,0.1788493639,0.2074685412,1.288655914,36.96655914,0.1953970576,0.0060046174,93,0.0267503765,0.0269892988,0.0212093416,0.0170022333,0.0059231773,0.0001559606,0.0190613634,0.0030933556,0.0022919073,0.0002722956,0.0104679211,0.0351868431,0.0110393516,0.0018370987,0.0014734467,0.0002071876,0.0068297673,0.0038493181,0.0006418223,0.0005053812,0.0000689477,0.0023395075,0.0001214619,0.0000195423,0.0000169414,2.4167154E-6,0.0000790884,18.714841038,0.5862970125,691.71954338,166.95672126,57.335722451,0.0351983413,0.0162902826,0.0116543455,0.01078216,1.3793879526,0.1141109462,0.0142061891,0.0006641871,0.0111258183,0.3373068526,0.0037638087,0.0023855149,0.0037863365,0.000875529,0.0040205185,0.0000341712,0.0029762624,0.0018964614,0.0001151071,0.0000282569,0.0004364621,0.0036027805,0.0017992125,0.0011338531,0.0001168426,0.0000260933,0.0005143045,0.0006416708,0.0003963818,0.0000352716,9.3095908E-6,0.0002003541,0.0000228775,0.0000123385,1.993406E-6,4.0870197E-7,9.1793149E-6
2015,4-Autumn,MOHK,0.2395,2.7252777778,0.1154457795,0.003957788,0.0082830756,0.1032049159,1.9727222222,38.163666667,0.0421385359,0.001492331,90,0.0203828705,0.0192724313,0.0284016335,0.0033909143,0.0011949339,0.0000478726,0.0231712197,0.0114966178,0.0017102458,0,0.0055085215,0.0418866049,0.0033666602,0.0019918494,0.0002925009,0,0.0009372858,0.0012167544,0.000719898,0.0001068495,0,0.0003420085,0.0000388789,0.0000209463,3.265819E-6,0,0.0000104669,18.769484985,0.5985401006,566.75379113,208.18264014,124.34537453,0.0070085176,0.0003212465,0.0006075069,0.006567493,1.5136932495,0.1768304405,0.0031031245,0.0001667946,0.0061355089,0.1247014719,0.0061629029,0.0010957706,0.006149148,0.0004055187,0.0065411801,0.0000125023,0.003677921,0.0047220367,0.0000912978,0,0.0002126008,0.0060207433,0.0005792139,0.000904828,0.0000235926,0,0.0000650313,0.0002152063,0.0003320256,7.4400297E-6,0,0.0000269191,6.7776749E-6,9.2755674E-6,3.68585E-7,0,1.07575E-6
2016,1-Winter,MOHK,0.0391111111,0.1796111111,0.0090316863,0.0014904636,0.0030211279,0.0045200948,2.7107222222,34.575166667,0.0029113474,0.0002044263,90,0.0382928083,0.0372792607,0.0383896892,0.000586054,0.0001868036,0.0000145627,0.0421751223,0.0137405694,0.0017574459,0,0.0084584308,0.0661315684,0.000901625,0.0002062431,0.0000301387,0,0.0001415199,0.000299774,0.0000684755,9.9992546E-6,0,0.0000470119,0.0000175938,4.1491164E-6,5.8051512E-7,0,2.772332E-6,15.401655272,0.8365927639,576.47969064,143.63107308,38.715476693,0.0008677701,0.000213158,0.000304651,0.0004541524,1.2911058995,0.2283304939,0.0003097408,0.0000282193,0.0015024862,0.01234234,0.0090267846,0.0002077138,0.0088717332,0.0000685116,0.0090646258,4.507137E-6,0.0078246537,0.0043605998,0.0000888557,0,0.000350646,0.0088255342,0.0001926261,0.0000809566,2.9805976E-6,0,0.0000124615,0.0000648145,0.000026805,9.1968762E-7,0,4.6091985E-6,4.1729881E-6,1.6261449E-6,7.8513497E-8,0,3.5105067E-7
2016,2-Spring,MOHK,0.3879032258,1.3386021505,0.0487848531,0.0014947301,0.0035544801,0.0437356428,2.6124193548,36.412150538,0.0158154888,0.0006830185,93,0.0566540135,0.0577688856,0.054103488,0.0014799255,0.0004797565,0.0000204644,0.0122949457,0.0074872751,0.0019590289,0,0.0054338645,0.0271751142,0.0001382719,0.0000482343,0.0000415477,0,0.0001068445,0.000046331,0.0000162214,0.0000137981,0,0.000035437,2.6660349E-6,1.0926912E-6,6.9192448E-7,0,1.787681E-6,14.721225375,1.0593641594,786.73252441,236.23393538,71.716405668,0.0039128894,0.0002197132,0.0004872979,0.0035500443,1.2393997116,0.2302761021,0.0015035727,0.0000979418,0.0154816891,0.0752217215,0.0041784918,0.0001228758,0.0042067924,0.0000461956,0.004523111,3.068532E-6,0.0021306527,0.0030648591,0.0000940999,0,0.0002264032,0.0037073737,0.000024438,0.0000233436,3.8631857E-6,0,9.0711357E-6,8.3323352E-6,8.0746031E-6,1.1410057E-6,0,3.3302209E-6,5.3828805E-7,5.5159174E-7,8.9262965E-8,0,2.218564E-7
2016,3-Summer,MOHK,1.238172043,5.2711290323,0.1685400766,0.0034908076,0.0085010916,0.1565481774,1.8403225806,37.047580645,0.0589956212,0.0024968967,93,0.0280938904,0.0294129502,0.03061252,0.0033702222,0.0012568752,0.0000580558,0.0103160886,0,0.0018922951,0,0.0047326466,0.0169410303,0.001626092,0,0.0002774623,0,0.0006925515,0.0005716107,0,0.0000946892,0,0.0002363381,0.0000243458,0,3.7961287E-6,0,9.4808505E-6,17.599499673,0.5775998604,764.9286375,233.37382637,67.06540751,0.008978747,0.0004105332,0.0007475502,0.0085064553,1.2864683758,0.1643003002,0.0037535497,0.0002559097,0.0299889361,0.2137024972,0.0019819872,0.0003688191,0.0021351509,0.0001484041,0.0029221536,9.4175432E-6,0.001681455,0.0000344882,0.0000956047,0,0.0002017711,0.0017011685,0.0002856304,5.1402611E-6,0.0000215514,0,0.0000484143,0.0001036281,1.8035088E-6,6.4383699E-6,0,0.0000183078,4.9828016E-6,7.2733061E-8,4.2986416E-7,0,1.0424285E-6
2016,4-Autumn,MOHK,1.2195555556,9.6697777778,0.5340530124,0.1151013087,0.1332212875,0.2857304162,2.4095555556,35.042777778,0.1717379357,0.0103143416,90,0.0448658316,0.0426005597,0.0458833653,0.0191456817,0.005921276,0.0003716593,0.0194057952,0.0009667931,0.0018218735,0.000455202,0.006588872,0.0292385358,0.008167525,0.0004941876,0.0008135242,0.0002382634,0.0032106735,0.002678462,0.0001627937,0.0002637429,0.0000771204,0.0010321243,0.0001556186,9.4763162E-6,0.0000155547,4.5810146E-6,0.0000616335,16.313410953,0.7284851859,590.14339982,158.13370289,27.244355039,0.0264640172,0.0076854632,0.0078141526,0.0142858841,1.3591117698,0.2095119341,0.0117002369,0.0010901264,0.0273268293,0.3660425372,0.003271431,0.0017589551,0.0033612689,0.0006326468,0.0037178686,0.0000493085,0.0030021971,0.0010130263,0.0000885251,0.0000423673,0.0002596934,0.0031126954,0.0014349468,0.0005157902,0.0000564585,0.0000257883,0.0001992322,0.0004838986,0.0001710323,0.0000158892,9.0950122E-6,0.0000766867,0.0000312573,9.9414896E-6,1.7411285E-6,6.6544276E-7,6.7225601E-6
2017,1-Winter,MOHK,0.6083707865,5.5447752809,0.3267010033,0.0874397046,0.0902726412,0.1489886575,2.9233146067,35.328370787,0.0995453678,0.0071813319,89,0.0461477462,0.048408604,0.0498825643,0.0186465661,0.005473327,0.0003966202,0.0351630097,0.0131001918,0.0021711119,0.0002279445,0.0092309916,0.0598932495,0.0142851373,0.0055964391,0.0008714049,0.0001118495,0.0036813718,0.004110278,0.0015586652,0.0002602924,0.0000331472,0.0011074846,0.0002866062,0.0001103101,0.0000179129,2.2945639E-6,0.000075895,14.070232079,1.3821179268,577.31103441,144.5537398,23.049026299,0.0160829519,0.0057066207,0.0047842805,0.0069675094,1.3773114777,0.2636375804,0.0061210017,0.0007459101,0.01323869,0.1977515471,0.0079282564,0.0036460674,0.0079772581,0.001046019,0.008127746,0.0000819309,0.0063833753,0.0047756275,0.0001059223,0.0000231783,0.0003359322,0.0078454222,0.0028705493,0.0022122158,0.0000625331,0.0000122113,0.0002274049,0.000804827,0.0006114992,0.0000152088,3.70931E-6,0.0000773983,0.0000621537,0.0000445004,2.0248289E-6,3.097013E-7,7.9587035E-6
2017,2-Spring,MOHK,0.4257526882,6.8111827957,0.4900266369,0.1954976552,0.144752646,0.1497763357,2.9046236559,34.333709677,0.1587936758,0.0111917618,93,0.0361661245,0.0354405552,0.0310289225,0.0150338361,0.0049046804,0.000317369,0.0105442141,0.0021675015,0.0027739946,0.0001599252,0.0104536413,0.0260992767,0.0043671817,0.0009877619,0.001270079,0.0000438148,0.004783706,0.0014221927,0.0003251906,0.0004046762,0.0000144232,0.0015380795,0.0001049589,0.000023287,0.0000310418,1.2161676E-6,0.0001150896,14.118508328,2.326285499,785.65178818,205.59659367,31.745704372,0.0219278043,0.0104087981,0.006494183,0.0065781537,1.1780129368,0.2369912142,0.0093660738,0.001078235,0.0089192429,0.2303922058,0.0022915415,0.0011974257,0.0024284985,0.0004446268,0.0028657453,0.0000409096,0.0015151573,0.0013375835,0.0001285088,0.0000209104,0.0003938979,0.0020241766,0.0006502734,0.0006744426,0.0000871125,6.3509968E-6,0.0002997305,0.0002173618,0.0002174275,0.0000232675,2.1094222E-6,0.0001118492,0.0000178353,0.0000164345,3.476936E-6,2.1196496E-7,0.0000119117
2017,3-Summer,MOHK,0.3655913978,8.7361290323,0.695262193,0.2732522967,0.2133396883,0.208670208,1.4124193548,33.940322581,0.2211885783,0.0076082377,93,0.0304691819,0.0296924248,0.027198207,0.0211101777,0.0066436454,0.000213561,0.0134033325,0.001891204,0.0027912248,0.0000129154,0.0112125348,0.0293112115,0.0093684241,0.0013097332,0.0019288518,8.1913142E-6,0.0077129698,0.0030166167,0.0004208037,0.0006242709,2.6068614E-6,0.0024997575,0.0001078219,0.0000154353,0.0000225564,9.7243887E-8,0.0000909288,15.925922307,0.7497563774,766.78912527,195.18207101,26.119418631,0.0358639829,0.0170326223,0.0108923183,0.0109203005,1.2455569358,0.1161944538,0.0138548519,0.000746998,0.0084867216,0.3432890277,0.0027425671,0.0022455095,0.0028412186,0.00075808,0.003288593,0.0000347581,0.0021194135,0.0012577833,0.0001342693,3.587499E-6,0.0004733585,0.002542681,0.0016331723,0.0009159488,0.000141516,2.2339956E-6,0.0005186434,0.0005309194,0.0002901989,0.0000379125,7.2580625E-7,0.0001853458,0.0000200636,0.0000101933,2.4170839E-6,2.8676172E-8,9.4534965E-6
2017,4-Autumn,MOHK,0.3348888889,6.0742777778,0.3971484437,0.0812481034,0.1033000079,0.2126003324,1.9164444444,31.761333333,0.1186531149,0.0060290247,90,0.0262389905,0.0257573237,0.0286475592,0.0111563781,0.0033002469,0.0001833973,0.019164635,0.0018395737,0.0021779431,0.0008009051,0.008717708,0.032700765,0.0082238546,0.000874733,0.000972825,0.0003365257,0.0038641351,0.0024998062,0.0002697498,0.0002940912,0.0000991121,0.0011687624,0.0001220821,0.0000125686,0.0000140709,4.9781213E-6,0.0000559828,15.637278685,0.6475239446,589.16450637,163.48903242,28.115839932,0.0220916678,0.005754649,0.0056346423,0.0137230926,1.1810295322,0.1546546069,0.0079348802,0.0006105592,0.0086031383,0.2594178196,0.0030164427,0.0014775985,0.0031563206,0.0004830641,0.0036396828,0.0000294236,0.0025397427,0.0011524569,0.0001025445,0.0000826308,0.0002968852,0.0028357143,0.0011627364,0.0005650894,0.0000661659,0.0000405093,0.0002368433,0.0003658024,0.0001738431,0.0000173976,0.0000126965,0.0000823242,0.0000200418,8.1813677E-6,1.5115232E-6,7.7976395E-7,5.7159141E-6
2018,1-Winter,MOHK,0.2546629213,4.0787640449,0.3171175004,0.1260173433,0.0966369948,0.0944631623,2.3846067416,31.583595506,0.0947369042,0.00639594,89,0.0422579822,0.0423315265,0.0487475015,0.0134596285,0.0040623,0.0002768743,0.0250658439,0.0028709413,0.0024293234,0.0000757491,0.010739659,0.0411815167,0.007990367,0.0008632106,0.0007720252,0.0000212415,0.0034112797,0.0024161273,0.0002523315,0.0002332076,5.9982954E-6,0.0010312801,0.0001308488,0.0000126348,0.0000139976,2.8910135E-7,0.0000612237,14.634270975,1.3682081454,574.65034836,148.24541273,20.868218532,0.0170432803,0.0086274251,0.0051803026,0.0049207262,1.1554663445,0.1993770009,0.006060018,0.0006439085,0.0060916794,0.1569151653,0.0045446992,0.0015381657,0.0045990687,0.0004786835,0.004901109,0.0000350613,0.0040981275,0.0016003526,0.0001116947,0.0000212552,0.0004146916,0.0044496467,0.0013908058,0.0004801188,0.0000543978,6.0505281E-6,0.0002184401,0.0004317149,0.0001414851,0.0000143858,1.7186081E-6,0.0000729327,0.000025632,7.2059525E-6,1.4192578E-6,9.365846E-8,6.0098874E-6
2018,2-Spring,MOHK,0.2241397849,5.5591935484,0.5908582279,0.3313865918,0.1587502908,0.1007213453,2.4197467509,32.455906341,0.1851454457,0.0117077948,93,0.0301711417,0.0298512339,0.0255406051,0.0161549014,0.0049894977,0.0002966274,0.0086233358,0.0007968599,0.0032535446,0,0.0119720458,0.0246457862,0.0046541675,0.0003847995,0.0017869526,0,0.0065779414,0.001425423,0.0001091962,0.0005523953,0,0.002037732,0.0000968909,8.1584891E-6,0.000037039,0,0.0001365775,14.074305518,2.6306081489,787.43328421,180.64776163,14.509426381,0.0354592173,0.0233860994,0.0088043879,0.0061007638,1.2441283176,0.2140227124,0.0139629199,0.0013319047,0.0051720596,0.229265495,0.0019142719,0.0013684565,0.002082845,0.000487483,0.0027510361,0.0000495803,0.0012143712,0.0008411104,0.000154265,0,0.0005398166,0.0015406,0.0007077785,0.0004043719,0.0001378271,0,0.0004795814,0.0002201812,0.0001147373,0.0000380316,0,0.000168548,0.0000171272,8.5953723E-6,4.4376294E-6,0,0.0000160652
2018,3-Summer,MOHK,0.1656989247,4.282688172,0.3353504842,0.1403975245,0.0748978953,0.1200550644,2.0063495075,30.745588186,0.0965225745,0.0052358861,93,0.017517346,0.0168766315,0.0175592625,0.0071512787,0.0019785401,0.0001114182,0.0157424066,0.0022744329,0.0032587249,0.0000142481,0.0100618965,0.0313517089,0.005573066,0.0006610537,0.0013947421,7.4220681E-6,0.0044531966,0.001652203,0.0001971859,0.000407577,2.0707134E-6,0.0013030115,0.000093601,0.0000112892,0.000022571,1.0542306E-7,0.0000723142,18.425066688,0.5719827899,766.32331463,223.86750106,55.362421358,0.0201217204,0.0121795798,0.0047530898,0.0070190705,1.160599043,0.1855215033,0.0070072539,0.0005794495,0.0038540274,0.1678709471,0.0033516191,0.0012517967,0.0034341121,0.0003986938,0.0038618256,0.0000274333,0.0027212972,0.0014344992,0.0001635479,3.6924409E-6,0.0004597739,0.0031552932,0.0009726449,0.0004390569,0.0001129894,1.9525301E-6,0.0003512477,0.0003007327,0.0001304982,0.0000281375,5.552406E-7,0.0001113556,0.0000183265,7.6907303E-6,2.5547922E-6,2.9452335E-8,7.9833366E-6
2018,4-Autumn,MOHK,0.1023888889,1.4744444444,0.0788165149,0.0072722144,0.0163269421,0.0552173584,1.7987152379,32.920863953,0.0232735203,0.0010643784,90,0.0584175225,0.0600712041,0.0578694151,0.0051440984,0.0015505187,0.0000664363,0.0566849945,0.0110859902,0.0020306359,0,0.006655744,0.0764573645,0.0049447053,0.0008553622,0.0002139746,0,0.0006919933,0.0014611,0.0002579744,0.0000622054,0,0.000201075,0.0000674665,0.0000118828,3.0008034E-6,0,9.6259887E-6,17.822763506,0.5969844259,589.08124166,172.47179687,37.106786958,0.0055380967,0.000651796,0.0012923768,0.004300377,1.2931710811,0.1694457714,0.0018855488,0.0001264951,0.0030696454,0.0725649081,0.0097981299,0.0009622023,0.0098653984,0.0002934482,0.0098919625,0.0000149098,0.008992741,0.0037120807,0.000111585,0,0.0002616195,0.0095949396,0.0008458655,0.0003073311,0.000017917,0,0.0000485841,0.0002542688,0.0000921639,4.435783E-6,0,0.0000156077,0.0000128082,4.4130769E-6,3.5277576E-7,0,1.0483362E-6
2019,1-Winter,MOHK,0.0395505618,0.2614606742,0.0126352082,0.0011631682,0.0024138284,0.0090582116,2.1548876404,31.816966292,0.0038342708,0.0001997799,89,0.0775330988,0.0767998768,0.0804318792,0.001368489,0.0004184547,0.0000210037,0.0489989025,0.0369206809,0.0019146997,0,0.0066331387,0.0944674218,0.0009047398,0.0006276569,0.000030089,0,0.0001068032,0.0002836614,0.0001941681,9.2801665E-6,0,0.0000330827,0.000013661,9.4718038E-6,4.6390078E-7,0,1.6427253E-6,14.568535162,1.3948255027,575.34808652,159.56302445,38.28163886,0.0012225082,0.0001654336,0.0002453589,0.0009688268,1.1339205873,0.1819255577,0.0004025931,0.0000259997,0.0011585172,0.0170707196,0.0094633964,0.0002167858,0.0094738047,0.0000709247,0.009653262,3.8043617E-6,0.0069587256,0.0060952892,0.0000987385,0,0.0002994567,0.0090962512,0.0001620241,0.0001153666,3.1915041E-6,0,0.0000102134,0.000052846,0.0000367717,9.1844102E-7,0,3.3937248E-6,2.6456463E-6,1.9408474E-6,6.0782187E-8,0,2.0656836E-7
2019,2-Spring,MOHK,1.9933333333,6.1822043011,0.2145831278,0.0122691193,0.0226462955,0.179667713,2.5125268817,34.000591398,0.0673323449,0.0037507015,93,0.0614662362,0.0616073377,0.0596260859,0.0058274459,0.0018326946,0.0000954428,0.007613471,0.001158131,0.0022375966,5.3117799E-6,0.007737885,0.0187523954,0.0003749759,9.186235E-6,0.0002479945,2.2134312E-6,0.0007323701,0.0001177504,2.7561256E-6,0.0000779021,6.9459176E-7,0.0002301754,7.1340156E-6,1.6857352E-7,4.5522114E-6,3.454674E-8,0.0000137819,13.960946775,2.8053242431,787.1504943,215.13829801,43.22166848,0.0128615595,0.0011587754,0.0016151908,0.0111935011,1.2319921563,0.2363758078,0.0051363291,0.0005112298,0.060514368,0.3029683584,0.0022799907,0.0003602711,0.0023909573,0.0001412023,0.0030281111,0.0000146168,0.0013302711,0.0008829742,0.000117149,1.3634249E-6,0.0003391206,0.0016256523,0.0000676961,9.3158388E-6,0.0000218425,5.6678838E-7,0.0000585531,0.0000216277,2.8566933E-6,5.9647755E-6,1.8404682E-7,0.0000212196,1.5066784E-6,1.5498337E-7,6.8283474E-7,1.0714595E-8,2.0045809E-6
2019,3-Summer,MOHK,3.8603225806,14.460591398,0.5896346196,0.0289244652,0.0669022055,0.4938079489,1.5452150538,33.035537634,0.1837745155,0.0073452959,93,0.0170143183,0.0167774536,0.0165302907,0.0090861172,0.002841589,0.0001252447,0.0047319789,0,0.0019962253,0.000015893,0.005627762,0.0123718592,0.0027037204,0,0.0011027483,8.6626014E-6,0.0031182809,0.0008499031,0,0.0003465921,2.6837583E-6,0.0009823514,0.000033666,0,0.0000139567,1.3081293E-7,0.0000392079,16.751223975,0.6170953068,767.04768844,206.68158039,31.515620772,0.0272245196,0.0017714846,0.0032852705,0.0228105763,1.2019752077,0.1303832262,0.0108953144,0.0007058388,0.0815482131,0.5124218647,0.0011910942,0.0007528312,0.0013669899,0.0002794901,0.002275894,0.0000211734,0.0007434651,0.0000156151,0.0000985126,3.1831418E-6,0.0001992957,0.0007708429,0.0004530734,6.5025648E-6,0.0000715787,1.8827789E-6,0.000180101,0.0001457001,2.053998E-6,0.0000195891,5.9752507E-7,0.0000681349,6.2855608E-6,8.7838084E-8,1.4848457E-6,3.0904171E-8,4.0589623E-6
2019,4-Autumn,MOHK,2.725,14.568333333,0.6459704061,0.0381761002,0.0958818738,0.5119124321,1.9,32.162222222,0.1954752675,0.0097442475,90,0.0242841515,0.0236512659,0.0232933409,0.0157047117,0.0046946614,0.0002297105,0.0148734189,0.0016032698,0.0018032535,0.0000298149,0.0056457264,0.0239554835,0.0096460697,0.0010434273,0.0011646372,0.0000188977,0.0036455337,0.002985662,0.0003263694,0.0003578485,5.646877E-6,0.001116064,0.0001518728,0.0000162641,0.0000183538,2.5449623E-7,0.000056802,16.961080418,0.6055508868,587.91393233,156.83816895,23.414123483,0.0305648576,0.0021381257,0.0046922182,0.0252440417,1.2127007911,0.1680681671,0.0118387489,0.0009820018,0.0567910509,0.5551756727,0.0026256425,0.0018396406,0.0027154947,0.0006142931,0.0030919594,0.0000378655,0.0022703672,0.0010473705,0.0000947336,4.6233367E-6,0.0002118483,0.0024896889,0.0015376193,0.0006861878,0.000080193,3.0544395E-6,0.0002008397,0.0005011232,0.0002198117,0.0000208248,9.3416011E-7,0.0000743962,0.0000281239,0.0000117588,2.0421901E-6,4.670052E-8,5.8277458E-6
2020,1-Winter,MOHK,1.4438333333,13.327833333,0.9458799875,0.3244045863,0.2918282846,0.3296471165,1.2551666667,30.520833333,0.2677264647,0.0101687119,90,0.0346389713,0.033980131,0.0267441704,0.029451033,0.008222349,0.000257656,0.0161386921,0.0013649889,0.0023764495,0.0001165418,0.009577344,0.0295740164,0.0135034906,0.0009969491,0.0021407703,0.0001016847,0.0084872743,0.0038595211,0.000286604,0.0006070582,0.0000288468,0.0024166511,0.0001455306,0.000012112,0.000021316,9.2866505E-7,0.0000840576,15.129050608,0.8322478924,589.02233312,133.00078376,11.449177665,0.0419253962,0.0167858132,0.0132264146,0.0147277944,1.0666961378,0.1031034391,0.0151267592,0.0010327004,0.0299215127,0.4568792102,0.0027099308,0.0025394191,0.002802124,0.0007827844,0.0032314119,0.0000358724,0.0022552722,0.0008686204,0.000104614,0.0000108175,0.0003502865,0.0024341337,0.0018769929,0.0005831461,0.0001331732,0.0000108529,0.0004908688,0.0005494666,0.0001705397,0.0000325864,3.2766621E-6,0.0001621772,0.0000233413,7.4921432E-6,2.0878284E-6,1.3113902E-7,8.2005593E-6
2020,3-Summer,MOHK,0.7564247312,12.353844086,1.2218032966,0.6041241682,0.373995666,0.2436834623,2.016155914,28.563844086,0.3287359768,0.0207904616,186,0.0383232996,0.0382031821,0.0429343084,0.0423081431,0.011473182,0.0005333614,0.0228802599,0.0020854089,0.0033930211,0.000033318,0.011487051,0.0398790589,0.0249416995,0.002096949,0.003794422,0.0000382889,0.0128077251,0.0067721959,0.0005719888,0.0010316966,0.0000103125,0.003482757,0.0002961467,0.0000251175,0.0000447051,4.1107939E-7,0.0001511758,15.720918774,0.9168051765,769.85803005,172.21375219,14.202922294,0.0722696791,0.0408666602,0.0213910589,0.0133296339,1.2134583833,0.2334218463,0.024979902,0.0030598392,0.0193807081,0.537608361,0.0038201631,0.0046766137,0.0038264014,0.0013116155,0.0040010959,0.0000743592,0.0035413809,0.0009521097,0.0001707926,8.0818502E-6,0.0005646437,0.0037886731,0.0042371959,0.0009902056,0.0002671453,9.636667E-6,0.0008605066,0.001173815,0.0002703037,0.0000613277,2.655035E-6,0.0002642255,0.0000551793,0.0000119044,5.5125781E-6,1.1194385E-7,0.0000181939
2020,4-Autumn,MOHK,0.4658333333,5.5961111111,0.3751625712,0.1032709094,0.1216313729,0.1502602889,2.0136666667,28.544888889,0.101972096,0.0055242219,90,0.0309439838,0.0304675447,0.0351917729,0.0150744509,0.0040856577,0.0002297206,0.0254916683,0.005101111,0.0025978149,0.0004988757,0.0102162884,0.0439057583,0.0123540976,0.0022620995,0.0012267643,0.0002324204,0.0047392747,0.0033477206,0.0006120278,0.0003329994,0.0000640925,0.0012866971,0.0001730168,0.0000319834,0.00001717,3.1490206E-6,0.0000666019,16.200910435,0.9639644161,589.34593752,159.85518735,24.369285128,0.0180148365,0.0060639442,0.0059295243,0.007355794,0.9797336164,0.1714187881,0.0059277107,0.0005494255,0.0101006522,0.2026981369,0.0040765949,0.0021627366,0.0041821293,0.0006064773,0.0044721644,0.0000367644,0.0033180753,0.0020688007,0.0001182029,0.0000600648,0.0003614042,0.0039798748,0.0018001694,0.0010424649,0.0000820719,0.0000285455,0.0002711719,0.0004980533,0.0002860231,0.0000186543,8.157674E-6,0.0000845533,0.0000283416,0.0000138147,1.7931247E-6,5.0084836E-7,6.5284485E-6
2021,1-Winter,MOHK,0.1904494382,2.4692696629,0.1948671655,0.0830365959,0.059874905,0.0519556646,2.5707865169,28.947640449,0.0535532092,0.0039959435,89,0.0320244048,0.0334149769,0.0329468223,0.0065837787,0.0018288107,0.000137255,0.0169408681,0.0033283336,0.0028372398,0.0000146346,0.0111945753,0.0343156513,0.003557354,0.0007386761,0.0005837287,3.1027328E-6,0.0023080215,0.0009423111,0.0001954423,0.000156715,8.6187362E-7,0.0006192307,0.0000711777,0.0000142153,0.0000118005,6.2270439E-8,0.0000466049,13.353265415,2.8194076032,575.15252737,150.34730068,23.638223858,0.0111501302,0.0058416378,0.0032368181,0.0028015568,1.0561677112,0.2184556153,0.0037744941,0.0004110445,0.0045680602,0.101684938,0.0030734721,0.0007442122,0.0031408083,0.0002132318,0.0035824665,0.0000192503,0.0023897234,0.0014773831,0.0001323724,3.9588462E-6,0.000454868,0.0028703803,0.0005397582,0.0003328459,0.0000409393,8.2122115E-7,0.0001543776,0.0001463206,0.0000881425,9.6909743E-6,2.3247184E-7,0.0000469635,0.0000122323,6.5774795E-6,1.2972269E-6,1.7959854E-8,5.0163339E-6
2021,2-Spring,MOHK,0.1508602151,3.3343010753,0.3300340195,0.1802467173,0.0896512071,0.0601360951,2.8950537634,31.899354839,0.1000019874,0.0077522379,93,0.0289341168,0.0294902743,0.0299694968,0.0082697679,0.0025262361,0.000198992,0.004471656,0.0021947104,0.0033793886,0,0.0118562729,0.021902028,0.0012330059,0.0006911871,0.0009907792,0,0.0034627159,0.0003689175,0.0002109679,0.0002984678,0,0.001042701,0.0000284574,0.0000173391,0.000023519,0,0.0000820253,14.248082819,2.6053934816,788.33104333,203.41144745,33.748285909,0.0215211225,0.0143026849,0.0054103149,0.0035394075,1.177270019,0.2443238801,0.0076207881,0.0008621168,0.0037420904,0.1456061255,0.0020309266,0.0008175839,0.0021454043,0.000270587,0.0027081776,0.0000282731,0.0006467982,0.001391624,0.0001529429,0,0.0005099214,0.001590599,0.0001908284,0.0004580892,0.0000763283,0,0.0002636958,0.0000586369,0.0001410376,0.0000206585,0,0.0000890563,4.9471338E-6,0.0000116216,2.6526749E-6,0,9.3428559E-6
2021,3-Summer,MOHK,0.2919892473,3.4915053763,0.248024022,0.1005562492,0.0727780915,0.0746896813,1.601827957,32.142903226,0.0765073819,0.0035259035,93,0.0164956364,0.0173105699,0.0103148226,0.0045542914,0.0015048627,0.000043649,0.0080456548,0.0005847539,0.002970025,0,0.011127773,0.0227282067,0.0021828184,0.0000938858,0.000858977,0,0.0032036897,0.000680723,0.0000268673,0.0002717177,0,0.0010147704,0.0000345313,9.1132347E-7,0.0000146362,0,0.0000542569,16.246350252,0.6610631397,765.5625475,210.2701568,39.577321222,0.0173783277,0.0088077944,0.0049724459,0.0049003738,1.1175809921,0.1355966965,0.0062648732,0.000421717,0.0077816968,0.1732678615,0.0023678436,0.0007557968,0.0026545839,0.0002832403,0.0033061814,0.0000164975,0.001245313,0.0006257076,0.0001291082,0,0.0004266335,0.0014694748,0.0003847419,0.0001028461,0.0000723248,0,0.0002688893,0.0001250418,0.0000297378,0.000021968,0,0.000098675,7.2598869E-6,1.0078119E-6,1.8693613E-6,0,6.9132889E-6
2021,4-Autumn,MOHK,0.2832222222,2.2348888889,0.1404856154,0.0459797181,0.0439618709,0.0505440264,2.0342222222,29.689555556,0.0387850699,0.0021431088,90,0.036700974,0.0367708682,0.0443805253,0.0054746004,0.0015213491,0.0000881541,0.0251255169,0.0027479408,0.0026120344,0,0.010300891,0.0407863831,0.0036999385,0.0003757927,0.0003851096,0,0.001509583,0.0010363886,0.0001060456,0.0001069778,0,0.0004193633,0.0000497296,5.4257087E-6,5.3510304E-6,0,0.0000211604,15.411621954,0.8228916357,589.02138938,168.23046452,38.356170957,0.0083044124,0.0036999079,0.0026575722,0.0028660327,1.0761113048,0.1785620175,0.0026472231,0.0002361402,0.0067639853,0.0926209281,0.0045741389,0.0007599519,0.0046421694,0.000221869,0.0049375868,0.0000132202,0.0041378305,0.001442069,0.000127781,0,0.0003864121,0.0044000521,0.0006767104,0.0002072026,0.0000308047,0,0.0001061278,0.0001930482,0.0000593158,7.3992569E-6,0,0.0000326254,9.7372205E-6,2.9315348E-6,6.4508826E-7,0,2.3879204E-6
2022,1-Winter,MOHK,0.1119662921,0.6385955056,0.048062784,0.0193143098,0.0142503671,0.0144981071,2.4365168539,30.788539326,0.0142765428,0.0009747711,89,0.0848546104,0.084603803,0.0843406428,0.0043047727,0.0012650024,0.0000844609,0.064786644,0.0282143438,0.002626546,0,0.0109179782,0.1065455121,0.003370869,0.0011817917,0.0001613581,0,0.0007058272,0.0009822884,0.0003409603,0.0000470329,0,0.0002061478,0.0000648029,0.0000223708,3.10271E-6,0,0.0000136135,13.938243818,1.6591460674,576.0088414,148.90015677,24.923357124,0.0034082516,0.0019711714,0.0010156617,0.0009346173,1.1278718462,0.2132649741,0.0011468176,0.0001162149,0.0028659395,0.0288239392,0.011219706,0.0006479466,0.0112405466,0.0001950406,0.0114244773,0.0000153103,0.0090625087,0.0068109089,0.0001290726,0,0.0004431869,0.0111404138,0.0005037302,0.0003215716,0.0000134556,0,0.0000547984,0.0001509148,0.0000934591,3.5137202E-6,0,0.0000174835,0.000011375,6.4787802E-6,3.8393694E-7,0,1.596164E-6
2022,2-Spring,MOHK,0.1622580645,0.6384408602,0.0298152305,0.0087990747,0.0062768359,0.0147393199,2.5180645161,31.575268817,0.008743017,0.000628694,93,0.0711663485,0.0716591233,0.0721764242,0.0017227663,0.0005034395,0.0000338793,0.0299981201,0.0172981301,0.0028860752,0,0.0082053503,0.0583876756,0.0007422267,0.0003498655,0.0000657115,0,0.0001924945,0.000214845,0.000100528,0.000019211,0,0.00005624,0.0000144621,6.6440748E-6,1.3747098E-6,0,3.9873085E-6,14.34869033,2.5944881811,787.26199546,211.00549857,52.989436841,0.002527176,0.001539864,0.0005650587,0.0009333929,1.1026260498,0.2198220685,0.0008331165,0.0000921589,0.0040495896,0.0300351557,0.007179508,0.0002214827,0.0072062874,0.0000673528,0.0073954887,5.417121E-6,0.0046985514,0.0051543287,0.0001449593,0,0.000373022,0.0069910156,0.000139788,0.0001129507,6.9746802E-6,0,0.0000190089,0.0000416078,0.0000328145,1.9038097E-6,0,5.9277371E-6,3.0217755E-6,2.2004066E-6,1.9562297E-7,0,5.4733193E-7
2022,3-Summer,MOHK,0.7016666667,3.9936935484,0.2070127341,0.0448299074,0.0594098664,0.1027729603,1.6975438596,31.876842105,0.0375827112,0.0017353485,93,0.0487801205,0.0500394784,0.0383988516,0.0030813261,0.0009478698,0.0000406116,0.020585361,0.0048256559,0.002668346,0.0001109201,0.0082965852,0.0351258996,0.0010517916,0.0003024042,0.0001790353,0,0.0005485058,0.0003107123,0.000088664,0.0000540341,0,0.0001654422,0.0000198646,6.0472993E-6,2.8072721E-6,0,8.6510042E-6,16.327138162,0.7260886927,766.45681624,249.8922375,90.095719439,0.0124300668,0.0042549349,0.0042057363,0.0052361324,1.3480389415,0.1647282521,0.0027119477,0.0002051924,0.0156929026,0.1627778496,0.0062105108,0.0003967953,0.0065799812,0.0001315153,0.007701926,8.5532336E-6,0.0034786107,0.0022840152,0.0001618288,0.0000142947,0.0003545447,0.0054572231,0.0002504151,0.0001840326,0.0000170502,0,0.0000500184,0.0000755512,0.0000539035,4.5455343E-6,0,0.0000165897,5.3941948E-6,3.6438453E-6,3.8142439E-7,0,1.1743023E-6
2022,4-Autumn,MOHK,0.6322222222,4.72,0.2677835748,0.0556803558,0.0765970544,0.1355061647,2.238,29.963714286,0.0968094089,0.0060401692,90,0.0326469056,0.0348626697,0.035635735,0.0110040687,0.003323385,0.0002082645,0.0263949323,0.0040063373,0.0023346691,0.0005814284,0.0086559685,0.0259147046,0.0048064386,0,0.0007702287,0.0002399224,0.0028979375,0.0013435923,0,0.0002131737,0.0000662592,0.0008051426,0.0000877432,0,0.0000139209,4.3268874E-6,0.0000525788,16.059990402,0.8804874811,588.97858861,167.21986385,36.318883023,0.0130046711,0.0039537778,0.0040074561,0.0064611956,1.1654303975,0.2190665121,0.0062350898,0.0006710669,0.0136316725,0.1745462659,0.0036163192,0.0013678709,0.0040271296,0.0004574067,0.0058420884,0.0000399299,0.0044896274,0.0016366627,0.0001436628,0.0000445915,0.0003359595,0.0028258944,0.0010056413,0,0.0000621613,0.000025957,0.0002017057,0.0002882113,0,0.0000149273,7.5556193E-6,0.0000662693,0.0000206642,0,1.8192228E-6,6.5884106E-7,6.5066422E-6
2023,1-Winter,MOHK,0.0919662921,0.3911235955,0.0159908309,0.0018128473,0.0024073293,0.0117706543,,,,,89,,,,,,,0.0368832983,0.0081850841,,0,,,,,,,,,,,,,,,,,,13.393109934,3.0629166411,575.39778952,137.39500286,21.266471681,0.0010377891,0.0002227474,0.0001945019,0.000801148,,,,,0.0026406621,0.0182708395,,,,,,,0.0072885097,0.0031590498,,0,,,,,,,,,,,,,,,,,
2023,2-Spring,MOHK,0.1252150538,0.8039784946,0.0389354301,0.0076379574,0.0085707541,0.0227267187,,,,,93,,,,,,,0.0212943801,0.0081009784,,0,,,,,,,,,,,,,,,,,,13.851517705,2.6458596569,781.69904299,210.83039322,78.771894384,0.0029966285,0.0007559341,0.0006773189,0.0019171036,,,,,0.0031060954,0.0427905741,,,,,,,0.0030928566,0.0036037161,,0,,,,,,,,,,,,,,,,,
2023,3-Summer,MOHK,0.29,1.21,0.0597232556,0.0189451023,0.0157205338,0.0250576195,,,,,14,,,,,,,0.0451048359,0.0135155036,,0,,,,,,,,,,,,,,,,,,15.246587386,0.8543523125,,,,0.007486716,0.0033296567,0.0020537415,0.0029410492,,,,,0.0124543817,0.0996393656,,,,,,,0.0109687991,0.0074047984,,0,,,,,,,,,,,,,,,,,
